invoice_code,customer_code,employee_code,total_amount,order_created_at,shipped_at,delivered_at
HDIP000001,CUST-0244,EMP-001,2109000.0,2025-12-14 22:11:02,2025-12-15 10:11:02,2025-12-16 10:11:02
HDIP000002,CUST-0027,EMP-019,247000.0,2026-01-27 10:56:51,2026-01-27 17:56:51,2026-01-31 17:56:51
HDIP000003,CUST-0057,EMP-007,641000.0,2025-08-01 05:20:57,2025-08-01 21:20:57,2025-08-04 21:20:57
HDIP000004,CUST-0257,EMP-025,839000.0,2026-03-19 08:13:43,2026-03-20 01:13:43,2026-03-21 01:13:43
HDIP000005,CUST-0161,EMP-006,1546000.0,2026-01-19 09:12:53,2026-01-20 04:12:53,2026-01-23 04:12:53
HDIP000006,CUST-0136,EMP-020,301000.0,2026-01-28 21:43:33,2026-01-29 05:43:33,2026-01-31 05:43:33
HDIP000007,CUST-0148,EMP-023,445000.0,2025-10-13 08:48:33,2025-10-14 08:48:33,2025-10-18 08:48:33
HDIP000008,CUST-0141,EMP-010,2578000.0,2025-09-10 04:47:21,2025-09-11 00:47:21,2025-09-15 00:47:21
HDIP000009,CUST-0178,EMP-015,318000.0,2026-04-05 14:56:34,2026-04-06 00:56:34,2026-04-10 00:56:34
HDIP000010,CUST-0140,EMP-005,730000.0,2025-09-05 06:54:20,2025-09-06 03:54:20,2025-09-08 03:54:20
HDIP000011,CUST-0327,EMP-008,205000.0,2025-08-14 06:05:34,2025-08-14 11:05:34,2025-08-18 11:05:34
HDIP000012,CUST-0003,EMP-018,800000.0,2026-07-20 16:40:37,2026-07-20 23:40:37,2026-07-24 23:40:37
HDIP000013,CUST-0165,EMP-010,1136000.0,2026-04-01 17:02:42,2026-04-01 20:02:42,2026-04-02 20:02:42
HDIP000014,CUST-0214,EMP-006,3644000.0,2026-07-22 13:37:47,2026-07-22 16:37:47,2026-07-26 16:37:47
HDIP000015,CUST-0055,EMP-011,1581000.0,2025-11-12 09:08:49,2025-11-13 01:08:49,2025-11-17 01:08:49
HDIP000016,CUST-0332,EMP-009,648000.0,2026-04-29 22:39:38,2026-04-30 05:39:38,2026-05-01 05:39:38
HDIP000017,CUST-0208,EMP-014,387000.0,2026-02-09 23:36:14,2026-02-10 11:36:14,2026-02-11 11:36:14
HDIP000018,CUST-0245,EMP-011,290000.0,2026-07-23 07:21:54,2026-07-23 16:21:54,2026-07-24 16:21:54
HDIP000019,CUST-0169,EMP-010,320000.0,2026-03-08 01:46:04,2026-03-08 21:46:04,2026-03-09 21:46:04
HDIP000020,CUST-0342,EMP-004,724000.0,2026-01-21 14:38:09,2026-01-22 01:38:09,2026-01-24 01:38:09
HDIP000021,CUST-0160,EMP-023,475000.0,2025-09-08 11:14:03,2025-09-09 09:14:03,2025-09-12 09:14:03
HDIP000022,CUST-0245,EMP-005,1098000.0,2026-01-17 13:32:55,2026-01-18 10:32:55,2026-01-21 10:32:55
HDIP000023,CUST-0341,EMP-007,1037000.0,2026-05-16 17:53:11,2026-05-17 02:53:11,2026-05-18 02:53:11
HDIP000024,CUST-0259,EMP-007,633000.0,2026-03-04 06:48:24,2026-03-05 01:48:24,2026-03-07 01:48:24
HDIP000025,CUST-0349,EMP-007,230000.0,2026-04-29 07:00:00,2026-04-30 03:00:00,2026-05-04 03:00:00
HDIP000026,CUST-0233,EMP-005,974000.0,2026-02-09 04:39:24,2026-02-09 19:39:24,2026-02-13 19:39:24
HDIP000027,CUST-0131,EMP-001,472000.0,2026-05-10 12:14:30,2026-05-10 20:14:30,2026-05-11 20:14:30
HDIP000028,CUST-0031,EMP-003,640000.0,2026-07-22 12:15:33,2026-07-23 05:15:33,2026-07-24 05:15:33
HDIP000029,CUST-0331,EMP-014,1164000.0,2025-12-17 07:04:08,2025-12-17 21:04:08,2025-12-21 21:04:08
HDIP000030,CUST-0061,EMP-006,985000.0,2026-02-18 12:27:08,2026-02-19 02:27:08,2026-02-21 02:27:08
HDIP000031,CUST-0345,EMP-024,1103000.0,2026-02-21 07:26:19,2026-02-21 22:26:19,2026-02-25 22:26:19
HDIP000032,CUST-0339,EMP-014,368000.0,2026-03-20 16:20:23,2026-03-20 18:20:23,2026-03-22 18:20:23
HDIP000033,CUST-0307,EMP-022,1089000.0,2026-04-23 23:56:36,2026-04-24 02:56:36,2026-04-26 02:56:36
HDIP000034,CUST-0072,EMP-017,1443000.0,2025-11-14 04:58:15,2025-11-14 13:58:15,2025-11-17 13:58:15
HDIP000035,CUST-0339,EMP-017,598000.0,2025-10-18 17:06:28,2025-10-19 08:06:28,2025-10-22 08:06:28
HDIP000036,CUST-0090,EMP-021,891000.0,2026-04-14 11:14:59,2026-04-15 02:14:59,2026-04-19 02:14:59
HDIP000037,CUST-0196,EMP-017,271000.0,2025-11-25 15:39:38,2025-11-26 15:39:38,2025-11-30 15:39:38
HDIP000038,CUST-0243,EMP-008,1991000.0,2026-06-19 17:16:17,2026-06-20 02:16:17,2026-06-23 02:16:17
HDIP000039,CUST-0199,EMP-008,1816000.0,2025-10-31 21:34:19,2025-11-01 05:34:19,2025-11-04 05:34:19
HDIP000040,CUST-0027,EMP-009,1414000.0,2025-12-18 08:18:02,2025-12-19 07:18:02,2025-12-20 07:18:02
HDIP000041,CUST-0156,EMP-001,1071000.0,2025-10-15 03:01:54,2025-10-15 11:01:54,2025-10-16 11:01:54
HDIP000042,CUST-0204,EMP-008,415000.0,2026-02-24 06:35:32,2026-02-24 18:35:32,2026-02-27 18:35:32
HDIP000043,CUST-0134,EMP-012,544000.0,2026-02-09 00:38:12,2026-02-09 17:38:12,2026-02-13 17:38:12
HDIP000044,CUST-0105,EMP-012,824000.0,2025-11-23 09:29:05,2025-11-24 00:29:05,2025-11-25 00:29:05
HDIP000045,CUST-0297,EMP-024,306000.0,2026-01-03 00:57:00,2026-01-03 11:57:00,2026-01-05 11:57:00
HDIP000046,CUST-0256,EMP-018,300000.0,2026-04-05 02:13:43,2026-04-06 01:13:43,2026-04-09 01:13:43
HDIP000047,CUST-0329,EMP-024,736000.0,2026-01-31 09:31:21,2026-02-01 01:31:21,2026-02-03 01:31:21
HDIP000048,CUST-0329,EMP-002,1686000.0,2026-02-13 08:21:22,2026-02-13 11:21:22,2026-02-14 11:21:22
HDIP000049,CUST-0031,EMP-020,634000.0,2026-03-29 12:54:05,2026-03-30 11:54:05,2026-04-03 11:54:05
HDIP000050,CUST-0141,EMP-018,2181000.0,2025-11-13 04:58:16,2025-11-13 06:58:16,2025-11-17 06:58:16
HDIP000051,CUST-0182,EMP-009,425000.0,2026-05-29 14:11:02,2026-05-30 04:11:02,2026-05-31 04:11:02
HDIP000052,CUST-0116,EMP-010,215000.0,2026-04-16 12:34:13,2026-04-16 16:34:13,2026-04-17 16:34:13
HDIP000053,CUST-0029,EMP-021,341000.0,2025-07-28 12:55:20,2025-07-29 12:55:20,2025-07-31 12:55:20
HDIP000054,CUST-0290,EMP-004,486000.0,2026-07-07 08:53:55,2026-07-08 02:53:55,2026-07-09 02:53:55
HDIP000055,CUST-0244,EMP-009,539000.0,2025-08-11 22:49:45,2025-08-12 02:49:45,2025-08-15 02:49:45
HDIP000056,CUST-0204,EMP-003,515000.0,2025-11-18 02:18:11,2025-11-18 09:18:11,2025-11-20 09:18:11
HDIP000057,CUST-0072,EMP-023,275000.0,2026-05-02 02:32:02,2026-05-02 06:32:02,2026-05-05 06:32:02
HDIP000058,CUST-0175,EMP-020,1762000.0,2026-05-19 12:29:32,2026-05-20 09:29:32,2026-05-24 09:29:32
HDIP000059,CUST-0300,EMP-022,1233000.0,2025-12-19 11:22:29,2025-12-19 15:22:29,2025-12-22 15:22:29
HDIP000060,CUST-0163,EMP-012,1877000.0,2025-09-04 05:58:00,2025-09-04 09:58:00,2025-09-05 09:58:00
HDIP000061,CUST-0046,EMP-012,1956000.0,2026-02-25 02:32:35,2026-02-25 06:32:35,2026-02-28 06:32:35
HDIP000062,CUST-0293,EMP-017,527000.0,2025-09-28 17:28:03,2025-09-29 16:28:03,2025-10-03 16:28:03
HDIP000063,CUST-0075,EMP-003,326000.0,2025-09-27 19:19:34,2025-09-28 10:19:34,2025-10-01 10:19:34
HDIP000064,CUST-0129,EMP-008,408000.0,2026-04-30 20:06:36,2026-05-01 18:06:36,2026-05-05 18:06:36
HDIP000065,CUST-0171,EMP-020,685000.0,2025-12-19 09:40:16,2025-12-19 21:40:16,2025-12-23 21:40:16
HDIP000066,CUST-0305,EMP-005,2424000.0,2025-11-18 13:06:00,2025-11-19 01:06:00,2025-11-21 01:06:00
HDIP000067,CUST-0252,EMP-019,403000.0,2026-05-24 13:22:10,2026-05-24 22:22:10,2026-05-27 22:22:10
HDIP000068,CUST-0059,EMP-019,2576000.0,2025-10-10 11:06:42,2025-10-11 07:06:42,2025-10-13 07:06:42
HDIP000069,CUST-0225,EMP-010,1682000.0,2026-06-12 16:56:53,2026-06-13 16:56:53,2026-06-14 16:56:53
HDIP000070,CUST-0217,EMP-013,1132000.0,2025-08-22 14:14:43,2025-08-23 06:14:43,2025-08-27 06:14:43
HDIP000071,CUST-0185,EMP-023,278000.0,2026-07-07 15:31:09,2026-07-08 10:31:09,2026-07-09 10:31:09
HDIP000072,CUST-0086,EMP-021,1940000.0,2026-03-19 19:24:44,2026-03-19 22:24:44,2026-03-23 22:24:44
HDIP000073,CUST-0229,EMP-012,419000.0,2025-12-23 18:28:29,2025-12-24 10:28:29,2025-12-26 10:28:29
HDIP000074,CUST-0213,EMP-003,159000.0,2025-09-07 22:41:05,2025-09-08 04:41:05,2025-09-11 04:41:05
HDIP000075,CUST-0248,EMP-012,1172000.0,2026-01-25 18:59:48,2026-01-25 23:59:48,2026-01-29 23:59:48
HDIP000076,CUST-0012,EMP-011,1981000.0,2026-04-02 12:21:27,2026-04-02 17:21:27,2026-04-04 17:21:27
HDIP000077,CUST-0328,EMP-022,788000.0,2026-01-08 16:37:31,2026-01-09 06:37:31,2026-01-10 06:37:31
HDIP000078,CUST-0110,EMP-007,1005000.0,2025-11-09 23:12:07,2025-11-10 23:12:07,2025-11-11 23:12:07
HDIP000079,CUST-0059,EMP-009,559000.0,2026-04-11 08:13:50,2026-04-12 01:13:50,2026-04-15 01:13:50
HDIP000080,CUST-0317,EMP-006,1927000.0,2026-06-05 21:25:49,2026-06-06 20:25:49,2026-06-09 20:25:49
HDIP000081,CUST-0306,EMP-005,325000.0,2026-03-05 02:25:15,2026-03-05 16:25:15,2026-03-09 16:25:15
HDIP000082,CUST-0089,EMP-018,668000.0,2025-09-27 16:08:22,2025-09-28 09:08:22,2025-10-01 09:08:22
HDIP000083,CUST-0028,EMP-012,661000.0,2025-07-28 14:09:51,2025-07-29 07:09:51,2025-07-31 07:09:51
HDIP000084,CUST-0335,EMP-016,400000.0,2025-12-30 18:14:55,2025-12-31 17:14:55,2026-01-04 17:14:55
HDIP000085,CUST-0043,EMP-019,475000.0,2025-08-05 20:28:58,2025-08-06 05:28:58,2025-08-09 05:28:58
HDIP000086,CUST-0235,EMP-019,784000.0,2026-05-09 05:36:43,2026-05-09 22:36:43,2026-05-10 22:36:43
HDIP000087,CUST-0226,EMP-018,1063000.0,2025-10-17 17:47:55,2025-10-18 08:47:55,2025-10-19 08:47:55
HDIP000088,CUST-0045,EMP-015,388000.0,2026-06-25 21:55:55,2026-06-26 02:55:55,2026-06-28 02:55:55
HDIP000089,CUST-0313,EMP-021,1313000.0,2026-01-07 03:38:47,2026-01-07 10:38:47,2026-01-09 10:38:47
HDIP000090,CUST-0150,EMP-010,438000.0,2026-03-04 07:07:22,2026-03-04 17:07:22,2026-03-05 17:07:22
HDIP000091,CUST-0142,EMP-021,708000.0,2025-09-12 03:31:25,2025-09-13 03:31:25,2025-09-15 03:31:25
HDIP000092,CUST-0347,EMP-013,592000.0,2026-01-30 22:55:34,2026-01-31 04:55:34,2026-02-03 04:55:34
HDIP000093,CUST-0143,EMP-023,1652000.0,2026-07-23 12:07:31,2026-07-24 01:07:31,2026-07-28 01:07:31
HDIP000094,CUST-0274,EMP-013,642000.0,2025-10-17 11:09:44,2025-10-18 02:09:44,2025-10-20 02:09:44
HDIP000095,CUST-0249,EMP-011,399000.0,2026-07-07 02:57:56,2026-07-08 01:57:56,2026-07-09 01:57:56
HDIP000096,CUST-0009,EMP-004,1896000.0,2026-07-20 19:46:57,2026-07-21 02:46:57,2026-07-25 02:46:57
HDIP000097,CUST-0082,EMP-009,412000.0,2025-08-30 02:49:55,2025-08-31 00:49:55,2025-09-03 00:49:55
HDIP000098,CUST-0085,EMP-002,744000.0,2025-12-25 19:00:41,2025-12-26 17:00:41,2025-12-29 17:00:41
HDIP000099,CUST-0110,EMP-016,1426000.0,2025-08-24 03:16:54,2025-08-24 09:16:54,2025-08-26 09:16:54
HDIP000100,CUST-0068,EMP-016,605000.0,2025-08-21 09:00:28,2025-08-21 18:00:28,2025-08-25 18:00:28
HDIP000101,CUST-0189,EMP-010,1018000.0,2025-09-16 02:58:40,2025-09-16 16:58:40,2025-09-18 16:58:40
HDIP000102,CUST-0085,EMP-015,1853000.0,2025-12-08 06:08:49,2025-12-08 14:08:49,2025-12-10 14:08:49
HDIP000103,CUST-0162,EMP-005,376000.0,2025-10-29 02:22:36,2025-10-29 12:22:36,2025-10-30 12:22:36
HDIP000104,CUST-0146,EMP-025,353000.0,2026-04-19 00:32:37,2026-04-19 02:32:37,2026-04-22 02:32:37
HDIP000105,CUST-0201,EMP-010,553000.0,2026-04-01 19:34:44,2026-04-01 22:34:44,2026-04-03 22:34:44
HDIP000106,CUST-0185,EMP-011,260000.0,2025-09-14 03:00:35,2025-09-14 17:00:35,2025-09-18 17:00:35
HDIP000107,CUST-0038,EMP-001,790000.0,2026-03-09 23:27:53,2026-03-10 03:27:53,2026-03-11 03:27:53
HDIP000108,CUST-0260,EMP-010,383000.0,2026-03-25 23:32:37,2026-03-26 23:32:37,2026-03-30 23:32:37
HDIP000109,CUST-0276,EMP-020,460000.0,2025-09-22 03:55:30,2025-09-22 13:55:30,2025-09-23 13:55:30
HDIP000110,CUST-0275,EMP-011,275000.0,2025-12-23 14:43:18,2025-12-24 10:43:18,2025-12-25 10:43:18
HDIP000111,CUST-0030,EMP-008,785000.0,2025-08-27 08:24:06,2025-08-27 23:24:06,2025-08-28 23:24:06
HDIP000112,CUST-0062,EMP-001,445000.0,2026-04-25 18:57:07,2026-04-26 00:57:07,2026-04-27 00:57:07
HDIP000113,CUST-0133,EMP-006,1152000.0,2025-12-16 06:54:52,2025-12-16 12:54:52,2025-12-19 12:54:52
HDIP000114,CUST-0269,EMP-003,527000.0,2025-11-03 23:42:31,2025-11-04 23:42:31,2025-11-05 23:42:31
HDIP000115,CUST-0131,EMP-025,230000.0,2025-09-02 19:59:00,2025-09-03 15:59:00,2025-09-04 15:59:00
HDIP000116,CUST-0126,EMP-002,1868000.0,2026-01-24 02:00:17,2026-01-24 15:00:17,2026-01-28 15:00:17
HDIP000117,CUST-0164,EMP-009,1462000.0,2026-06-10 15:41:25,2026-06-10 19:41:25,2026-06-13 19:41:25
HDIP000118,CUST-0115,EMP-017,1576000.0,2025-08-11 16:55:32,2025-08-12 06:55:32,2025-08-13 06:55:32
HDIP000119,CUST-0150,EMP-019,1519000.0,2026-05-25 12:58:39,2026-05-25 23:58:39,2026-05-27 23:58:39
HDIP000120,CUST-0126,EMP-005,445000.0,2025-07-27 08:17:11,2025-07-27 23:17:11,2025-07-28 23:17:11
HDIP000121,CUST-0005,EMP-011,2625000.0,2025-07-25 10:28:02,2025-07-26 09:28:02,2025-07-30 09:28:02
HDIP000122,CUST-0144,EMP-003,1614000.0,2025-08-10 22:01:13,2025-08-11 07:01:13,2025-08-15 07:01:13
HDIP000123,CUST-0069,EMP-021,707000.0,2026-06-08 07:26:54,2026-06-08 21:26:54,2026-06-09 21:26:54
HDIP000124,CUST-0162,EMP-013,828000.0,2026-04-23 00:04:34,2026-04-23 12:04:34,2026-04-26 12:04:34
HDIP000125,CUST-0056,EMP-005,884000.0,2025-09-03 21:38:30,2025-09-04 04:38:30,2025-09-08 04:38:30
HDIP000126,CUST-0136,EMP-004,1244000.0,2025-08-28 23:37:26,2025-08-29 06:37:26,2025-09-01 06:37:26
HDIP000127,CUST-0203,EMP-017,713000.0,2025-08-12 21:05:35,2025-08-13 20:05:35,2025-08-16 20:05:35
HDIP000128,CUST-0232,EMP-018,1430000.0,2026-05-11 09:26:12,2026-05-12 04:26:12,2026-05-14 04:26:12
HDIP000129,CUST-0063,EMP-001,361000.0,2025-08-17 19:38:19,2025-08-18 04:38:19,2025-08-20 04:38:19
HDIP000130,CUST-0331,EMP-003,1726000.0,2026-03-08 00:29:29,2026-03-08 20:29:29,2026-03-11 20:29:29
HDIP000131,CUST-0026,EMP-006,1544000.0,2026-07-18 18:22:20,2026-07-19 14:22:20,2026-07-23 14:22:20
HDIP000132,CUST-0144,EMP-015,600000.0,2026-07-02 22:56:48,2026-07-03 04:56:48,2026-07-04 04:56:48
HDIP000133,CUST-0246,EMP-002,216000.0,2025-08-27 22:27:51,2025-08-28 08:27:51,2025-09-01 08:27:51
HDIP000134,CUST-0128,EMP-021,3641000.0,2026-06-01 09:35:19,2026-06-02 04:35:19,2026-06-03 04:35:19
HDIP000135,CUST-0144,EMP-002,788000.0,2026-06-03 22:02:26,2026-06-04 15:02:26,2026-06-07 15:02:26
HDIP000136,CUST-0295,EMP-013,631000.0,2025-12-09 15:51:32,2025-12-09 22:51:32,2025-12-11 22:51:32
HDIP000137,CUST-0184,EMP-019,1837000.0,2025-08-04 19:44:40,2025-08-05 19:44:40,2025-08-08 19:44:40
HDIP000138,CUST-0113,EMP-001,368000.0,2026-02-14 07:41:45,2026-02-15 00:41:45,2026-02-16 00:41:45
HDIP000139,CUST-0175,EMP-023,352000.0,2025-10-01 18:53:10,2025-10-02 06:53:10,2025-10-03 06:53:10
HDIP000140,CUST-0057,EMP-017,210000.0,2026-06-24 02:51:40,2026-06-24 15:51:40,2026-06-25 15:51:40
HDIP000141,CUST-0173,EMP-010,715000.0,2025-11-27 03:43:12,2025-11-27 09:43:12,2025-11-29 09:43:12
HDIP000142,CUST-0288,EMP-023,669000.0,2026-07-05 08:30:54,2026-07-06 05:30:54,2026-07-09 05:30:54
HDIP000143,CUST-0158,EMP-024,805000.0,2026-04-18 06:06:39,2026-04-18 17:06:39,2026-04-20 17:06:39
HDIP000144,CUST-0201,EMP-025,1907000.0,2026-03-02 06:09:46,2026-03-02 09:09:46,2026-03-04 09:09:46
HDIP000145,CUST-0255,EMP-005,371000.0,2025-11-30 11:33:13,2025-11-30 15:33:13,2025-12-02 15:33:13
HDIP000146,CUST-0344,EMP-021,339000.0,2026-05-04 02:16:40,2026-05-04 14:16:40,2026-05-08 14:16:40
HDIP000147,CUST-0180,EMP-009,664000.0,2026-05-26 12:23:54,2026-05-26 17:23:54,2026-05-27 17:23:54
HDIP000148,CUST-0212,EMP-016,500000.0,2026-07-02 07:32:18,2026-07-02 21:32:18,2026-07-05 21:32:18
HDIP000149,CUST-0116,EMP-006,371000.0,2026-01-16 03:08:38,2026-01-16 07:08:38,2026-01-17 07:08:38
HDIP000150,CUST-0038,EMP-011,2034000.0,2025-09-28 22:20:08,2025-09-29 12:20:08,2025-10-01 12:20:08
HDIP000151,CUST-0248,EMP-023,387000.0,2025-08-05 21:43:04,2025-08-06 12:43:04,2025-08-08 12:43:04
HDIP000152,CUST-0210,EMP-023,562000.0,2026-02-25 01:32:32,2026-02-25 20:32:32,2026-02-28 20:32:32
HDIP000153,CUST-0079,EMP-002,318000.0,2025-12-12 00:00:34,2025-12-12 02:00:34,2025-12-16 02:00:34
HDIP000154,CUST-0246,EMP-007,650000.0,2025-08-31 12:49:25,2025-08-31 14:49:25,2025-09-02 14:49:25
HDIP000155,CUST-0060,EMP-010,574000.0,2026-05-25 16:25:12,2026-05-26 06:25:12,2026-05-30 06:25:12
HDIP000156,CUST-0196,EMP-012,655000.0,2025-10-05 07:55:09,2025-10-05 23:55:09,2025-10-06 23:55:09
HDIP000157,CUST-0289,EMP-002,996000.0,2025-09-21 13:28:48,2025-09-22 13:28:48,2025-09-23 13:28:48
HDIP000158,CUST-0302,EMP-008,1352000.0,2026-02-24 20:47:02,2026-02-24 23:47:02,2026-02-28 23:47:02
HDIP000159,CUST-0203,EMP-023,438000.0,2025-08-07 08:31:59,2025-08-08 02:31:59,2025-08-10 02:31:59
HDIP000160,CUST-0109,EMP-007,233000.0,2025-09-11 20:58:44,2025-09-11 23:58:44,2025-09-15 23:58:44
HDIP000161,CUST-0076,EMP-020,352000.0,2025-11-02 00:30:55,2025-11-02 12:30:55,2025-11-03 12:30:55
HDIP000162,CUST-0142,EMP-017,171000.0,2026-01-18 19:10:28,2026-01-18 21:10:28,2026-01-22 21:10:28
HDIP000163,CUST-0299,EMP-025,1786000.0,2026-07-24 19:00:46,2026-07-25 00:00:46,2026-07-26 00:00:46
HDIP000164,CUST-0136,EMP-013,266000.0,2026-04-05 03:54:13,2026-04-05 20:54:13,2026-04-09 20:54:13
HDIP000165,CUST-0312,EMP-022,595000.0,2026-04-20 06:13:54,2026-04-20 20:13:54,2026-04-21 20:13:54
HDIP000166,CUST-0026,EMP-024,403000.0,2026-01-25 10:11:41,2026-01-25 20:11:41,2026-01-28 20:11:41
HDIP000167,CUST-0144,EMP-016,2743000.0,2026-06-23 04:10:05,2026-06-24 04:10:05,2026-06-25 04:10:05
HDIP000168,CUST-0249,EMP-025,350000.0,2026-02-10 10:58:56,2026-02-10 23:58:56,2026-02-11 23:58:56
HDIP000169,CUST-0292,EMP-001,579000.0,2025-09-30 08:11:23,2025-09-30 16:11:23,2025-10-02 16:11:23
HDIP000170,CUST-0259,EMP-013,472000.0,2026-03-28 15:17:20,2026-03-28 20:17:20,2026-03-29 20:17:20
HDIP000171,CUST-0243,EMP-019,193000.0,2026-02-23 23:38:34,2026-02-24 12:38:34,2026-02-27 12:38:34
HDIP000172,CUST-0047,EMP-010,487000.0,2025-08-04 12:41:50,2025-08-05 02:41:50,2025-08-06 02:41:50
HDIP000173,CUST-0114,EMP-021,574000.0,2025-10-20 07:02:11,2025-10-21 06:02:11,2025-10-23 06:02:11
HDIP000174,CUST-0005,EMP-016,805000.0,2026-07-13 20:46:47,2026-07-14 02:46:47,2026-07-16 02:46:47
HDIP000175,CUST-0330,EMP-009,1726000.0,2026-01-05 11:00:21,2026-01-06 01:00:21,2026-01-09 01:00:21
HDIP000176,CUST-0300,EMP-004,770000.0,2025-07-27 17:19:28,2025-07-28 11:19:28,2025-07-31 11:19:28
HDIP000177,CUST-0173,EMP-009,1805000.0,2026-03-30 15:36:57,2026-03-31 03:36:57,2026-04-03 03:36:57
HDIP000178,CUST-0153,EMP-007,2371000.0,2025-09-21 02:16:57,2025-09-21 20:16:57,2025-09-23 20:16:57
HDIP000179,CUST-0336,EMP-016,330000.0,2025-11-16 16:04:30,2025-11-17 02:04:30,2025-11-21 02:04:30
HDIP000180,CUST-0293,EMP-007,1082000.0,2025-12-05 03:23:20,2025-12-06 03:23:20,2025-12-08 03:23:20
HDIP000181,CUST-0088,EMP-022,205000.0,2026-06-30 06:21:49,2026-07-01 01:21:49,2026-07-03 01:21:49
HDIP000182,CUST-0287,EMP-025,1041000.0,2026-07-14 07:07:10,2026-07-14 14:07:10,2026-07-17 14:07:10
HDIP000183,CUST-0191,EMP-009,2058000.0,2026-03-09 06:45:17,2026-03-09 17:45:17,2026-03-13 17:45:17
HDIP000184,CUST-0257,EMP-004,1981000.0,2026-06-26 18:30:19,2026-06-27 17:30:19,2026-07-01 17:30:19
HDIP000185,CUST-0176,EMP-014,708000.0,2026-03-03 00:03:58,2026-03-03 16:03:58,2026-03-05 16:03:58
HDIP000186,CUST-0250,EMP-011,877000.0,2026-03-26 22:29:31,2026-03-27 05:29:31,2026-03-30 05:29:31
HDIP000187,CUST-0251,EMP-025,835000.0,2026-05-23 16:39:35,2026-05-23 20:39:35,2026-05-25 20:39:35
HDIP000188,CUST-0274,EMP-007,946000.0,2026-05-04 15:04:35,2026-05-05 04:04:35,2026-05-06 04:04:35
HDIP000189,CUST-0177,EMP-010,424000.0,2025-09-12 22:33:44,2025-09-13 03:33:44,2025-09-17 03:33:44
HDIP000190,CUST-0234,EMP-024,822000.0,2026-02-11 22:16:47,2026-02-12 19:16:47,2026-02-15 19:16:47
HDIP000191,CUST-0251,EMP-012,2811000.0,2026-05-12 04:25:27,2026-05-12 12:25:27,2026-05-14 12:25:27
HDIP000192,CUST-0188,EMP-023,1576000.0,2026-04-03 12:18:57,2026-04-03 15:18:57,2026-04-07 15:18:57
HDIP000193,CUST-0025,EMP-023,518000.0,2025-09-07 20:04:46,2025-09-08 11:04:46,2025-09-12 11:04:46
HDIP000194,CUST-0079,EMP-007,189000.0,2026-04-20 20:29:58,2026-04-21 19:29:58,2026-04-22 19:29:58
HDIP000195,CUST-0139,EMP-020,230000.0,2026-03-17 01:45:41,2026-03-18 01:45:41,2026-03-20 01:45:41
HDIP000196,CUST-0317,EMP-004,1093000.0,2025-11-11 15:51:30,2025-11-11 20:51:30,2025-11-12 20:51:30
HDIP000197,CUST-0210,EMP-010,1969000.0,2025-09-25 03:37:50,2025-09-25 06:37:50,2025-09-29 06:37:50
HDIP000198,CUST-0262,EMP-003,405000.0,2026-05-01 20:56:31,2026-05-02 01:56:31,2026-05-05 01:56:31
HDIP000199,CUST-0021,EMP-010,292000.0,2025-12-11 18:17:03,2025-12-12 17:17:03,2025-12-15 17:17:03
HDIP000200,CUST-0005,EMP-005,204000.0,2026-04-08 11:45:26,2026-04-09 09:45:26,2026-04-11 09:45:26
HDIP000201,CUST-0138,EMP-024,404000.0,2025-08-29 23:12:33,2025-08-30 12:12:33,2025-09-02 12:12:33
HDIP000202,CUST-0140,EMP-013,833000.0,2026-04-18 19:11:49,2026-04-19 12:11:49,2026-04-23 12:11:49
HDIP000203,CUST-0054,EMP-014,2575000.0,2026-07-13 18:05:21,2026-07-14 14:05:21,2026-07-18 14:05:21
HDIP000204,CUST-0067,EMP-016,1253000.0,2026-07-17 07:34:16,2026-07-18 00:34:16,2026-07-19 00:34:16
HDIP000205,CUST-0296,EMP-024,772000.0,2026-03-01 07:08:09,2026-03-01 16:08:09,2026-03-04 16:08:09
HDIP000206,CUST-0247,EMP-012,318000.0,2026-04-08 15:04:18,2026-04-09 14:04:18,2026-04-13 14:04:18
HDIP000207,CUST-0028,EMP-001,831000.0,2026-03-31 17:45:03,2026-04-01 00:45:03,2026-04-05 00:45:03
HDIP000208,CUST-0282,EMP-021,1262000.0,2025-12-18 21:59:54,2025-12-19 11:59:54,2025-12-21 11:59:54
HDIP000209,CUST-0046,EMP-016,2214000.0,2026-01-14 11:49:01,2026-01-14 23:49:01,2026-01-15 23:49:01
HDIP000210,CUST-0344,EMP-015,960000.0,2025-12-04 05:49:54,2025-12-04 18:49:54,2025-12-05 18:49:54
HDIP000211,CUST-0232,EMP-004,1132000.0,2025-08-31 17:01:08,2025-09-01 16:01:08,2025-09-03 16:01:08
HDIP000212,CUST-0281,EMP-017,214000.0,2025-12-17 01:45:03,2025-12-18 01:45:03,2025-12-19 01:45:03
HDIP000213,CUST-0210,EMP-004,1020000.0,2025-10-31 14:59:18,2025-11-01 11:59:18,2025-11-03 11:59:18
HDIP000214,CUST-0235,EMP-007,1751000.0,2026-04-29 05:47:16,2026-04-29 17:47:16,2026-04-30 17:47:16
HDIP000215,CUST-0259,EMP-005,647000.0,2026-02-03 14:15:36,2026-02-03 16:15:36,2026-02-04 16:15:36
HDIP000216,CUST-0297,EMP-006,418000.0,2026-05-04 13:32:38,2026-05-04 19:32:38,2026-05-05 19:32:38
HDIP000217,CUST-0259,EMP-013,1263000.0,2026-01-03 11:04:42,2026-01-04 08:04:42,2026-01-06 08:04:42
HDIP000218,CUST-0069,EMP-005,1475000.0,2026-01-01 03:54:24,2026-01-02 00:54:24,2026-01-05 00:54:24
HDIP000219,CUST-0149,EMP-022,2541000.0,2025-12-05 23:12:34,2025-12-06 22:12:34,2025-12-08 22:12:34
HDIP000220,CUST-0274,EMP-010,582000.0,2026-06-30 15:31:15,2026-07-01 06:31:15,2026-07-02 06:31:15
HDIP000221,CUST-0083,EMP-010,1195000.0,2026-04-16 06:29:59,2026-04-16 16:29:59,2026-04-18 16:29:59
HDIP000222,CUST-0288,EMP-008,643000.0,2026-05-09 04:37:42,2026-05-10 02:37:42,2026-05-14 02:37:42
HDIP000223,CUST-0148,EMP-023,2271000.0,2026-04-08 22:22:09,2026-04-09 01:22:09,2026-04-13 01:22:09
HDIP000224,CUST-0283,EMP-002,1497000.0,2025-07-29 21:41:06,2025-07-30 07:41:06,2025-08-01 07:41:06
HDIP000225,CUST-0332,EMP-012,1030000.0,2026-05-14 02:57:15,2026-05-14 22:57:15,2026-05-16 22:57:15
HDIP000226,CUST-0194,EMP-002,1006000.0,2026-01-07 06:49:21,2026-01-07 16:49:21,2026-01-10 16:49:21
HDIP000227,CUST-0170,EMP-015,455000.0,2026-04-26 11:37:26,2026-04-26 17:37:26,2026-04-27 17:37:26
HDIP000228,CUST-0316,EMP-022,657000.0,2025-11-18 19:48:23,2025-11-19 12:48:23,2025-11-22 12:48:23
HDIP000229,CUST-0095,EMP-017,415000.0,2025-08-20 08:17:27,2025-08-21 02:17:27,2025-08-23 02:17:27
HDIP000230,CUST-0114,EMP-007,1447000.0,2026-04-08 11:33:56,2026-04-08 23:33:56,2026-04-11 23:33:56
HDIP000231,CUST-0272,EMP-016,445000.0,2026-02-27 20:51:31,2026-02-28 18:51:31,2026-03-01 18:51:31
HDIP000232,CUST-0315,EMP-020,863000.0,2025-10-27 13:28:26,2025-10-27 16:28:26,2025-10-30 16:28:26
HDIP000233,CUST-0132,EMP-018,2227000.0,2026-05-02 00:46:55,2026-05-02 11:46:55,2026-05-03 11:46:55
HDIP000234,CUST-0050,EMP-006,1033000.0,2026-05-21 04:41:28,2026-05-21 23:41:28,2026-05-22 23:41:28
HDIP000235,CUST-0054,EMP-007,645000.0,2026-02-18 17:04:22,2026-02-19 17:04:22,2026-02-23 17:04:22
HDIP000236,CUST-0020,EMP-003,1395000.0,2025-08-22 07:33:41,2025-08-22 10:33:41,2025-08-24 10:33:41
HDIP000237,CUST-0162,EMP-001,703000.0,2025-12-23 03:15:38,2025-12-24 02:15:38,2025-12-25 02:15:38
HDIP000238,CUST-0038,EMP-012,274000.0,2026-07-20 06:52:20,2026-07-21 00:52:20,2026-07-22 00:52:20
HDIP000239,CUST-0145,EMP-025,210000.0,2026-07-19 18:13:31,2026-07-20 10:13:31,2026-07-24 10:13:31
HDIP000240,CUST-0274,EMP-008,2293000.0,2025-09-15 20:00:27,2025-09-16 10:00:27,2025-09-19 10:00:27
HDIP000241,CUST-0003,EMP-019,344000.0,2026-03-13 14:04:00,2026-03-14 04:04:00,2026-03-15 04:04:00
HDIP000242,CUST-0177,EMP-007,475000.0,2026-01-01 03:03:32,2026-01-02 01:03:32,2026-01-04 01:03:32
HDIP000243,CUST-0100,EMP-004,1775000.0,2025-10-03 07:13:09,2025-10-04 06:13:09,2025-10-05 06:13:09
HDIP000244,CUST-0298,EMP-016,1064000.0,2025-11-30 08:35:40,2025-11-30 21:35:40,2025-12-02 21:35:40
HDIP000245,CUST-0249,EMP-015,838000.0,2025-11-29 09:14:51,2025-11-30 06:14:51,2025-12-03 06:14:51
HDIP000246,CUST-0003,EMP-011,272000.0,2025-10-28 11:21:31,2025-10-28 20:21:31,2025-11-01 20:21:31
HDIP000247,CUST-0170,EMP-016,2465000.0,2026-01-20 14:53:59,2026-01-21 06:53:59,2026-01-24 06:53:59
HDIP000248,CUST-0276,EMP-007,606000.0,2025-11-04 02:21:54,2025-11-05 00:21:54,2025-11-06 00:21:54
HDIP000249,CUST-0297,EMP-013,3250000.0,2026-05-19 14:18:22,2026-05-20 10:18:22,2026-05-22 10:18:22
HDIP000250,CUST-0149,EMP-005,426000.0,2026-01-21 08:10:07,2026-01-22 02:10:07,2026-01-23 02:10:07
HDIP000251,CUST-0315,EMP-022,676000.0,2025-09-27 06:36:51,2025-09-28 00:36:51,2025-09-30 00:36:51
HDIP000252,CUST-0338,EMP-005,393000.0,2026-05-06 16:06:36,2026-05-07 09:06:36,2026-05-10 09:06:36
HDIP000253,CUST-0136,EMP-012,1071000.0,2025-10-23 18:03:08,2025-10-23 21:03:08,2025-10-25 21:03:08
HDIP000254,CUST-0333,EMP-011,1587000.0,2025-09-02 22:58:01,2025-09-03 22:58:01,2025-09-06 22:58:01
HDIP000255,CUST-0265,EMP-009,322000.0,2025-12-18 00:28:43,2025-12-18 09:28:43,2025-12-22 09:28:43
HDIP000256,CUST-0310,EMP-001,240000.0,2026-02-04 18:17:59,2026-02-05 00:17:59,2026-02-09 00:17:59
HDIP000257,CUST-0109,EMP-005,757000.0,2025-10-05 10:55:38,2025-10-05 17:55:38,2025-10-08 17:55:38
HDIP000258,CUST-0059,EMP-016,106000.0,2026-04-13 02:26:04,2026-04-13 19:26:04,2026-04-17 19:26:04
HDIP000259,CUST-0012,EMP-008,207000.0,2025-08-10 14:58:28,2025-08-10 20:58:28,2025-08-12 20:58:28
HDIP000260,CUST-0076,EMP-002,1439000.0,2025-09-27 11:15:15,2025-09-27 21:15:15,2025-09-29 21:15:15
HDIP000261,CUST-0339,EMP-010,815000.0,2025-08-27 04:04:27,2025-08-27 12:04:27,2025-08-31 12:04:27
HDIP000262,CUST-0074,EMP-019,260000.0,2026-06-08 12:01:05,2026-06-08 19:01:05,2026-06-11 19:01:05
HDIP000263,CUST-0306,EMP-019,643000.0,2025-08-20 14:30:09,2025-08-20 23:30:09,2025-08-24 23:30:09
HDIP000264,CUST-0259,EMP-022,270000.0,2026-01-03 21:36:48,2026-01-04 03:36:48,2026-01-05 03:36:48
HDIP000265,CUST-0273,EMP-017,544000.0,2026-05-13 01:33:34,2026-05-13 06:33:34,2026-05-14 06:33:34
HDIP000266,CUST-0333,EMP-014,1323000.0,2026-02-12 14:38:42,2026-02-13 05:38:42,2026-02-16 05:38:42
HDIP000267,CUST-0295,EMP-004,969000.0,2026-01-06 02:41:20,2026-01-06 08:41:20,2026-01-09 08:41:20
HDIP000268,CUST-0210,EMP-009,795000.0,2025-10-06 06:38:37,2025-10-06 08:38:37,2025-10-07 08:38:37
HDIP000269,CUST-0210,EMP-012,881000.0,2025-09-04 06:16:04,2025-09-04 12:16:04,2025-09-08 12:16:04
HDIP000270,CUST-0142,EMP-022,643000.0,2025-12-26 05:22:53,2025-12-26 13:22:53,2025-12-30 13:22:53
HDIP000271,CUST-0158,EMP-019,1057000.0,2025-12-05 14:28:25,2025-12-06 14:28:25,2025-12-10 14:28:25
HDIP000272,CUST-0083,EMP-004,2265000.0,2025-10-16 03:44:06,2025-10-16 21:44:06,2025-10-20 21:44:06
HDIP000273,CUST-0047,EMP-005,385000.0,2026-01-24 01:06:38,2026-01-24 22:06:38,2026-01-28 22:06:38
HDIP000274,CUST-0312,EMP-002,679000.0,2026-05-02 05:37:13,2026-05-02 19:37:13,2026-05-06 19:37:13
HDIP000275,CUST-0328,EMP-016,1733000.0,2026-01-11 08:21:22,2026-01-11 10:21:22,2026-01-13 10:21:22
HDIP000276,CUST-0315,EMP-006,1341000.0,2026-04-12 15:12:10,2026-04-12 18:12:10,2026-04-15 18:12:10
HDIP000277,CUST-0142,EMP-025,204000.0,2025-12-26 23:49:55,2025-12-27 12:49:55,2025-12-31 12:49:55
HDIP000278,CUST-0036,EMP-003,363000.0,2026-02-23 07:24:54,2026-02-23 18:24:54,2026-02-26 18:24:54
HDIP000279,CUST-0100,EMP-015,607000.0,2026-07-20 22:24:04,2026-07-21 12:24:04,2026-07-22 12:24:04
HDIP000280,CUST-0038,EMP-017,2192000.0,2025-11-16 03:27:57,2025-11-16 15:27:57,2025-11-17 15:27:57
HDIP000281,CUST-0248,EMP-025,783000.0,2025-10-27 08:18:40,2025-10-27 20:18:40,2025-10-31 20:18:40
HDIP000282,CUST-0196,EMP-021,2284000.0,2026-05-27 03:38:49,2026-05-27 12:38:49,2026-05-29 12:38:49
HDIP000283,CUST-0345,EMP-024,1161000.0,2026-06-08 17:48:39,2026-06-09 05:48:39,2026-06-10 05:48:39
HDIP000284,CUST-0094,EMP-024,678000.0,2026-04-16 03:51:42,2026-04-16 11:51:42,2026-04-20 11:51:42
HDIP000285,CUST-0128,EMP-020,319000.0,2025-12-10 03:15:21,2025-12-10 09:15:21,2025-12-11 09:15:21
HDIP000286,CUST-0253,EMP-020,1717000.0,2025-07-27 10:34:38,2025-07-28 05:34:38,2025-07-29 05:34:38
HDIP000287,CUST-0144,EMP-013,615000.0,2025-10-19 02:53:42,2025-10-19 22:53:42,2025-10-21 22:53:42
HDIP000288,CUST-0017,EMP-017,695000.0,2025-12-06 17:48:28,2025-12-07 07:48:28,2025-12-09 07:48:28
HDIP000289,CUST-0346,EMP-007,736000.0,2025-12-19 05:21:56,2025-12-20 01:21:56,2025-12-21 01:21:56
HDIP000290,CUST-0281,EMP-009,1971000.0,2025-10-24 23:08:14,2025-10-25 09:08:14,2025-10-29 09:08:14
HDIP000291,CUST-0293,EMP-005,2208000.0,2026-03-05 12:32:58,2026-03-06 11:32:58,2026-03-08 11:32:58
HDIP000292,CUST-0077,EMP-016,1260000.0,2026-06-02 18:12:49,2026-06-02 20:12:49,2026-06-04 20:12:49
HDIP000293,CUST-0265,EMP-018,704000.0,2026-04-30 16:56:57,2026-05-01 04:56:57,2026-05-05 04:56:57
HDIP000294,CUST-0204,EMP-004,239000.0,2026-04-19 01:10:09,2026-04-19 08:10:09,2026-04-20 08:10:09
HDIP000295,CUST-0050,EMP-015,352000.0,2026-05-10 00:57:07,2026-05-10 12:57:07,2026-05-13 12:57:07
HDIP000296,CUST-0177,EMP-001,1007000.0,2025-12-31 18:43:48,2025-12-31 23:43:48,2026-01-03 23:43:48
HDIP000297,CUST-0262,EMP-016,132000.0,2026-05-21 17:58:52,2026-05-22 09:58:52,2026-05-23 09:58:52
HDIP000298,CUST-0086,EMP-021,1399000.0,2026-06-03 13:18:34,2026-06-04 01:18:34,2026-06-08 01:18:34
HDIP000299,CUST-0117,EMP-011,678000.0,2025-11-24 22:21:34,2025-11-25 20:21:34,2025-11-28 20:21:34
HDIP000300,CUST-0301,EMP-017,244000.0,2026-01-15 17:50:05,2026-01-16 08:50:05,2026-01-18 08:50:05
HDIP000301,CUST-0339,EMP-009,201000.0,2026-05-09 18:15:39,2026-05-10 18:15:39,2026-05-11 18:15:39
HDIP000302,CUST-0243,EMP-018,1054000.0,2025-08-14 18:31:47,2025-08-14 20:31:47,2025-08-18 20:31:47
HDIP000303,CUST-0159,EMP-008,666000.0,2025-10-28 22:44:34,2025-10-29 09:44:34,2025-11-02 09:44:34
HDIP000304,CUST-0167,EMP-016,849000.0,2026-01-22 07:23:56,2026-01-23 02:23:56,2026-01-26 02:23:56
HDIP000305,CUST-0326,EMP-019,1955000.0,2026-01-09 19:07:23,2026-01-10 13:07:23,2026-01-13 13:07:23
HDIP000306,CUST-0177,EMP-010,910000.0,2026-01-23 02:04:55,2026-01-23 21:04:55,2026-01-24 21:04:55
HDIP000307,CUST-0306,EMP-008,565000.0,2026-05-30 07:15:02,2026-05-30 09:15:02,2026-06-02 09:15:02
HDIP000308,CUST-0128,EMP-006,1460000.0,2026-04-28 12:32:42,2026-04-29 10:32:42,2026-05-03 10:32:42
HDIP000309,CUST-0140,EMP-010,633000.0,2026-04-02 16:53:52,2026-04-03 11:53:52,2026-04-06 11:53:52
HDIP000310,CUST-0149,EMP-004,498000.0,2026-03-29 05:06:38,2026-03-29 21:06:38,2026-04-02 21:06:38
HDIP000311,CUST-0010,EMP-005,715000.0,2025-08-13 03:26:40,2025-08-13 22:26:40,2025-08-14 22:26:40
HDIP000312,CUST-0225,EMP-024,489000.0,2025-07-28 01:18:28,2025-07-28 10:18:28,2025-07-29 10:18:28
HDIP000313,CUST-0160,EMP-016,400000.0,2025-12-16 02:30:43,2025-12-16 18:30:43,2025-12-17 18:30:43
HDIP000314,CUST-0029,EMP-009,2382000.0,2026-05-22 02:26:57,2026-05-22 16:26:57,2026-05-23 16:26:57
HDIP000315,CUST-0063,EMP-025,2658000.0,2026-04-28 10:09:51,2026-04-28 19:09:51,2026-05-02 19:09:51
HDIP000316,CUST-0243,EMP-013,277000.0,2026-04-15 12:20:34,2026-04-15 23:20:34,2026-04-18 23:20:34
HDIP000317,CUST-0267,EMP-004,523000.0,2025-10-31 05:53:10,2025-10-31 22:53:10,2025-11-03 22:53:10
HDIP000318,CUST-0112,EMP-004,227000.0,2025-10-24 12:12:04,2025-10-25 10:12:04,2025-10-29 10:12:04
HDIP000319,CUST-0062,EMP-013,1742000.0,2026-05-27 08:11:36,2026-05-27 17:11:36,2026-05-28 17:11:36
HDIP000320,CUST-0174,EMP-025,190000.0,2026-03-24 15:29:45,2026-03-24 18:29:45,2026-03-25 18:29:45
HDIP000321,CUST-0065,EMP-016,1377000.0,2025-10-23 05:31:30,2025-10-23 17:31:30,2025-10-26 17:31:30
HDIP000322,CUST-0249,EMP-023,797000.0,2026-01-10 18:38:09,2026-01-11 13:38:09,2026-01-14 13:38:09
HDIP000323,CUST-0240,EMP-009,190000.0,2026-06-26 20:02:05,2026-06-27 17:02:05,2026-06-29 17:02:05
HDIP000324,CUST-0278,EMP-012,859000.0,2026-01-17 05:09:47,2026-01-17 07:09:47,2026-01-21 07:09:47
HDIP000325,CUST-0165,EMP-024,247000.0,2025-08-18 11:13:41,2025-08-19 10:13:41,2025-08-23 10:13:41
HDIP000326,CUST-0079,EMP-020,679000.0,2025-11-11 19:47:40,2025-11-12 07:47:40,2025-11-16 07:47:40
HDIP000327,CUST-0092,EMP-002,126000.0,2025-10-11 08:21:12,2025-10-11 13:21:12,2025-10-15 13:21:12
HDIP000328,CUST-0337,EMP-016,475000.0,2026-02-14 01:51:02,2026-02-14 22:51:02,2026-02-17 22:51:02
HDIP000329,CUST-0007,EMP-007,1146000.0,2026-04-05 12:52:02,2026-04-06 05:52:02,2026-04-07 05:52:02
HDIP000330,CUST-0189,EMP-023,1048000.0,2025-08-16 12:14:09,2025-08-17 09:14:09,2025-08-20 09:14:09
HDIP000331,CUST-0050,EMP-004,446000.0,2026-05-02 11:55:57,2026-05-02 20:55:57,2026-05-06 20:55:57
HDIP000332,CUST-0321,EMP-006,628000.0,2026-02-26 17:43:27,2026-02-27 12:43:27,2026-03-03 12:43:27
HDIP000333,CUST-0219,EMP-004,301000.0,2025-09-27 15:36:56,2025-09-27 22:36:56,2025-10-01 22:36:56
HDIP000334,CUST-0162,EMP-018,1118000.0,2025-11-27 22:50:09,2025-11-28 11:50:09,2025-12-02 11:50:09
HDIP000335,CUST-0131,EMP-012,359000.0,2026-01-16 13:32:46,2026-01-17 05:32:46,2026-01-21 05:32:46
HDIP000336,CUST-0009,EMP-017,475000.0,2025-09-15 07:55:49,2025-09-15 18:55:49,2025-09-16 18:55:49
HDIP000337,CUST-0012,EMP-025,1693000.0,2026-06-09 01:52:32,2026-06-10 01:52:32,2026-06-13 01:52:32
HDIP000338,CUST-0128,EMP-008,628000.0,2025-11-01 09:12:21,2025-11-01 20:12:21,2025-11-02 20:12:21
HDIP000339,CUST-0089,EMP-016,404000.0,2026-06-10 12:58:15,2026-06-11 12:58:15,2026-06-12 12:58:15
HDIP000340,CUST-0172,EMP-012,1387000.0,2026-07-01 13:06:02,2026-07-02 04:06:02,2026-07-06 04:06:02
HDIP000341,CUST-0022,EMP-011,475000.0,2026-02-19 13:21:00,2026-02-20 09:21:00,2026-02-22 09:21:00
HDIP000342,CUST-0345,EMP-024,228000.0,2025-12-24 10:46:20,2025-12-25 02:46:20,2025-12-26 02:46:20
HDIP000343,CUST-0068,EMP-011,741000.0,2025-08-25 22:12:59,2025-08-26 15:12:59,2025-08-27 15:12:59
HDIP000344,CUST-0070,EMP-016,438000.0,2026-02-27 01:51:30,2026-02-27 09:51:30,2026-03-03 09:51:30
HDIP000345,CUST-0269,EMP-008,1488000.0,2025-10-26 23:22:50,2025-10-27 03:22:50,2025-10-30 03:22:50
HDIP000346,CUST-0165,EMP-012,1345000.0,2026-03-12 12:10:35,2026-03-13 10:10:35,2026-03-14 10:10:35
HDIP000347,CUST-0103,EMP-022,568000.0,2025-12-17 01:06:09,2025-12-17 07:06:09,2025-12-18 07:06:09
HDIP000348,CUST-0076,EMP-010,205000.0,2025-07-30 04:50:37,2025-07-30 16:50:37,2025-07-31 16:50:37
HDIP000349,CUST-0276,EMP-007,1578000.0,2025-10-12 00:24:23,2025-10-12 19:24:23,2025-10-15 19:24:23
HDIP000350,CUST-0193,EMP-019,367000.0,2026-07-11 17:44:52,2026-07-12 16:44:52,2026-07-13 16:44:52
HDIP000351,CUST-0317,EMP-009,178000.0,2025-08-14 11:37:50,2025-08-15 03:37:50,2025-08-16 03:37:50
HDIP000352,CUST-0185,EMP-004,192000.0,2025-08-01 06:39:47,2025-08-01 17:39:47,2025-08-05 17:39:47
HDIP000353,CUST-0051,EMP-011,1150000.0,2026-01-29 02:13:08,2026-01-29 23:13:08,2026-01-30 23:13:08
HDIP000354,CUST-0012,EMP-002,201000.0,2025-10-28 22:42:07,2025-10-29 16:42:07,2025-11-01 16:42:07
HDIP000355,CUST-0178,EMP-022,426000.0,2025-12-08 12:54:28,2025-12-09 01:54:28,2025-12-12 01:54:28
HDIP000356,CUST-0321,EMP-009,1446000.0,2026-07-01 02:42:21,2026-07-01 16:42:21,2026-07-02 16:42:21
HDIP000357,CUST-0117,EMP-014,344000.0,2025-10-26 05:09:55,2025-10-27 01:09:55,2025-10-29 01:09:55
HDIP000358,CUST-0230,EMP-018,855000.0,2025-09-14 01:02:44,2025-09-14 09:02:44,2025-09-16 09:02:44
HDIP000359,CUST-0269,EMP-005,299000.0,2026-01-07 21:19:48,2026-01-08 03:19:48,2026-01-10 03:19:48
HDIP000360,CUST-0061,EMP-006,2157000.0,2025-11-25 05:03:51,2025-11-25 11:03:51,2025-11-26 11:03:51
HDIP000361,CUST-0055,EMP-005,674000.0,2025-10-04 14:48:08,2025-10-04 16:48:08,2025-10-07 16:48:08
HDIP000362,CUST-0041,EMP-023,610000.0,2026-05-23 17:20:51,2026-05-24 10:20:51,2026-05-26 10:20:51
HDIP000363,CUST-0252,EMP-016,675000.0,2025-09-16 06:33:06,2025-09-16 13:33:06,2025-09-18 13:33:06
HDIP000364,CUST-0139,EMP-014,2874000.0,2025-10-19 07:11:45,2025-10-20 06:11:45,2025-10-22 06:11:45
HDIP000365,CUST-0127,EMP-014,693000.0,2025-12-29 02:28:19,2025-12-29 05:28:19,2026-01-02 05:28:19
HDIP000366,CUST-0329,EMP-023,918000.0,2026-05-26 11:27:54,2026-05-26 14:27:54,2026-05-27 14:27:54
HDIP000367,CUST-0021,EMP-018,664000.0,2025-12-22 07:38:59,2025-12-23 01:38:59,2025-12-24 01:38:59
HDIP000368,CUST-0147,EMP-015,897000.0,2025-09-27 12:36:28,2025-09-28 03:36:28,2025-10-01 03:36:28
HDIP000369,CUST-0232,EMP-003,855000.0,2026-05-01 12:23:47,2026-05-02 06:23:47,2026-05-03 06:23:47
HDIP000370,CUST-0280,EMP-005,974000.0,2025-12-24 12:29:15,2025-12-25 03:29:15,2025-12-28 03:29:15
HDIP000371,CUST-0047,EMP-009,564000.0,2025-11-27 17:26:10,2025-11-28 17:26:10,2025-11-30 17:26:10
HDIP000372,CUST-0269,EMP-023,226000.0,2025-12-21 00:47:38,2025-12-21 18:47:38,2025-12-23 18:47:38
HDIP000373,CUST-0172,EMP-019,360000.0,2026-06-28 05:59:42,2026-06-29 04:59:42,2026-07-01 04:59:42
HDIP000374,CUST-0027,EMP-014,753000.0,2025-11-21 12:11:17,2025-11-21 23:11:17,2025-11-25 23:11:17
HDIP000375,CUST-0104,EMP-001,1122000.0,2026-03-23 15:31:23,2026-03-24 01:31:23,2026-03-25 01:31:23
HDIP000376,CUST-0122,EMP-007,1001000.0,2026-03-10 13:26:05,2026-03-11 12:26:05,2026-03-15 12:26:05
HDIP000377,CUST-0143,EMP-020,423000.0,2026-03-26 00:08:49,2026-03-26 19:08:49,2026-03-28 19:08:49
HDIP000378,CUST-0019,EMP-005,337000.0,2026-06-21 11:06:21,2026-06-21 14:06:21,2026-06-24 14:06:21
HDIP000379,CUST-0092,EMP-006,2511000.0,2026-04-11 21:10:39,2026-04-12 08:10:39,2026-04-14 08:10:39
HDIP000380,CUST-0150,EMP-016,574000.0,2025-09-15 02:53:52,2025-09-15 07:53:52,2025-09-18 07:53:52
HDIP000381,CUST-0108,EMP-020,905000.0,2025-08-16 11:09:35,2025-08-16 16:09:35,2025-08-17 16:09:35
HDIP000382,CUST-0163,EMP-009,2204000.0,2026-02-13 21:50:29,2026-02-14 17:50:29,2026-02-17 17:50:29
HDIP000383,CUST-0001,EMP-004,1005000.0,2025-08-03 04:24:48,2025-08-03 20:24:48,2025-08-04 20:24:48
HDIP000384,CUST-0180,EMP-018,240000.0,2026-06-02 21:42:37,2026-06-03 19:42:37,2026-06-05 19:42:37
HDIP000385,CUST-0035,EMP-010,1706000.0,2025-11-18 11:41:23,2025-11-19 05:41:23,2025-11-22 05:41:23
HDIP000386,CUST-0170,EMP-011,1710000.0,2026-07-18 01:06:38,2026-07-19 00:06:38,2026-07-23 00:06:38
HDIP000387,CUST-0029,EMP-017,583000.0,2025-11-18 02:55:34,2025-11-18 22:55:34,2025-11-21 22:55:34
HDIP000388,CUST-0034,EMP-005,1950000.0,2025-11-10 18:55:01,2025-11-10 20:55:01,2025-11-13 20:55:01
HDIP000389,CUST-0122,EMP-012,1043000.0,2026-01-16 08:54:45,2026-01-16 19:54:45,2026-01-18 19:54:45
HDIP000390,CUST-0228,EMP-017,624000.0,2025-08-03 13:14:57,2025-08-04 06:14:57,2025-08-06 06:14:57
HDIP000391,CUST-0159,EMP-025,1399000.0,2025-11-28 23:51:04,2025-11-29 05:51:04,2025-11-30 05:51:04
HDIP000392,CUST-0003,EMP-010,553000.0,2026-07-21 22:51:15,2026-07-22 01:51:15,2026-07-23 01:51:15
HDIP000393,CUST-0338,EMP-024,874000.0,2025-11-23 05:22:20,2025-11-23 07:22:20,2025-11-26 07:22:20
HDIP000394,CUST-0226,EMP-022,263000.0,2025-09-08 13:25:32,2025-09-08 23:25:32,2025-09-10 23:25:32
HDIP000395,CUST-0287,EMP-017,1533000.0,2025-09-02 15:02:49,2025-09-02 23:02:49,2025-09-05 23:02:49
HDIP000396,CUST-0037,EMP-010,356000.0,2026-03-20 00:51:52,2026-03-20 12:51:52,2026-03-24 12:51:52
HDIP000397,CUST-0026,EMP-004,676000.0,2025-12-20 20:14:53,2025-12-20 23:14:53,2025-12-21 23:14:53
HDIP000398,CUST-0323,EMP-023,343000.0,2026-04-22 11:23:57,2026-04-23 03:23:57,2026-04-26 03:23:57
HDIP000399,CUST-0274,EMP-003,1298000.0,2026-07-18 05:48:37,2026-07-18 21:48:37,2026-07-20 21:48:37
HDIP000400,CUST-0050,EMP-015,1278000.0,2025-11-22 09:54:01,2025-11-23 08:54:01,2025-11-27 08:54:01
HDIP000401,CUST-0201,EMP-006,1307000.0,2026-04-22 13:43:16,2026-04-23 12:43:16,2026-04-26 12:43:16
HDIP000402,CUST-0145,EMP-025,768000.0,2025-12-07 06:10:18,2025-12-08 03:10:18,2025-12-10 03:10:18
HDIP000403,CUST-0037,EMP-010,1709000.0,2026-02-16 18:23:19,2026-02-17 10:23:19,2026-02-21 10:23:19
HDIP000404,CUST-0034,EMP-011,1061000.0,2025-10-13 17:45:37,2025-10-14 17:45:37,2025-10-18 17:45:37
HDIP000405,CUST-0294,EMP-016,774000.0,2025-09-07 06:24:23,2025-09-08 02:24:23,2025-09-12 02:24:23
HDIP000406,CUST-0158,EMP-013,1139000.0,2025-08-20 21:37:49,2025-08-21 18:37:49,2025-08-22 18:37:49
HDIP000407,CUST-0032,EMP-003,746000.0,2025-10-17 09:07:44,2025-10-17 15:07:44,2025-10-18 15:07:44
HDIP000408,CUST-0163,EMP-010,3643000.0,2026-03-03 08:12:05,2026-03-04 07:12:05,2026-03-07 07:12:05
HDIP000409,CUST-0032,EMP-012,704000.0,2026-07-09 19:28:28,2026-07-10 14:28:28,2026-07-11 14:28:28
HDIP000410,CUST-0057,EMP-010,352000.0,2026-06-26 01:33:33,2026-06-26 03:33:33,2026-06-28 03:33:33
HDIP000411,CUST-0196,EMP-013,1183000.0,2025-12-20 01:17:03,2025-12-20 16:17:03,2025-12-22 16:17:03
HDIP000412,CUST-0214,EMP-005,240000.0,2025-11-13 21:35:01,2025-11-14 20:35:01,2025-11-16 20:35:01
HDIP000413,CUST-0250,EMP-022,575000.0,2026-01-10 11:30:23,2026-01-10 17:30:23,2026-01-11 17:30:23
HDIP000414,CUST-0310,EMP-014,993000.0,2026-03-23 21:56:13,2026-03-24 04:56:13,2026-03-28 04:56:13
HDIP000415,CUST-0310,EMP-001,1674000.0,2026-03-06 07:37:03,2026-03-07 00:37:03,2026-03-09 00:37:03
HDIP000416,CUST-0291,EMP-016,641000.0,2026-04-24 14:49:18,2026-04-25 03:49:18,2026-04-26 03:49:18
HDIP000417,CUST-0239,EMP-017,357000.0,2025-08-24 06:02:22,2025-08-25 00:02:22,2025-08-26 00:02:22
HDIP000418,CUST-0040,EMP-022,669000.0,2026-03-27 23:14:14,2026-03-28 18:14:14,2026-03-31 18:14:14
HDIP000419,CUST-0241,EMP-019,683000.0,2026-05-05 20:29:15,2026-05-06 08:29:15,2026-05-10 08:29:15
HDIP000420,CUST-0019,EMP-023,552000.0,2026-07-18 06:33:39,2026-07-19 03:33:39,2026-07-22 03:33:39
HDIP000421,CUST-0027,EMP-022,375000.0,2025-11-15 04:10:38,2025-11-16 01:10:38,2025-11-17 01:10:38
HDIP000422,CUST-0143,EMP-009,281000.0,2025-09-14 08:11:27,2025-09-15 05:11:27,2025-09-18 05:11:27
HDIP000423,CUST-0310,EMP-006,1017000.0,2026-07-13 07:52:50,2026-07-14 03:52:50,2026-07-16 03:52:50
HDIP000424,CUST-0271,EMP-002,861000.0,2025-12-05 00:24:54,2025-12-05 04:24:54,2025-12-07 04:24:54
HDIP000425,CUST-0339,EMP-015,616000.0,2026-05-02 19:38:32,2026-05-03 17:38:32,2026-05-05 17:38:32
HDIP000426,CUST-0329,EMP-009,404000.0,2026-05-14 06:27:39,2026-05-14 11:27:39,2026-05-15 11:27:39
HDIP000427,CUST-0273,EMP-008,1317000.0,2025-12-19 08:50:24,2025-12-20 07:50:24,2025-12-24 07:50:24
HDIP000428,CUST-0196,EMP-022,394000.0,2025-11-24 11:16:17,2025-11-25 05:16:17,2025-11-26 05:16:17
HDIP000429,CUST-0313,EMP-021,581000.0,2026-06-23 05:17:42,2026-06-23 15:17:42,2026-06-26 15:17:42
HDIP000430,CUST-0300,EMP-013,708000.0,2026-01-19 22:41:01,2026-01-20 21:41:01,2026-01-22 21:41:01
HDIP000431,CUST-0161,EMP-018,1403000.0,2025-07-28 23:26:03,2025-07-29 22:26:03,2025-07-30 22:26:03
HDIP000432,CUST-0099,EMP-002,418000.0,2025-08-03 01:44:40,2025-08-03 22:44:40,2025-08-04 22:44:40
HDIP000433,CUST-0307,EMP-021,353000.0,2025-09-10 04:00:23,2025-09-11 04:00:23,2025-09-12 04:00:23
HDIP000434,CUST-0332,EMP-019,509000.0,2026-06-01 19:12:26,2026-06-02 02:12:26,2026-06-03 02:12:26
HDIP000435,CUST-0219,EMP-023,229000.0,2026-07-10 17:03:33,2026-07-11 16:03:33,2026-07-14 16:03:33
HDIP000436,CUST-0196,EMP-013,2063000.0,2025-12-01 01:24:25,2025-12-01 04:24:25,2025-12-04 04:24:25
HDIP000437,CUST-0112,EMP-020,769000.0,2026-03-31 17:11:11,2026-03-31 22:11:11,2026-04-04 22:11:11
HDIP000438,CUST-0010,EMP-016,1275000.0,2025-09-20 16:15:45,2025-09-21 14:15:45,2025-09-22 14:15:45
HDIP000439,CUST-0036,EMP-018,1470000.0,2025-10-20 13:53:07,2025-10-20 15:53:07,2025-10-24 15:53:07
HDIP000440,CUST-0047,EMP-012,959000.0,2026-02-17 11:55:06,2026-02-17 23:55:06,2026-02-18 23:55:06
HDIP000441,CUST-0200,EMP-004,1035000.0,2026-03-26 18:37:02,2026-03-27 18:37:02,2026-03-30 18:37:02
HDIP000442,CUST-0013,EMP-024,454000.0,2026-03-12 03:29:32,2026-03-12 12:29:32,2026-03-16 12:29:32
HDIP000443,CUST-0256,EMP-018,367000.0,2026-06-13 20:36:59,2026-06-14 12:36:59,2026-06-15 12:36:59
HDIP000444,CUST-0022,EMP-013,1293000.0,2025-09-08 18:25:26,2025-09-09 02:25:26,2025-09-13 02:25:26
HDIP000445,CUST-0024,EMP-008,420000.0,2026-04-23 05:24:01,2026-04-24 03:24:01,2026-04-26 03:24:01
HDIP000446,CUST-0050,EMP-015,1373000.0,2026-03-19 05:52:42,2026-03-19 12:52:42,2026-03-20 12:52:42
HDIP000447,CUST-0348,EMP-013,454000.0,2025-11-27 18:55:44,2025-11-27 23:55:44,2025-11-29 23:55:44
HDIP000448,CUST-0304,EMP-006,372000.0,2025-12-02 03:57:42,2025-12-02 07:57:42,2025-12-03 07:57:42
HDIP000449,CUST-0190,EMP-018,2065000.0,2025-09-26 22:48:31,2025-09-27 14:48:31,2025-09-29 14:48:31
HDIP000450,CUST-0092,EMP-003,575000.0,2026-04-25 08:08:46,2026-04-26 06:08:46,2026-04-29 06:08:46
HDIP000451,CUST-0065,EMP-007,1476000.0,2025-09-18 10:30:56,2025-09-19 08:30:56,2025-09-22 08:30:56
HDIP000452,CUST-0093,EMP-023,1058000.0,2026-02-04 00:07:50,2026-02-04 21:07:50,2026-02-05 21:07:50
HDIP000453,CUST-0061,EMP-017,1511000.0,2025-08-31 00:40:42,2025-08-31 21:40:42,2025-09-03 21:40:42
HDIP000454,CUST-0077,EMP-022,730000.0,2026-06-17 13:27:20,2026-06-18 06:27:20,2026-06-22 06:27:20
HDIP000455,CUST-0331,EMP-012,699000.0,2025-11-12 13:50:03,2025-11-12 21:50:03,2025-11-16 21:50:03
HDIP000456,CUST-0023,EMP-004,419000.0,2026-05-08 10:01:33,2026-05-08 13:01:33,2026-05-10 13:01:33
HDIP000457,CUST-0037,EMP-008,405000.0,2026-05-01 00:48:15,2026-05-01 16:48:15,2026-05-04 16:48:15
HDIP000458,CUST-0118,EMP-025,388000.0,2025-09-05 15:21:10,2025-09-06 03:21:10,2025-09-08 03:21:10
HDIP000459,CUST-0193,EMP-008,247000.0,2025-08-22 10:11:12,2025-08-23 03:11:12,2025-08-27 03:11:12
HDIP000460,CUST-0233,EMP-006,858000.0,2025-12-22 07:01:13,2025-12-22 20:01:13,2025-12-24 20:01:13
HDIP000461,CUST-0017,EMP-023,601000.0,2026-03-02 17:11:24,2026-03-02 20:11:24,2026-03-05 20:11:24
HDIP000462,CUST-0088,EMP-025,1706000.0,2025-12-05 07:12:02,2025-12-05 16:12:02,2025-12-08 16:12:02
HDIP000463,CUST-0118,EMP-003,1611000.0,2025-12-31 18:07:35,2026-01-01 12:07:35,2026-01-05 12:07:35
HDIP000464,CUST-0127,EMP-011,919000.0,2026-01-09 12:19:54,2026-01-10 08:19:54,2026-01-12 08:19:54
HDIP000465,CUST-0259,EMP-002,1773000.0,2026-01-06 04:37:47,2026-01-06 22:37:47,2026-01-10 22:37:47
HDIP000466,CUST-0286,EMP-025,1021000.0,2025-07-29 16:37:51,2025-07-30 16:37:51,2025-08-03 16:37:51
HDIP000467,CUST-0299,EMP-001,1748000.0,2026-01-17 12:15:49,2026-01-18 04:15:49,2026-01-20 04:15:49
HDIP000468,CUST-0037,EMP-013,1044000.0,2026-07-06 20:15:10,2026-07-07 20:15:10,2026-07-10 20:15:10
HDIP000469,CUST-0295,EMP-007,1726000.0,2026-05-26 18:39:37,2026-05-27 17:39:37,2026-05-28 17:39:37
HDIP000470,CUST-0187,EMP-002,674000.0,2025-09-05 23:07:24,2025-09-06 13:07:24,2025-09-09 13:07:24
HDIP000471,CUST-0288,EMP-023,2681000.0,2026-05-21 07:05:11,2026-05-21 15:05:11,2026-05-23 15:05:11
HDIP000472,CUST-0258,EMP-022,472000.0,2026-01-05 02:49:31,2026-01-05 12:49:31,2026-01-06 12:49:31
HDIP000473,CUST-0270,EMP-004,1778000.0,2026-01-23 11:05:05,2026-01-24 11:05:05,2026-01-27 11:05:05
HDIP000474,CUST-0097,EMP-015,1075000.0,2025-08-27 18:37:00,2025-08-27 22:37:00,2025-08-31 22:37:00
HDIP000475,CUST-0267,EMP-021,1482000.0,2025-08-02 16:19:44,2025-08-03 03:19:44,2025-08-07 03:19:44
HDIP000476,CUST-0267,EMP-021,1124000.0,2025-12-02 07:26:39,2025-12-02 22:26:39,2025-12-05 22:26:39
HDIP000477,CUST-0228,EMP-015,869000.0,2025-11-19 23:05:35,2025-11-20 19:05:35,2025-11-22 19:05:35
HDIP000478,CUST-0076,EMP-012,1917000.0,2025-11-12 07:28:22,2025-11-12 23:28:22,2025-11-14 23:28:22
HDIP000479,CUST-0342,EMP-005,352000.0,2025-09-25 11:50:35,2025-09-25 20:50:35,2025-09-26 20:50:35
HDIP000480,CUST-0134,EMP-012,1614000.0,2025-10-04 12:28:23,2025-10-04 20:28:23,2025-10-05 20:28:23
HDIP000481,CUST-0155,EMP-004,2722000.0,2026-07-17 07:54:24,2026-07-17 09:54:24,2026-07-21 09:54:24
HDIP000482,CUST-0243,EMP-010,2025000.0,2026-05-13 18:08:10,2026-05-14 14:08:10,2026-05-16 14:08:10
HDIP000483,CUST-0348,EMP-018,400000.0,2025-09-08 06:12:16,2025-09-08 17:12:16,2025-09-09 17:12:16
HDIP000484,CUST-0048,EMP-011,1707000.0,2025-08-15 05:47:27,2025-08-16 02:47:27,2025-08-18 02:47:27
HDIP000485,CUST-0276,EMP-015,2635000.0,2026-04-13 19:31:42,2026-04-14 18:31:42,2026-04-15 18:31:42
HDIP000486,CUST-0146,EMP-012,2394000.0,2025-12-08 07:42:23,2025-12-08 18:42:23,2025-12-12 18:42:23
HDIP000487,CUST-0218,EMP-024,2625000.0,2026-07-08 00:09:45,2026-07-08 15:09:45,2026-07-10 15:09:45
HDIP000488,CUST-0303,EMP-025,434000.0,2025-12-17 19:17:34,2025-12-17 23:17:34,2025-12-18 23:17:34
HDIP000489,CUST-0285,EMP-015,161000.0,2026-04-26 16:49:19,2026-04-27 12:49:19,2026-04-29 12:49:19
HDIP000490,CUST-0252,EMP-002,1043000.0,2026-06-09 09:53:05,2026-06-09 20:53:05,2026-06-12 20:53:05
HDIP000491,CUST-0328,EMP-021,802000.0,2026-01-24 09:14:35,2026-01-24 14:14:35,2026-01-27 14:14:35
HDIP000492,CUST-0126,EMP-001,2411000.0,2025-09-09 05:18:22,2025-09-09 15:18:22,2025-09-13 15:18:22
HDIP000493,CUST-0009,EMP-009,1310000.0,2025-09-26 02:41:11,2025-09-26 22:41:11,2025-09-27 22:41:11
HDIP000494,CUST-0183,EMP-006,1191000.0,2025-08-14 09:47:42,2025-08-14 19:47:42,2025-08-17 19:47:42
HDIP000495,CUST-0149,EMP-010,776000.0,2026-02-15 13:11:05,2026-02-16 11:11:05,2026-02-17 11:11:05
HDIP000496,CUST-0279,EMP-011,475000.0,2026-06-28 16:35:58,2026-06-29 04:35:58,2026-07-02 04:35:58
HDIP000497,CUST-0274,EMP-019,125000.0,2025-12-08 10:15:48,2025-12-08 16:15:48,2025-12-09 16:15:48
HDIP000498,CUST-0211,EMP-011,426000.0,2026-07-17 12:19:08,2026-07-17 19:19:08,2026-07-18 19:19:08
HDIP000499,CUST-0287,EMP-020,434000.0,2026-04-18 16:52:13,2026-04-19 10:52:13,2026-04-20 10:52:13
HDIP000500,CUST-0009,EMP-016,1195000.0,2025-12-07 02:23:30,2025-12-07 13:23:30,2025-12-10 13:23:30
HDIP000501,CUST-0268,EMP-025,403000.0,2025-12-04 16:55:55,2025-12-04 23:55:55,2025-12-07 23:55:55
HDIP000502,CUST-0073,EMP-023,375000.0,2025-10-20 20:40:01,2025-10-21 07:40:01,2025-10-23 07:40:01
HDIP000503,CUST-0040,EMP-001,608000.0,2026-05-21 17:29:45,2026-05-22 10:29:45,2026-05-26 10:29:45
HDIP000504,CUST-0263,EMP-019,1331000.0,2025-08-16 21:13:56,2025-08-17 14:13:56,2025-08-18 14:13:56
HDIP000505,CUST-0015,EMP-003,538000.0,2025-09-19 09:31:46,2025-09-19 19:31:46,2025-09-22 19:31:46
HDIP000506,CUST-0314,EMP-008,453000.0,2026-02-05 22:56:07,2026-02-06 18:56:07,2026-02-07 18:56:07
HDIP000507,CUST-0112,EMP-023,2415000.0,2025-10-07 06:11:33,2025-10-07 17:11:33,2025-10-09 17:11:33
HDIP000508,CUST-0055,EMP-006,230000.0,2026-06-14 01:12:03,2026-06-14 14:12:03,2026-06-18 14:12:03
HDIP000509,CUST-0161,EMP-004,929000.0,2026-01-21 19:21:31,2026-01-22 00:21:31,2026-01-24 00:21:31
HDIP000510,CUST-0253,EMP-004,750000.0,2025-12-21 07:15:36,2025-12-21 18:15:36,2025-12-25 18:15:36
HDIP000511,CUST-0149,EMP-014,2256000.0,2025-10-06 04:26:37,2025-10-06 08:26:37,2025-10-10 08:26:37
HDIP000512,CUST-0206,EMP-023,216000.0,2026-03-11 05:13:57,2026-03-11 10:13:57,2026-03-13 10:13:57
HDIP000513,CUST-0207,EMP-004,637000.0,2025-10-23 07:20:33,2025-10-23 22:20:33,2025-10-27 22:20:33
HDIP000514,CUST-0140,EMP-025,347000.0,2026-05-27 11:26:45,2026-05-28 09:26:45,2026-06-01 09:26:45
HDIP000515,CUST-0249,EMP-017,281000.0,2025-11-10 04:17:21,2025-11-10 10:17:21,2025-11-14 10:17:21
HDIP000516,CUST-0322,EMP-005,2576000.0,2025-08-05 09:53:00,2025-08-05 14:53:00,2025-08-06 14:53:00
HDIP000517,CUST-0320,EMP-004,822000.0,2026-05-16 02:09:06,2026-05-16 06:09:06,2026-05-20 06:09:06
HDIP000518,CUST-0280,EMP-001,841000.0,2026-05-17 13:30:33,2026-05-17 16:30:33,2026-05-21 16:30:33
HDIP000519,CUST-0338,EMP-025,624000.0,2025-11-19 13:25:13,2025-11-20 13:25:13,2025-11-22 13:25:13
HDIP000520,CUST-0346,EMP-016,702000.0,2026-04-07 05:13:07,2026-04-08 00:13:07,2026-04-12 00:13:07
HDIP000521,CUST-0194,EMP-020,419000.0,2026-04-13 14:09:48,2026-04-14 03:09:48,2026-04-17 03:09:48
HDIP000522,CUST-0188,EMP-012,1875000.0,2026-06-04 06:25:30,2026-06-05 02:25:30,2026-06-06 02:25:30
HDIP000523,CUST-0126,EMP-008,710000.0,2025-10-23 23:40:35,2025-10-24 21:40:35,2025-10-27 21:40:35
HDIP000524,CUST-0011,EMP-018,632000.0,2025-11-28 12:28:10,2025-11-28 15:28:10,2025-12-02 15:28:10
HDIP000525,CUST-0241,EMP-019,922000.0,2025-08-02 12:05:56,2025-08-03 00:05:56,2025-08-07 00:05:56
HDIP000526,CUST-0106,EMP-011,286000.0,2026-02-02 18:42:44,2026-02-03 12:42:44,2026-02-06 12:42:44
HDIP000527,CUST-0104,EMP-016,568000.0,2026-03-28 15:36:34,2026-03-28 19:36:34,2026-03-30 19:36:34
HDIP000528,CUST-0206,EMP-008,776000.0,2026-03-24 10:16:33,2026-03-24 14:16:33,2026-03-25 14:16:33
HDIP000529,CUST-0178,EMP-003,682000.0,2026-04-03 21:36:12,2026-04-04 08:36:12,2026-04-07 08:36:12
HDIP000530,CUST-0206,EMP-009,1790000.0,2026-03-24 13:55:32,2026-03-25 07:55:32,2026-03-29 07:55:32
HDIP000531,CUST-0296,EMP-016,344000.0,2025-10-15 13:42:15,2025-10-16 12:42:15,2025-10-20 12:42:15
HDIP000532,CUST-0223,EMP-019,975000.0,2026-05-03 01:23:00,2026-05-03 23:23:00,2026-05-04 23:23:00
HDIP000533,CUST-0223,EMP-014,1040000.0,2025-11-25 14:54:11,2025-11-25 18:54:11,2025-11-27 18:54:11
HDIP000534,CUST-0077,EMP-007,627000.0,2025-08-04 15:03:42,2025-08-05 00:03:42,2025-08-08 00:03:42
HDIP000535,CUST-0070,EMP-001,960000.0,2025-11-02 05:16:24,2025-11-02 15:16:24,2025-11-04 15:16:24
HDIP000536,CUST-0161,EMP-020,1253000.0,2025-11-17 14:12:26,2025-11-17 18:12:26,2025-11-21 18:12:26
HDIP000537,CUST-0257,EMP-004,616000.0,2026-02-12 13:50:14,2026-02-13 12:50:14,2026-02-16 12:50:14
HDIP000538,CUST-0200,EMP-024,715000.0,2026-05-09 19:02:25,2026-05-10 04:02:25,2026-05-14 04:02:25
HDIP000539,CUST-0226,EMP-014,1421000.0,2025-10-31 15:08:35,2025-11-01 11:08:35,2025-11-02 11:08:35
HDIP000540,CUST-0350,EMP-008,1365000.0,2025-11-09 17:30:23,2025-11-09 23:30:23,2025-11-12 23:30:23
HDIP000541,CUST-0018,EMP-024,208000.0,2026-04-08 01:12:36,2026-04-08 04:12:36,2026-04-10 04:12:36
HDIP000542,CUST-0186,EMP-022,1533000.0,2025-09-10 06:27:49,2025-09-11 01:27:49,2025-09-13 01:27:49
HDIP000543,CUST-0225,EMP-021,1892000.0,2025-11-25 01:12:45,2025-11-25 23:12:45,2025-11-29 23:12:45
HDIP000544,CUST-0217,EMP-004,841000.0,2026-06-10 00:48:47,2026-06-10 07:48:47,2026-06-13 07:48:47
HDIP000545,CUST-0015,EMP-025,715000.0,2025-08-14 02:26:11,2025-08-15 00:26:11,2025-08-17 00:26:11
HDIP000546,CUST-0161,EMP-019,1805000.0,2025-08-25 19:17:54,2025-08-26 00:17:54,2025-08-28 00:17:54
HDIP000547,CUST-0067,EMP-020,727000.0,2026-04-17 04:31:30,2026-04-17 19:31:30,2026-04-20 19:31:30
HDIP000548,CUST-0145,EMP-007,535000.0,2025-08-26 15:29:43,2025-08-27 06:29:43,2025-08-30 06:29:43
HDIP000549,CUST-0115,EMP-001,2398000.0,2025-08-02 18:56:13,2025-08-03 13:56:13,2025-08-05 13:56:13
HDIP000550,CUST-0088,EMP-019,1223000.0,2025-09-08 10:37:35,2025-09-08 12:37:35,2025-09-12 12:37:35
HDIP000551,CUST-0148,EMP-024,339000.0,2026-02-01 18:49:16,2026-02-02 08:49:16,2026-02-04 08:49:16
HDIP000552,CUST-0347,EMP-007,1181000.0,2026-01-03 07:58:03,2026-01-03 14:58:03,2026-01-07 14:58:03
HDIP000553,CUST-0235,EMP-003,742000.0,2025-07-28 21:01:54,2025-07-29 14:01:54,2025-07-31 14:01:54
HDIP000554,CUST-0049,EMP-018,1690000.0,2025-08-16 16:27:05,2025-08-16 19:27:05,2025-08-19 19:27:05
HDIP000555,CUST-0203,EMP-022,889000.0,2025-12-15 21:53:24,2025-12-16 03:53:24,2025-12-17 03:53:24
HDIP000556,CUST-0046,EMP-011,292000.0,2026-04-26 16:54:07,2026-04-27 10:54:07,2026-05-01 10:54:07
HDIP000557,CUST-0256,EMP-009,595000.0,2026-05-11 07:03:33,2026-05-11 20:03:33,2026-05-15 20:03:33
HDIP000558,CUST-0265,EMP-011,1942000.0,2026-01-10 02:33:39,2026-01-10 09:33:39,2026-01-13 09:33:39
HDIP000559,CUST-0326,EMP-015,753000.0,2025-08-14 12:54:25,2025-08-14 20:54:25,2025-08-16 20:54:25
HDIP000560,CUST-0084,EMP-023,4608000.0,2026-01-22 06:50:02,2026-01-22 21:50:02,2026-01-23 21:50:02
HDIP000561,CUST-0146,EMP-006,663000.0,2026-06-14 03:10:20,2026-06-14 10:10:20,2026-06-17 10:10:20
HDIP000562,CUST-0093,EMP-014,1675000.0,2026-07-17 07:42:47,2026-07-17 11:42:47,2026-07-19 11:42:47
HDIP000563,CUST-0303,EMP-004,301000.0,2026-06-14 22:01:59,2026-06-15 10:01:59,2026-06-17 10:01:59
HDIP000564,CUST-0246,EMP-015,395000.0,2026-03-25 21:32:58,2026-03-26 07:32:58,2026-03-27 07:32:58
HDIP000565,CUST-0167,EMP-024,1262000.0,2026-05-06 01:11:40,2026-05-06 21:11:40,2026-05-08 21:11:40
HDIP000566,CUST-0166,EMP-002,267000.0,2026-05-09 17:33:31,2026-05-09 21:33:31,2026-05-13 21:33:31
HDIP000567,CUST-0046,EMP-001,361000.0,2026-06-20 21:16:45,2026-06-21 05:16:45,2026-06-23 05:16:45
HDIP000568,CUST-0079,EMP-004,927000.0,2025-11-17 19:29:48,2025-11-18 12:29:48,2025-11-22 12:29:48
HDIP000569,CUST-0050,EMP-012,221000.0,2026-02-08 23:06:52,2026-02-09 07:06:52,2026-02-13 07:06:52
HDIP000570,CUST-0308,EMP-014,674000.0,2025-08-28 21:46:24,2025-08-29 12:46:24,2025-09-01 12:46:24
HDIP000571,CUST-0347,EMP-008,1529000.0,2026-04-02 09:00:31,2026-04-03 08:00:31,2026-04-05 08:00:31
HDIP000572,CUST-0128,EMP-017,807000.0,2026-01-06 23:35:22,2026-01-07 10:35:22,2026-01-08 10:35:22
HDIP000573,CUST-0238,EMP-022,453000.0,2026-04-30 14:36:57,2026-05-01 10:36:57,2026-05-04 10:36:57
HDIP000574,CUST-0009,EMP-004,1506000.0,2026-05-08 10:57:04,2026-05-09 09:57:04,2026-05-13 09:57:04
HDIP000575,CUST-0043,EMP-014,462000.0,2026-06-30 08:47:32,2026-07-01 08:47:32,2026-07-04 08:47:32
HDIP000576,CUST-0231,EMP-020,4145000.0,2026-06-03 14:23:58,2026-06-04 00:23:58,2026-06-07 00:23:58
HDIP000577,CUST-0003,EMP-013,995000.0,2025-09-08 04:21:37,2025-09-08 06:21:37,2025-09-10 06:21:37
HDIP000578,CUST-0250,EMP-010,1044000.0,2026-03-22 01:40:20,2026-03-22 22:40:20,2026-03-25 22:40:20
HDIP000579,CUST-0008,EMP-007,1741000.0,2025-09-06 07:56:25,2025-09-06 09:56:25,2025-09-08 09:56:25
HDIP000580,CUST-0098,EMP-003,521000.0,2025-11-18 17:35:53,2025-11-19 09:35:53,2025-11-21 09:35:53
HDIP000581,CUST-0249,EMP-016,410000.0,2025-08-01 11:47:03,2025-08-02 03:47:03,2025-08-04 03:47:03
HDIP000582,CUST-0027,EMP-011,2401000.0,2025-07-27 22:14:02,2025-07-28 03:14:02,2025-08-01 03:14:02
HDIP000583,CUST-0119,EMP-023,371000.0,2025-08-17 10:38:56,2025-08-18 04:38:56,2025-08-19 04:38:56
HDIP000584,CUST-0332,EMP-014,794000.0,2026-07-05 04:13:52,2026-07-05 21:13:52,2026-07-06 21:13:52
HDIP000585,CUST-0099,EMP-016,992000.0,2025-12-05 09:43:48,2025-12-06 01:43:48,2025-12-08 01:43:48
HDIP000586,CUST-0337,EMP-015,1914000.0,2025-09-13 19:19:36,2025-09-14 06:19:36,2025-09-18 06:19:36
HDIP000587,CUST-0342,EMP-016,448000.0,2025-09-13 00:06:26,2025-09-13 07:06:26,2025-09-15 07:06:26
HDIP000588,CUST-0253,EMP-010,2326000.0,2025-10-24 00:34:44,2025-10-24 08:34:44,2025-10-25 08:34:44
HDIP000589,CUST-0133,EMP-011,1491000.0,2026-05-25 16:30:22,2026-05-26 05:30:22,2026-05-27 05:30:22
HDIP000590,CUST-0026,EMP-015,3357000.0,2026-05-31 03:56:16,2026-05-31 19:56:16,2026-06-01 19:56:16
HDIP000591,CUST-0227,EMP-025,320000.0,2026-02-06 08:08:18,2026-02-07 01:08:18,2026-02-08 01:08:18
HDIP000592,CUST-0063,EMP-007,605000.0,2026-01-11 09:37:39,2026-01-12 00:37:39,2026-01-13 00:37:39
HDIP000593,CUST-0259,EMP-006,637000.0,2025-08-26 23:16:38,2025-08-27 09:16:38,2025-08-30 09:16:38
HDIP000594,CUST-0216,EMP-008,1743000.0,2025-09-16 11:02:26,2025-09-17 02:02:26,2025-09-21 02:02:26
HDIP000595,CUST-0036,EMP-003,2127000.0,2025-12-03 06:03:31,2025-12-03 18:03:31,2025-12-07 18:03:31
HDIP000596,CUST-0215,EMP-013,1086000.0,2026-07-03 20:56:05,2026-07-04 19:56:05,2026-07-07 19:56:05
HDIP000597,CUST-0076,EMP-023,2410000.0,2025-12-28 17:48:57,2025-12-29 09:48:57,2025-12-31 09:48:57
HDIP000598,CUST-0155,EMP-003,544000.0,2025-08-08 05:25:38,2025-08-09 00:25:38,2025-08-12 00:25:38
HDIP000599,CUST-0267,EMP-018,754000.0,2025-11-12 03:14:23,2025-11-12 11:14:23,2025-11-13 11:14:23
HDIP000600,CUST-0277,EMP-019,689000.0,2025-11-02 08:00:27,2025-11-02 17:00:27,2025-11-05 17:00:27
HDIP000601,CUST-0182,EMP-004,463000.0,2025-08-12 09:44:34,2025-08-13 07:44:34,2025-08-14 07:44:34
HDIP000602,CUST-0174,EMP-008,112000.0,2026-06-02 15:35:47,2026-06-03 11:35:47,2026-06-05 11:35:47
HDIP000603,CUST-0294,EMP-022,965000.0,2025-09-17 05:28:08,2025-09-18 05:28:08,2025-09-22 05:28:08
HDIP000604,CUST-0233,EMP-004,1079000.0,2025-09-19 18:48:56,2025-09-20 18:48:56,2025-09-24 18:48:56
HDIP000605,CUST-0270,EMP-013,1330000.0,2026-03-10 07:37:45,2026-03-11 02:37:45,2026-03-15 02:37:45
HDIP000606,CUST-0084,EMP-005,734000.0,2026-02-06 07:06:23,2026-02-06 13:06:23,2026-02-10 13:06:23
HDIP000607,CUST-0234,EMP-016,1943000.0,2025-08-06 12:45:47,2025-08-06 19:45:47,2025-08-09 19:45:47
HDIP000608,CUST-0156,EMP-010,352000.0,2026-01-29 13:59:40,2026-01-29 15:59:40,2026-01-31 15:59:40
HDIP000609,CUST-0146,EMP-007,524000.0,2025-10-03 23:14:34,2025-10-04 16:14:34,2025-10-05 16:14:34
HDIP000610,CUST-0214,EMP-016,1254000.0,2026-03-04 10:08:17,2026-03-04 21:08:17,2026-03-08 21:08:17
HDIP000611,CUST-0230,EMP-005,2769000.0,2026-06-26 07:45:57,2026-06-26 19:45:57,2026-06-27 19:45:57
HDIP000612,CUST-0143,EMP-021,712000.0,2025-08-28 05:59:55,2025-08-28 12:59:55,2025-08-29 12:59:55
HDIP000613,CUST-0287,EMP-003,1645000.0,2025-10-07 14:23:14,2025-10-08 11:23:14,2025-10-09 11:23:14
HDIP000614,CUST-0126,EMP-023,394000.0,2026-06-15 16:07:03,2026-06-16 12:07:03,2026-06-20 12:07:03
HDIP000615,CUST-0302,EMP-002,314000.0,2026-01-31 17:42:03,2026-01-31 19:42:03,2026-02-03 19:42:03
HDIP000616,CUST-0163,EMP-013,2152000.0,2025-11-01 17:54:39,2025-11-01 21:54:39,2025-11-02 21:54:39
HDIP000617,CUST-0030,EMP-010,216000.0,2025-12-23 07:20:30,2025-12-23 12:20:30,2025-12-26 12:20:30
HDIP000618,CUST-0062,EMP-002,864000.0,2025-10-11 12:49:52,2025-10-11 21:49:52,2025-10-13 21:49:52
HDIP000619,CUST-0238,EMP-018,382000.0,2025-12-29 23:04:04,2025-12-30 03:04:04,2026-01-03 03:04:04
HDIP000620,CUST-0138,EMP-018,352000.0,2026-03-09 12:21:56,2026-03-10 11:21:56,2026-03-11 11:21:56
HDIP000621,CUST-0156,EMP-019,2298000.0,2025-12-29 19:59:13,2025-12-30 11:59:13,2025-12-31 11:59:13
HDIP000622,CUST-0217,EMP-018,880000.0,2026-01-16 07:22:51,2026-01-16 10:22:51,2026-01-17 10:22:51
HDIP000623,CUST-0349,EMP-013,328000.0,2025-12-08 08:17:33,2025-12-09 06:17:33,2025-12-11 06:17:33
HDIP000624,CUST-0154,EMP-003,2032000.0,2025-12-25 09:20:56,2025-12-26 09:20:56,2025-12-27 09:20:56
HDIP000625,CUST-0326,EMP-009,630000.0,2026-05-13 04:27:24,2026-05-14 04:27:24,2026-05-18 04:27:24
HDIP000626,CUST-0108,EMP-015,2361000.0,2026-03-14 16:42:45,2026-03-15 04:42:45,2026-03-16 04:42:45
HDIP000627,CUST-0251,EMP-025,1165000.0,2025-12-24 09:55:06,2025-12-25 04:55:06,2025-12-26 04:55:06
HDIP000628,CUST-0308,EMP-012,922000.0,2025-12-22 01:37:16,2025-12-22 08:37:16,2025-12-23 08:37:16
HDIP000629,CUST-0005,EMP-008,1072000.0,2026-05-09 11:26:54,2026-05-09 13:26:54,2026-05-12 13:26:54
HDIP000630,CUST-0114,EMP-008,243000.0,2026-02-01 15:28:14,2026-02-02 04:28:14,2026-02-03 04:28:14
HDIP000631,CUST-0108,EMP-001,281000.0,2025-10-09 00:30:05,2025-10-09 22:30:05,2025-10-13 22:30:05
HDIP000632,CUST-0088,EMP-018,85000.0,2025-10-08 02:54:35,2025-10-09 01:54:35,2025-10-11 01:54:35
HDIP000633,CUST-0133,EMP-019,621000.0,2026-06-22 02:28:55,2026-06-22 11:28:55,2026-06-25 11:28:55
HDIP000634,CUST-0348,EMP-018,401000.0,2026-03-20 11:59:25,2026-03-20 21:59:25,2026-03-24 21:59:25
HDIP000635,CUST-0027,EMP-011,608000.0,2026-01-08 20:28:53,2026-01-09 11:28:53,2026-01-12 11:28:53
HDIP000636,CUST-0265,EMP-025,349000.0,2025-08-10 17:57:37,2025-08-11 02:57:37,2025-08-12 02:57:37
HDIP000637,CUST-0003,EMP-013,1709000.0,2025-10-08 10:43:10,2025-10-08 22:43:10,2025-10-09 22:43:10
HDIP000638,CUST-0085,EMP-011,495000.0,2025-11-22 13:45:39,2025-11-22 17:45:39,2025-11-23 17:45:39
HDIP000639,CUST-0321,EMP-011,870000.0,2026-06-16 06:56:19,2026-06-16 16:56:19,2026-06-18 16:56:19
HDIP000640,CUST-0171,EMP-017,2316000.0,2026-05-29 06:29:32,2026-05-29 15:29:32,2026-05-30 15:29:32
HDIP000641,CUST-0194,EMP-011,1425000.0,2026-07-05 13:01:19,2026-07-06 13:01:19,2026-07-07 13:01:19
HDIP000642,CUST-0029,EMP-018,498000.0,2025-08-14 03:24:31,2025-08-14 14:24:31,2025-08-18 14:24:31
HDIP000643,CUST-0307,EMP-022,409000.0,2026-03-24 05:01:04,2026-03-24 07:01:04,2026-03-28 07:01:04
HDIP000644,CUST-0318,EMP-004,891000.0,2025-12-03 18:17:42,2025-12-04 16:17:42,2025-12-05 16:17:42
HDIP000645,CUST-0035,EMP-019,805000.0,2026-05-27 10:44:04,2026-05-27 18:44:04,2026-05-29 18:44:04
HDIP000646,CUST-0125,EMP-005,428000.0,2026-05-30 09:39:25,2026-05-30 12:39:25,2026-05-31 12:39:25
HDIP000647,CUST-0184,EMP-010,172000.0,2026-03-08 13:00:03,2026-03-09 08:00:03,2026-03-11 08:00:03
HDIP000648,CUST-0189,EMP-001,767000.0,2026-02-10 21:58:23,2026-02-11 17:58:23,2026-02-13 17:58:23
HDIP000649,CUST-0028,EMP-014,883000.0,2025-12-05 09:26:19,2025-12-05 17:26:19,2025-12-07 17:26:19
HDIP000650,CUST-0240,EMP-020,1516000.0,2026-04-19 18:36:18,2026-04-20 06:36:18,2026-04-23 06:36:18
HDIP000651,CUST-0254,EMP-008,1120000.0,2026-07-17 03:25:45,2026-07-17 05:25:45,2026-07-19 05:25:45
HDIP000652,CUST-0193,EMP-007,216000.0,2025-12-27 08:01:25,2025-12-27 15:01:25,2025-12-28 15:01:25
HDIP000653,CUST-0059,EMP-005,790000.0,2025-11-14 17:12:24,2025-11-15 09:12:24,2025-11-17 09:12:24
HDIP000654,CUST-0090,EMP-008,610000.0,2026-07-03 17:12:02,2026-07-04 03:12:02,2026-07-06 03:12:02
HDIP000655,CUST-0012,EMP-006,621000.0,2026-06-17 05:03:52,2026-06-17 15:03:52,2026-06-18 15:03:52
HDIP000656,CUST-0057,EMP-011,1574000.0,2026-07-23 10:03:22,2026-07-23 18:03:22,2026-07-26 18:03:22
HDIP000657,CUST-0223,EMP-023,907000.0,2025-08-19 06:12:10,2025-08-19 11:12:10,2025-08-21 11:12:10
HDIP000658,CUST-0126,EMP-002,1024000.0,2026-05-17 05:17:00,2026-05-18 02:17:00,2026-05-20 02:17:00
HDIP000659,CUST-0300,EMP-016,829000.0,2025-10-14 03:04:32,2025-10-14 07:04:32,2025-10-18 07:04:32
HDIP000660,CUST-0092,EMP-011,674000.0,2026-04-27 13:41:57,2026-04-28 02:41:57,2026-05-02 02:41:57
HDIP000661,CUST-0333,EMP-002,638000.0,2025-10-13 08:04:49,2025-10-13 17:04:49,2025-10-15 17:04:49
HDIP000662,CUST-0081,EMP-012,337000.0,2025-10-31 17:13:29,2025-11-01 12:13:29,2025-11-02 12:13:29
HDIP000663,CUST-0181,EMP-008,869000.0,2026-03-08 15:45:45,2026-03-08 18:45:45,2026-03-12 18:45:45
HDIP000664,CUST-0163,EMP-009,385000.0,2025-12-20 08:47:44,2025-12-20 10:47:44,2025-12-22 10:47:44
HDIP000665,CUST-0043,EMP-010,1328000.0,2026-06-17 02:28:23,2026-06-17 20:28:23,2026-06-18 20:28:23
HDIP000666,CUST-0169,EMP-009,1058000.0,2025-11-19 10:21:14,2025-11-20 09:21:14,2025-11-23 09:21:14
HDIP000667,CUST-0279,EMP-009,1357000.0,2025-07-28 04:22:54,2025-07-28 15:22:54,2025-07-31 15:22:54
HDIP000668,CUST-0204,EMP-008,334000.0,2025-10-20 23:56:48,2025-10-21 07:56:48,2025-10-25 07:56:48
HDIP000669,CUST-0237,EMP-011,1243000.0,2026-05-28 10:01:19,2026-05-28 14:01:19,2026-05-31 14:01:19
HDIP000670,CUST-0296,EMP-005,1085000.0,2025-11-20 12:58:37,2025-11-20 14:58:37,2025-11-24 14:58:37
HDIP000671,CUST-0276,EMP-010,757000.0,2025-11-28 12:07:17,2025-11-29 08:07:17,2025-11-30 08:07:17
HDIP000672,CUST-0312,EMP-019,191000.0,2026-06-26 13:21:03,2026-06-27 03:21:03,2026-07-01 03:21:03
HDIP000673,CUST-0097,EMP-016,611000.0,2025-09-05 01:25:23,2025-09-05 13:25:23,2025-09-09 13:25:23
HDIP000674,CUST-0309,EMP-016,245000.0,2025-08-04 06:59:35,2025-08-04 13:59:35,2025-08-06 13:59:35
HDIP000675,CUST-0150,EMP-022,608000.0,2026-02-13 12:33:44,2026-02-13 16:33:44,2026-02-17 16:33:44
HDIP000676,CUST-0211,EMP-013,731000.0,2025-09-23 20:31:00,2025-09-24 01:31:00,2025-09-26 01:31:00
HDIP000677,CUST-0159,EMP-014,877000.0,2026-06-07 12:11:04,2026-06-08 12:11:04,2026-06-12 12:11:04
HDIP000678,CUST-0104,EMP-017,1274000.0,2026-04-29 05:38:23,2026-04-30 04:38:23,2026-05-04 04:38:23
HDIP000679,CUST-0033,EMP-013,1800000.0,2026-03-16 18:26:16,2026-03-17 03:26:16,2026-03-20 03:26:16
HDIP000680,CUST-0153,EMP-013,256000.0,2026-03-19 22:40:14,2026-03-20 05:40:14,2026-03-24 05:40:14
HDIP000681,CUST-0235,EMP-013,588000.0,2026-07-13 14:25:12,2026-07-14 13:25:12,2026-07-16 13:25:12
HDIP000682,CUST-0141,EMP-021,760000.0,2026-02-18 16:55:02,2026-02-19 03:55:02,2026-02-20 03:55:02
HDIP000683,CUST-0063,EMP-012,227000.0,2025-08-23 14:11:07,2025-08-23 19:11:07,2025-08-26 19:11:07
HDIP000684,CUST-0023,EMP-015,405000.0,2025-08-04 05:52:08,2025-08-04 09:52:08,2025-08-08 09:52:08
HDIP000685,CUST-0204,EMP-002,1004000.0,2025-07-29 00:55:11,2025-07-29 10:55:11,2025-07-30 10:55:11
HDIP000686,CUST-0043,EMP-018,353000.0,2026-04-06 00:44:05,2026-04-06 09:44:05,2026-04-10 09:44:05
HDIP000687,CUST-0088,EMP-001,415000.0,2026-03-17 14:23:01,2026-03-17 19:23:01,2026-03-19 19:23:01
HDIP000688,CUST-0040,EMP-022,481000.0,2026-05-17 10:00:21,2026-05-17 12:00:21,2026-05-20 12:00:21
HDIP000689,CUST-0018,EMP-022,1005000.0,2026-02-16 14:13:29,2026-02-16 22:13:29,2026-02-20 22:13:29
HDIP000690,CUST-0053,EMP-013,425000.0,2026-04-18 23:20:16,2026-04-19 10:20:16,2026-04-23 10:20:16
HDIP000691,CUST-0104,EMP-008,349000.0,2025-12-17 08:46:55,2025-12-17 17:46:55,2025-12-19 17:46:55
HDIP000692,CUST-0173,EMP-007,506000.0,2026-04-14 22:31:20,2026-04-15 21:31:20,2026-04-16 21:31:20
HDIP000693,CUST-0086,EMP-024,878000.0,2025-09-27 17:50:00,2025-09-27 20:50:00,2025-10-01 20:50:00
HDIP000694,CUST-0278,EMP-013,715000.0,2026-07-24 12:14:20,2026-07-25 03:14:20,2026-07-26 03:14:20
HDIP000695,CUST-0008,EMP-013,150000.0,2026-04-04 20:29:40,2026-04-05 08:29:40,2026-04-06 08:29:40
HDIP000696,CUST-0143,EMP-021,482000.0,2026-03-24 04:05:50,2026-03-24 17:05:50,2026-03-25 17:05:50
HDIP000697,CUST-0256,EMP-004,329000.0,2026-04-27 14:06:41,2026-04-28 09:06:41,2026-04-30 09:06:41
HDIP000698,CUST-0199,EMP-022,325000.0,2026-07-18 22:18:09,2026-07-19 22:18:09,2026-07-21 22:18:09
HDIP000699,CUST-0163,EMP-022,377000.0,2026-01-28 02:37:16,2026-01-28 06:37:16,2026-01-31 06:37:16
HDIP000700,CUST-0262,EMP-021,368000.0,2026-05-08 23:02:49,2026-05-09 08:02:49,2026-05-10 08:02:49
HDIP000701,CUST-0159,EMP-008,901000.0,2026-05-07 10:41:26,2026-05-08 01:41:26,2026-05-10 01:41:26
HDIP000702,CUST-0105,EMP-021,997000.0,2025-08-08 14:09:23,2025-08-08 23:09:23,2025-08-12 23:09:23
HDIP000703,CUST-0267,EMP-014,308000.0,2026-04-02 13:04:14,2026-04-03 00:04:14,2026-04-04 00:04:14
HDIP000704,CUST-0106,EMP-018,1470000.0,2025-08-14 20:50:46,2025-08-15 19:50:46,2025-08-17 19:50:46
HDIP000705,CUST-0034,EMP-016,762000.0,2025-08-21 01:08:49,2025-08-21 09:08:49,2025-08-22 09:08:49
HDIP000706,CUST-0121,EMP-017,517000.0,2025-08-24 05:23:10,2025-08-24 20:23:10,2025-08-28 20:23:10
HDIP000707,CUST-0091,EMP-020,603000.0,2025-10-29 13:24:12,2025-10-30 00:24:12,2025-11-02 00:24:12
HDIP000708,CUST-0204,EMP-013,368000.0,2025-09-28 00:31:59,2025-09-28 17:31:59,2025-10-02 17:31:59
HDIP000709,CUST-0247,EMP-001,1103000.0,2026-05-16 18:32:09,2026-05-17 08:32:09,2026-05-21 08:32:09
HDIP000710,CUST-0238,EMP-010,517000.0,2026-01-17 00:43:39,2026-01-17 11:43:39,2026-01-21 11:43:39
HDIP000711,CUST-0098,EMP-001,1510000.0,2025-07-29 20:27:51,2025-07-30 14:27:51,2025-08-02 14:27:51
HDIP000712,CUST-0158,EMP-021,1702000.0,2026-03-10 08:16:39,2026-03-10 12:16:39,2026-03-14 12:16:39
HDIP000713,CUST-0179,EMP-017,1295000.0,2026-04-26 06:23:47,2026-04-26 23:23:47,2026-04-29 23:23:47
HDIP000714,CUST-0018,EMP-012,1116000.0,2026-03-26 21:44:44,2026-03-27 21:44:44,2026-03-28 21:44:44
HDIP000715,CUST-0131,EMP-008,303000.0,2026-03-15 17:16:43,2026-03-16 13:16:43,2026-03-18 13:16:43
HDIP000716,CUST-0197,EMP-013,1011000.0,2026-04-25 01:53:15,2026-04-25 21:53:15,2026-04-26 21:53:15
HDIP000717,CUST-0257,EMP-018,1411000.0,2026-04-06 14:22:30,2026-04-07 04:22:30,2026-04-10 04:22:30
HDIP000718,CUST-0177,EMP-005,1108000.0,2025-11-06 08:18:03,2025-11-06 16:18:03,2025-11-10 16:18:03
HDIP000719,CUST-0214,EMP-017,927000.0,2026-01-02 18:05:32,2026-01-03 16:05:32,2026-01-06 16:05:32
HDIP000720,CUST-0094,EMP-017,432000.0,2025-09-05 16:20:06,2025-09-06 08:20:06,2025-09-08 08:20:06
HDIP000721,CUST-0133,EMP-014,855000.0,2026-01-12 00:44:44,2026-01-12 22:44:44,2026-01-13 22:44:44
HDIP000722,CUST-0245,EMP-016,1117000.0,2026-04-12 03:50:00,2026-04-12 08:50:00,2026-04-13 08:50:00
HDIP000723,CUST-0299,EMP-002,1824000.0,2025-08-31 11:28:18,2025-08-31 19:28:18,2025-09-01 19:28:18
HDIP000724,CUST-0249,EMP-016,548000.0,2026-05-14 19:46:05,2026-05-15 07:46:05,2026-05-19 07:46:05
HDIP000725,CUST-0123,EMP-012,854000.0,2026-04-09 03:49:09,2026-04-09 17:49:09,2026-04-13 17:49:09
HDIP000726,CUST-0206,EMP-024,784000.0,2026-06-14 07:31:47,2026-06-14 13:31:47,2026-06-15 13:31:47
HDIP000727,CUST-0189,EMP-015,1492000.0,2026-03-22 00:17:44,2026-03-22 23:17:44,2026-03-26 23:17:44
HDIP000728,CUST-0009,EMP-021,675000.0,2025-12-11 18:11:59,2025-12-11 21:11:59,2025-12-14 21:11:59
HDIP000729,CUST-0179,EMP-014,975000.0,2026-07-24 13:44:40,2026-07-25 06:44:40,2026-07-26 06:44:40
HDIP000730,CUST-0259,EMP-002,2083000.0,2025-09-12 12:35:40,2025-09-13 05:35:40,2025-09-14 05:35:40
HDIP000731,CUST-0087,EMP-015,214000.0,2025-09-07 19:02:36,2025-09-08 12:02:36,2025-09-10 12:02:36
HDIP000732,CUST-0046,EMP-004,658000.0,2026-01-09 18:20:26,2026-01-10 18:20:26,2026-01-11 18:20:26
HDIP000733,CUST-0144,EMP-008,2238000.0,2026-04-30 04:02:13,2026-04-30 14:02:13,2026-05-04 14:02:13
HDIP000734,CUST-0034,EMP-021,2861000.0,2025-12-05 03:56:11,2025-12-05 17:56:11,2025-12-09 17:56:11
HDIP000735,CUST-0133,EMP-004,388000.0,2025-11-14 20:56:16,2025-11-15 00:56:16,2025-11-16 00:56:16
HDIP000736,CUST-0060,EMP-019,2294000.0,2025-12-14 16:23:52,2025-12-14 22:23:52,2025-12-17 22:23:52
HDIP000737,CUST-0065,EMP-017,381000.0,2026-04-08 15:22:16,2026-04-09 12:22:16,2026-04-11 12:22:16
HDIP000738,CUST-0162,EMP-005,537000.0,2026-06-06 19:53:26,2026-06-07 06:53:26,2026-06-09 06:53:26
HDIP000739,CUST-0018,EMP-020,324000.0,2025-11-26 04:45:19,2025-11-26 15:45:19,2025-11-27 15:45:19
HDIP000740,CUST-0324,EMP-007,514000.0,2026-02-02 02:48:45,2026-02-02 13:48:45,2026-02-06 13:48:45
HDIP000741,CUST-0108,EMP-024,4684000.0,2026-07-22 18:23:10,2026-07-23 03:23:10,2026-07-24 03:23:10
HDIP000742,CUST-0201,EMP-011,1943000.0,2026-01-04 22:14:34,2026-01-05 21:14:34,2026-01-09 21:14:34
HDIP000743,CUST-0028,EMP-023,1068000.0,2025-11-19 23:00:55,2025-11-20 15:00:55,2025-11-22 15:00:55
HDIP000744,CUST-0101,EMP-024,1166000.0,2026-04-03 18:49:06,2026-04-03 20:49:06,2026-04-06 20:49:06
HDIP000745,CUST-0348,EMP-006,205000.0,2026-07-19 11:38:57,2026-07-19 14:38:57,2026-07-20 14:38:57
HDIP000746,CUST-0061,EMP-017,1653000.0,2026-04-03 08:11:27,2026-04-03 20:11:27,2026-04-07 20:11:27
HDIP000747,CUST-0344,EMP-022,625000.0,2025-08-28 16:04:36,2025-08-29 08:04:36,2025-09-02 08:04:36
HDIP000748,CUST-0062,EMP-004,564000.0,2025-08-25 23:04:22,2025-08-26 04:04:22,2025-08-30 04:04:22
HDIP000749,CUST-0246,EMP-009,284000.0,2026-04-20 06:50:01,2026-04-20 11:50:01,2026-04-22 11:50:01
HDIP000750,CUST-0293,EMP-005,1488000.0,2025-09-01 11:41:59,2025-09-01 23:41:59,2025-09-02 23:41:59
HDIP000751,CUST-0202,EMP-018,340000.0,2026-06-07 08:08:46,2026-06-08 03:08:46,2026-06-12 03:08:46
HDIP000752,CUST-0334,EMP-004,418000.0,2026-05-13 12:02:45,2026-05-13 20:02:45,2026-05-14 20:02:45
HDIP000753,CUST-0285,EMP-015,487000.0,2026-05-31 18:09:43,2026-06-01 06:09:43,2026-06-02 06:09:43
HDIP000754,CUST-0045,EMP-018,2626000.0,2025-11-01 14:01:17,2025-11-01 17:01:17,2025-11-02 17:01:17
HDIP000755,CUST-0072,EMP-019,919000.0,2026-01-31 08:05:55,2026-02-01 08:05:55,2026-02-04 08:05:55
HDIP000756,CUST-0023,EMP-008,179000.0,2025-08-08 03:13:31,2025-08-08 11:13:31,2025-08-10 11:13:31
HDIP000757,CUST-0309,EMP-018,308000.0,2025-10-16 18:28:43,2025-10-17 14:28:43,2025-10-20 14:28:43
HDIP000758,CUST-0282,EMP-009,638000.0,2025-11-03 02:30:07,2025-11-03 16:30:07,2025-11-05 16:30:07
HDIP000759,CUST-0218,EMP-023,262000.0,2025-09-18 11:58:14,2025-09-19 06:58:14,2025-09-21 06:58:14
HDIP000760,CUST-0331,EMP-007,180000.0,2026-04-28 07:57:00,2026-04-28 20:57:00,2026-04-30 20:57:00
HDIP000761,CUST-0195,EMP-001,373000.0,2026-03-16 06:52:03,2026-03-16 15:52:03,2026-03-17 15:52:03
HDIP000762,CUST-0209,EMP-003,592000.0,2025-11-29 18:40:29,2025-11-30 16:40:29,2025-12-01 16:40:29
HDIP000763,CUST-0116,EMP-009,2782000.0,2025-07-28 16:46:23,2025-07-28 21:46:23,2025-08-01 21:46:23
HDIP000764,CUST-0283,EMP-009,438000.0,2026-03-17 18:50:33,2026-03-17 23:50:33,2026-03-18 23:50:33
HDIP000765,CUST-0348,EMP-018,404000.0,2026-02-24 02:47:35,2026-02-24 23:47:35,2026-02-28 23:47:35
HDIP000766,CUST-0065,EMP-005,544000.0,2025-12-18 23:31:06,2025-12-19 19:31:06,2025-12-22 19:31:06
HDIP000767,CUST-0128,EMP-022,509000.0,2026-03-18 06:21:48,2026-03-18 21:21:48,2026-03-22 21:21:48
HDIP000768,CUST-0147,EMP-009,633000.0,2026-01-06 23:53:59,2026-01-07 17:53:59,2026-01-09 17:53:59
HDIP000769,CUST-0209,EMP-025,580000.0,2025-11-23 07:45:34,2025-11-23 11:45:34,2025-11-24 11:45:34
HDIP000770,CUST-0295,EMP-002,1410000.0,2025-08-26 17:13:50,2025-08-27 04:13:50,2025-08-31 04:13:50
HDIP000771,CUST-0273,EMP-023,498000.0,2025-09-11 07:03:00,2025-09-11 21:03:00,2025-09-12 21:03:00
HDIP000772,CUST-0177,EMP-008,1916000.0,2026-05-07 20:39:44,2026-05-08 19:39:44,2026-05-09 19:39:44
HDIP000773,CUST-0039,EMP-012,1617000.0,2026-06-15 20:41:55,2026-06-16 02:41:55,2026-06-19 02:41:55
HDIP000774,CUST-0149,EMP-010,369000.0,2026-01-28 11:53:19,2026-01-28 22:53:19,2026-01-31 22:53:19
HDIP000775,CUST-0112,EMP-010,1467000.0,2026-07-20 16:45:49,2026-07-21 14:45:49,2026-07-22 14:45:49
HDIP000776,CUST-0096,EMP-013,216000.0,2025-12-09 13:19:15,2025-12-09 15:19:15,2025-12-10 15:19:15
HDIP000777,CUST-0079,EMP-014,200000.0,2025-09-10 23:08:14,2025-09-11 16:08:14,2025-09-12 16:08:14
HDIP000778,CUST-0203,EMP-012,1524000.0,2025-11-18 02:22:41,2025-11-18 15:22:41,2025-11-22 15:22:41
HDIP000779,CUST-0223,EMP-001,125000.0,2025-12-11 09:10:09,2025-12-12 09:10:09,2025-12-14 09:10:09
HDIP000780,CUST-0216,EMP-024,1307000.0,2025-11-30 11:58:26,2025-11-30 14:58:26,2025-12-02 14:58:26
HDIP000781,CUST-0254,EMP-022,1750000.0,2026-04-28 06:47:39,2026-04-28 12:47:39,2026-05-01 12:47:39
HDIP000782,CUST-0011,EMP-005,2854000.0,2025-09-23 06:35:48,2025-09-23 19:35:48,2025-09-24 19:35:48
HDIP000783,CUST-0149,EMP-010,190000.0,2026-01-29 14:01:44,2026-01-29 18:01:44,2026-02-02 18:01:44
HDIP000784,CUST-0128,EMP-009,2474000.0,2026-05-18 15:15:34,2026-05-18 20:15:34,2026-05-21 20:15:34
HDIP000785,CUST-0118,EMP-004,832000.0,2025-09-14 05:55:35,2025-09-14 19:55:35,2025-09-15 19:55:35
HDIP000786,CUST-0010,EMP-020,422000.0,2025-10-10 09:39:09,2025-10-10 13:39:09,2025-10-11 13:39:09
HDIP000787,CUST-0119,EMP-008,472000.0,2025-12-02 10:14:41,2025-12-03 01:14:41,2025-12-07 01:14:41
HDIP000788,CUST-0057,EMP-009,927000.0,2025-12-13 01:36:56,2025-12-13 11:36:56,2025-12-16 11:36:56
HDIP000789,CUST-0339,EMP-024,791000.0,2025-11-26 18:44:19,2025-11-27 02:44:19,2025-11-30 02:44:19
HDIP000790,CUST-0187,EMP-011,792000.0,2025-11-20 01:39:01,2025-11-20 06:39:01,2025-11-21 06:39:01
HDIP000791,CUST-0186,EMP-024,281000.0,2026-05-23 07:51:35,2026-05-24 03:51:35,2026-05-27 03:51:35
HDIP000792,CUST-0045,EMP-004,794000.0,2025-09-13 13:03:08,2025-09-14 11:03:08,2025-09-15 11:03:08
HDIP000793,CUST-0099,EMP-023,1704000.0,2026-01-13 23:42:57,2026-01-14 04:42:57,2026-01-15 04:42:57
HDIP000794,CUST-0130,EMP-025,1444000.0,2026-06-21 07:27:42,2026-06-22 02:27:42,2026-06-25 02:27:42
HDIP000795,CUST-0012,EMP-006,184000.0,2026-03-14 13:21:25,2026-03-14 23:21:25,2026-03-16 23:21:25
HDIP000796,CUST-0098,EMP-024,1224000.0,2026-06-06 04:50:34,2026-06-06 18:50:34,2026-06-10 18:50:34
HDIP000797,CUST-0197,EMP-018,945000.0,2026-05-23 13:06:55,2026-05-24 03:06:55,2026-05-28 03:06:55
HDIP000798,CUST-0005,EMP-017,475000.0,2026-01-17 17:51:28,2026-01-18 11:51:28,2026-01-21 11:51:28
HDIP000799,CUST-0283,EMP-004,1060000.0,2025-09-29 07:41:33,2025-09-29 16:41:33,2025-09-30 16:41:33
HDIP000800,CUST-0027,EMP-021,524000.0,2025-10-29 13:45:49,2025-10-29 21:45:49,2025-10-30 21:45:49
HDIP000801,CUST-0167,EMP-003,1254000.0,2026-04-24 20:13:12,2026-04-25 15:13:12,2026-04-28 15:13:12
HDIP000802,CUST-0006,EMP-012,220000.0,2025-10-18 00:40:27,2025-10-18 10:40:27,2025-10-20 10:40:27
HDIP000803,CUST-0055,EMP-024,1742000.0,2026-05-10 11:55:06,2026-05-11 11:55:06,2026-05-15 11:55:06
HDIP000804,CUST-0080,EMP-015,326000.0,2025-10-22 20:39:23,2025-10-23 11:39:23,2025-10-26 11:39:23
HDIP000805,CUST-0236,EMP-006,1061000.0,2026-06-06 14:45:52,2026-06-06 21:45:52,2026-06-08 21:45:52
HDIP000806,CUST-0202,EMP-022,401000.0,2026-03-17 22:09:09,2026-03-18 06:09:09,2026-03-19 06:09:09
HDIP000807,CUST-0207,EMP-004,976000.0,2026-05-02 03:52:12,2026-05-02 21:52:12,2026-05-04 21:52:12
HDIP000808,CUST-0007,EMP-025,356000.0,2026-06-12 09:49:15,2026-06-13 07:49:15,2026-06-14 07:49:15
HDIP000809,CUST-0322,EMP-020,1227000.0,2025-07-30 02:38:25,2025-07-30 04:38:25,2025-07-31 04:38:25
HDIP000810,CUST-0289,EMP-015,171000.0,2026-06-06 13:31:27,2026-06-06 20:31:27,2026-06-09 20:31:27
HDIP000811,CUST-0137,EMP-021,1614000.0,2026-02-20 23:40:47,2026-02-21 04:40:47,2026-02-22 04:40:47
HDIP000812,CUST-0198,EMP-005,506000.0,2025-12-09 01:55:38,2025-12-09 23:55:38,2025-12-12 23:55:38
HDIP000813,CUST-0058,EMP-016,119000.0,2025-09-28 17:14:42,2025-09-28 22:14:42,2025-09-30 22:14:42
HDIP000814,CUST-0171,EMP-004,1124000.0,2025-12-11 20:52:59,2025-12-12 00:52:59,2025-12-13 00:52:59
HDIP000815,CUST-0077,EMP-022,679000.0,2026-04-17 17:38:32,2026-04-18 04:38:32,2026-04-21 04:38:32
HDIP000816,CUST-0339,EMP-012,1275000.0,2026-07-22 03:55:45,2026-07-22 13:55:45,2026-07-23 13:55:45
HDIP000817,CUST-0035,EMP-004,1605000.0,2026-03-06 06:43:34,2026-03-06 21:43:34,2026-03-09 21:43:34
HDIP000818,CUST-0198,EMP-012,1028000.0,2025-11-25 21:04:44,2025-11-26 14:04:44,2025-11-30 14:04:44
HDIP000819,CUST-0126,EMP-013,888000.0,2026-01-03 11:01:51,2026-01-04 06:01:51,2026-01-08 06:01:51
HDIP000820,CUST-0216,EMP-017,594000.0,2026-03-06 07:02:20,2026-03-07 07:02:20,2026-03-09 07:02:20
HDIP000821,CUST-0069,EMP-004,1935000.0,2025-08-17 00:08:30,2025-08-17 13:08:30,2025-08-20 13:08:30
HDIP000822,CUST-0125,EMP-007,613000.0,2026-06-11 08:41:55,2026-06-11 17:41:55,2026-06-12 17:41:55
HDIP000823,CUST-0218,EMP-012,806000.0,2025-08-14 20:56:00,2025-08-15 20:56:00,2025-08-16 20:56:00
HDIP000824,CUST-0073,EMP-003,752000.0,2025-10-28 00:49:57,2025-10-28 04:49:57,2025-10-29 04:49:57
HDIP000825,CUST-0271,EMP-023,1421000.0,2025-11-18 04:27:15,2025-11-18 21:27:15,2025-11-22 21:27:15
HDIP000826,CUST-0031,EMP-021,1064000.0,2025-08-06 08:12:43,2025-08-07 05:12:43,2025-08-09 05:12:43
HDIP000827,CUST-0284,EMP-023,982000.0,2026-06-12 00:30:38,2026-06-12 10:30:38,2026-06-15 10:30:38
HDIP000828,CUST-0109,EMP-013,318000.0,2026-03-22 06:44:46,2026-03-22 09:44:46,2026-03-24 09:44:46
HDIP000829,CUST-0310,EMP-003,878000.0,2026-06-06 23:43:12,2026-06-07 23:43:12,2026-06-11 23:43:12
HDIP000830,CUST-0332,EMP-014,320000.0,2025-10-08 11:51:39,2025-10-08 21:51:39,2025-10-09 21:51:39
HDIP000831,CUST-0015,EMP-008,418000.0,2025-11-11 11:11:58,2025-11-11 18:11:58,2025-11-12 18:11:58
HDIP000832,CUST-0097,EMP-018,1013000.0,2025-10-11 05:03:43,2025-10-12 03:03:43,2025-10-13 03:03:43
HDIP000833,CUST-0023,EMP-019,710000.0,2026-05-27 18:16:39,2026-05-28 11:16:39,2026-05-29 11:16:39
HDIP000834,CUST-0183,EMP-025,201000.0,2025-11-11 13:01:09,2025-11-12 03:01:09,2025-11-14 03:01:09
HDIP000835,CUST-0346,EMP-004,408000.0,2025-11-30 12:56:58,2025-12-01 03:56:58,2025-12-02 03:56:58
HDIP000836,CUST-0149,EMP-006,357000.0,2025-09-21 17:16:30,2025-09-22 16:16:30,2025-09-26 16:16:30
HDIP000837,CUST-0119,EMP-007,1336000.0,2026-06-03 11:03:44,2026-06-04 10:03:44,2026-06-06 10:03:44
HDIP000838,CUST-0174,EMP-010,673000.0,2025-12-11 19:13:55,2025-12-12 16:13:55,2025-12-16 16:13:55
HDIP000839,CUST-0123,EMP-007,1735000.0,2026-03-18 22:03:41,2026-03-19 19:03:41,2026-03-20 19:03:41
HDIP000840,CUST-0161,EMP-006,487000.0,2026-07-22 14:52:22,2026-07-23 01:52:22,2026-07-25 01:52:22
HDIP000841,CUST-0037,EMP-006,4125000.0,2026-04-26 20:37:30,2026-04-27 12:37:30,2026-04-30 12:37:30
HDIP000842,CUST-0226,EMP-012,260000.0,2026-02-08 21:29:35,2026-02-09 18:29:35,2026-02-12 18:29:35
HDIP000843,CUST-0135,EMP-022,1031000.0,2025-08-10 10:36:19,2025-08-11 07:36:19,2025-08-12 07:36:19
HDIP000844,CUST-0149,EMP-013,1030000.0,2025-09-24 07:25:30,2025-09-25 03:25:30,2025-09-29 03:25:30
HDIP000845,CUST-0056,EMP-003,1954000.0,2025-10-02 21:06:35,2025-10-03 02:06:35,2025-10-07 02:06:35
HDIP000846,CUST-0244,EMP-004,586000.0,2025-11-09 23:29:02,2025-11-10 15:29:02,2025-11-11 15:29:02
HDIP000847,CUST-0195,EMP-002,2084000.0,2026-07-23 13:16:37,2026-07-24 02:16:37,2026-07-28 02:16:37
HDIP000848,CUST-0232,EMP-014,599000.0,2026-02-13 16:07:30,2026-02-14 00:07:30,2026-02-17 00:07:30
HDIP000849,CUST-0176,EMP-025,314000.0,2025-11-17 04:11:43,2025-11-17 11:11:43,2025-11-19 11:11:43
HDIP000850,CUST-0083,EMP-023,1260000.0,2026-01-10 11:57:43,2026-01-11 00:57:43,2026-01-15 00:57:43
HDIP000851,CUST-0341,EMP-024,336000.0,2026-05-09 08:34:36,2026-05-09 20:34:36,2026-05-10 20:34:36
HDIP000852,CUST-0163,EMP-004,517000.0,2026-05-28 10:58:19,2026-05-29 09:58:19,2026-06-02 09:58:19
HDIP000853,CUST-0065,EMP-021,1154000.0,2026-01-15 08:53:12,2026-01-16 06:53:12,2026-01-17 06:53:12
HDIP000854,CUST-0280,EMP-025,864000.0,2025-09-27 09:00:50,2025-09-28 06:00:50,2025-10-02 06:00:50
HDIP000855,CUST-0296,EMP-001,172000.0,2025-12-15 15:52:48,2025-12-16 04:52:48,2025-12-17 04:52:48
HDIP000856,CUST-0256,EMP-021,161000.0,2026-01-17 23:02:41,2026-01-18 14:02:41,2026-01-22 14:02:41
HDIP000857,CUST-0172,EMP-004,751000.0,2026-07-19 15:02:14,2026-07-19 22:02:14,2026-07-23 22:02:14
HDIP000858,CUST-0278,EMP-014,2444000.0,2025-12-20 01:16:05,2025-12-20 12:16:05,2025-12-24 12:16:05
HDIP000859,CUST-0046,EMP-021,365000.0,2025-07-31 05:56:46,2025-08-01 02:56:46,2025-08-05 02:56:46
HDIP000860,CUST-0052,EMP-021,950000.0,2026-01-13 08:11:00,2026-01-14 02:11:00,2026-01-15 02:11:00
HDIP000861,CUST-0101,EMP-016,300000.0,2025-09-11 04:42:37,2025-09-11 17:42:37,2025-09-15 17:42:37
HDIP000862,CUST-0203,EMP-001,1685000.0,2026-07-24 18:42:13,2026-07-25 07:42:13,2026-07-27 07:42:13
HDIP000863,CUST-0345,EMP-008,171000.0,2025-07-26 11:35:29,2025-07-27 02:35:29,2025-07-28 02:35:29
HDIP000864,CUST-0308,EMP-011,171000.0,2025-12-02 00:06:17,2025-12-02 07:06:17,2025-12-06 07:06:17
HDIP000865,CUST-0202,EMP-002,325000.0,2026-06-01 01:47:33,2026-06-01 21:47:33,2026-06-05 21:47:33
HDIP000866,CUST-0089,EMP-013,387000.0,2026-07-11 00:19:41,2026-07-11 12:19:41,2026-07-13 12:19:41
HDIP000867,CUST-0259,EMP-004,2093000.0,2026-03-27 02:17:51,2026-03-27 22:17:51,2026-03-31 22:17:51
HDIP000868,CUST-0224,EMP-001,657000.0,2026-03-26 02:33:30,2026-03-26 22:33:30,2026-03-28 22:33:30
HDIP000869,CUST-0293,EMP-013,1327000.0,2025-08-03 16:33:32,2025-08-03 22:33:32,2025-08-07 22:33:32
HDIP000870,CUST-0100,EMP-018,1634000.0,2026-06-16 06:27:55,2026-06-16 15:27:55,2026-06-20 15:27:55
HDIP000871,CUST-0057,EMP-015,132000.0,2026-07-19 22:57:41,2026-07-20 19:57:41,2026-07-21 19:57:41
HDIP000872,CUST-0048,EMP-003,448000.0,2026-02-01 19:32:16,2026-02-02 08:32:16,2026-02-04 08:32:16
HDIP000873,CUST-0038,EMP-016,1445000.0,2026-03-24 20:37:34,2026-03-25 00:37:34,2026-03-27 00:37:34
HDIP000874,CUST-0153,EMP-001,1263000.0,2026-07-10 19:21:30,2026-07-11 02:21:30,2026-07-12 02:21:30
HDIP000875,CUST-0315,EMP-020,946000.0,2026-02-22 02:25:44,2026-02-22 04:25:44,2026-02-24 04:25:44
HDIP000876,CUST-0266,EMP-017,1058000.0,2026-05-16 09:30:38,2026-05-16 15:30:38,2026-05-18 15:30:38
HDIP000877,CUST-0138,EMP-009,580000.0,2026-01-27 21:26:36,2026-01-28 05:26:36,2026-01-29 05:26:36
HDIP000878,CUST-0254,EMP-014,204000.0,2026-02-08 23:08:44,2026-02-09 13:08:44,2026-02-11 13:08:44
HDIP000879,CUST-0144,EMP-013,966000.0,2025-09-02 19:53:14,2025-09-03 15:53:14,2025-09-06 15:53:14
HDIP000880,CUST-0222,EMP-015,2043000.0,2026-01-05 10:21:30,2026-01-06 07:21:30,2026-01-09 07:21:30
HDIP000881,CUST-0231,EMP-006,1509000.0,2026-07-05 07:06:44,2026-07-05 10:06:44,2026-07-08 10:06:44
HDIP000882,CUST-0181,EMP-013,1679000.0,2025-08-05 11:54:03,2025-08-05 16:54:03,2025-08-07 16:54:03
HDIP000883,CUST-0063,EMP-001,1715000.0,2025-11-25 14:18:22,2025-11-26 14:18:22,2025-11-27 14:18:22
HDIP000884,CUST-0034,EMP-013,1241000.0,2025-11-12 00:19:00,2025-11-12 21:19:00,2025-11-14 21:19:00
HDIP000885,CUST-0039,EMP-019,902000.0,2026-07-06 13:04:19,2026-07-07 11:04:19,2026-07-11 11:04:19
HDIP000886,CUST-0256,EMP-002,227000.0,2025-11-08 10:34:39,2025-11-09 01:34:39,2025-11-10 01:34:39
HDIP000887,CUST-0197,EMP-008,1514000.0,2026-03-05 17:24:23,2026-03-05 19:24:23,2026-03-08 19:24:23
HDIP000888,CUST-0237,EMP-010,1720000.0,2025-09-13 18:23:23,2025-09-14 08:23:23,2025-09-15 08:23:23
HDIP000889,CUST-0155,EMP-009,206000.0,2025-11-25 01:15:43,2025-11-25 14:15:43,2025-11-29 14:15:43
HDIP000890,CUST-0025,EMP-013,1078000.0,2025-11-17 18:32:17,2025-11-18 18:32:17,2025-11-22 18:32:17
HDIP000891,CUST-0015,EMP-008,910000.0,2025-08-12 10:41:15,2025-08-12 12:41:15,2025-08-14 12:41:15
HDIP000892,CUST-0224,EMP-008,2326000.0,2025-09-28 23:08:22,2025-09-29 03:08:22,2025-10-01 03:08:22
HDIP000893,CUST-0027,EMP-009,301000.0,2026-07-02 21:58:23,2026-07-03 00:58:23,2026-07-04 00:58:23
HDIP000894,CUST-0314,EMP-013,935000.0,2025-11-06 16:36:10,2025-11-07 16:36:10,2025-11-09 16:36:10
HDIP000895,CUST-0124,EMP-019,2284000.0,2026-01-26 11:26:27,2026-01-27 10:26:27,2026-01-31 10:26:27
HDIP000896,CUST-0040,EMP-003,509000.0,2026-02-01 22:54:00,2026-02-02 01:54:00,2026-02-04 01:54:00
HDIP000897,CUST-0097,EMP-016,1415000.0,2025-09-03 11:10:28,2025-09-03 23:10:28,2025-09-05 23:10:28
HDIP000898,CUST-0055,EMP-005,1513000.0,2025-10-17 20:03:45,2025-10-18 09:03:45,2025-10-22 09:03:45
HDIP000899,CUST-0057,EMP-008,195000.0,2025-07-31 07:27:03,2025-07-31 23:27:03,2025-08-02 23:27:03
HDIP000900,CUST-0181,EMP-009,482000.0,2025-09-08 19:43:13,2025-09-09 14:43:13,2025-09-10 14:43:13
HDIP000901,CUST-0221,EMP-017,368000.0,2025-12-01 11:31:04,2025-12-01 14:31:04,2025-12-05 14:31:04
HDIP000902,CUST-0217,EMP-007,281000.0,2025-11-16 01:10:25,2025-11-16 09:10:25,2025-11-20 09:10:25
HDIP000903,CUST-0266,EMP-014,767000.0,2025-09-05 06:30:50,2025-09-06 05:30:50,2025-09-07 05:30:50
HDIP000904,CUST-0034,EMP-018,1502000.0,2025-09-02 02:31:36,2025-09-02 12:31:36,2025-09-04 12:31:36
HDIP000905,CUST-0088,EMP-007,394000.0,2025-12-06 21:00:56,2025-12-07 19:00:56,2025-12-10 19:00:56
HDIP000906,CUST-0319,EMP-016,274000.0,2026-05-07 21:39:55,2026-05-08 08:39:55,2026-05-10 08:39:55
HDIP000907,CUST-0171,EMP-015,244000.0,2025-09-17 22:49:32,2025-09-18 00:49:32,2025-09-22 00:49:32
HDIP000908,CUST-0040,EMP-006,2032000.0,2026-04-14 15:28:13,2026-04-14 17:28:13,2026-04-17 17:28:13
HDIP000909,CUST-0258,EMP-006,649000.0,2026-05-14 01:52:48,2026-05-14 07:52:48,2026-05-15 07:52:48
HDIP000910,CUST-0252,EMP-024,601000.0,2025-12-08 02:21:23,2025-12-08 21:21:23,2025-12-11 21:21:23
HDIP000911,CUST-0266,EMP-025,233000.0,2026-04-08 17:10:54,2026-04-09 14:10:54,2026-04-13 14:10:54
HDIP000912,CUST-0011,EMP-005,356000.0,2025-12-31 05:17:24,2025-12-31 14:17:24,2026-01-02 14:17:24
HDIP000913,CUST-0221,EMP-012,2930000.0,2025-10-12 23:45:56,2025-10-13 03:45:56,2025-10-15 03:45:56
HDIP000914,CUST-0179,EMP-011,1239000.0,2025-12-23 17:28:07,2025-12-24 13:28:07,2025-12-28 13:28:07
HDIP000915,CUST-0148,EMP-004,1121000.0,2025-07-28 02:31:37,2025-07-28 19:31:37,2025-07-30 19:31:37
HDIP000916,CUST-0156,EMP-016,374000.0,2025-11-13 19:37:04,2025-11-13 23:37:04,2025-11-16 23:37:04
HDIP000917,CUST-0064,EMP-002,420000.0,2026-01-30 12:44:43,2026-01-30 23:44:43,2026-01-31 23:44:43
HDIP000918,CUST-0129,EMP-005,2765000.0,2025-12-07 21:06:38,2025-12-08 08:06:38,2025-12-10 08:06:38
HDIP000919,CUST-0348,EMP-021,1856000.0,2025-12-21 20:51:56,2025-12-22 11:51:56,2025-12-26 11:51:56
HDIP000920,CUST-0350,EMP-025,240000.0,2025-10-10 08:22:37,2025-10-10 18:22:37,2025-10-12 18:22:37
HDIP000921,CUST-0153,EMP-019,1110000.0,2026-07-19 22:12:44,2026-07-20 20:12:44,2026-07-24 20:12:44
HDIP000922,CUST-0227,EMP-023,1037000.0,2025-11-23 12:38:21,2025-11-24 06:38:21,2025-11-27 06:38:21
HDIP000923,CUST-0014,EMP-025,952000.0,2026-01-04 08:05:10,2026-01-04 12:05:10,2026-01-06 12:05:10
HDIP000924,CUST-0279,EMP-019,769000.0,2026-06-30 18:34:41,2026-07-01 05:34:41,2026-07-02 05:34:41
HDIP000925,CUST-0044,EMP-002,697000.0,2025-11-06 19:03:08,2025-11-07 17:03:08,2025-11-08 17:03:08
HDIP000926,CUST-0247,EMP-023,938000.0,2025-11-30 12:51:03,2025-11-30 15:51:03,2025-12-01 15:51:03
HDIP000927,CUST-0074,EMP-018,731000.0,2026-05-08 10:05:35,2026-05-09 03:05:35,2026-05-11 03:05:35
HDIP000928,CUST-0155,EMP-021,532000.0,2025-11-22 14:33:10,2025-11-22 16:33:10,2025-11-26 16:33:10
HDIP000929,CUST-0267,EMP-004,1031000.0,2025-10-28 20:58:04,2025-10-29 04:58:04,2025-10-30 04:58:04
HDIP000930,CUST-0208,EMP-016,1471000.0,2025-10-04 08:15:14,2025-10-04 17:15:14,2025-10-07 17:15:14
HDIP000931,CUST-0337,EMP-008,515000.0,2025-09-29 04:34:59,2025-09-29 22:34:59,2025-10-01 22:34:59
HDIP000932,CUST-0141,EMP-013,828000.0,2025-12-21 16:57:02,2025-12-22 16:57:02,2025-12-23 16:57:02
HDIP000933,CUST-0200,EMP-001,647000.0,2026-03-07 07:50:50,2026-03-07 18:50:50,2026-03-08 18:50:50
HDIP000934,CUST-0072,EMP-015,101000.0,2026-07-02 13:37:47,2026-07-03 05:37:47,2026-07-06 05:37:47
HDIP000935,CUST-0108,EMP-012,1263000.0,2026-07-10 09:13:15,2026-07-11 09:13:15,2026-07-15 09:13:15
HDIP000936,CUST-0236,EMP-023,1157000.0,2026-06-23 08:10:04,2026-06-23 14:10:04,2026-06-26 14:10:04
HDIP000937,CUST-0295,EMP-023,481000.0,2026-07-20 00:56:56,2026-07-20 18:56:56,2026-07-23 18:56:56
HDIP000938,CUST-0179,EMP-019,633000.0,2026-03-21 16:07:28,2026-03-22 06:07:28,2026-03-23 06:07:28
HDIP000939,CUST-0050,EMP-022,780000.0,2025-09-04 02:53:11,2025-09-04 19:53:11,2025-09-08 19:53:11
HDIP000940,CUST-0122,EMP-004,1215000.0,2026-07-09 07:31:51,2026-07-09 14:31:51,2026-07-13 14:31:51
HDIP000941,CUST-0311,EMP-021,475000.0,2026-06-16 08:32:23,2026-06-16 10:32:23,2026-06-18 10:32:23
HDIP000942,CUST-0327,EMP-019,664000.0,2026-02-25 23:30:00,2026-02-26 07:30:00,2026-02-28 07:30:00
HDIP000943,CUST-0104,EMP-024,356000.0,2025-09-25 19:37:28,2025-09-26 10:37:28,2025-09-28 10:37:28
HDIP000944,CUST-0050,EMP-007,675000.0,2025-08-06 18:39:07,2025-08-07 00:39:07,2025-08-08 00:39:07
HDIP000945,CUST-0175,EMP-006,322000.0,2026-04-15 20:54:27,2026-04-16 18:54:27,2026-04-20 18:54:27
HDIP000946,CUST-0257,EMP-012,1556000.0,2025-12-10 07:31:23,2025-12-11 04:31:23,2025-12-13 04:31:23
HDIP000947,CUST-0052,EMP-004,1080000.0,2026-02-03 13:10:31,2026-02-03 22:10:31,2026-02-04 22:10:31
HDIP000948,CUST-0200,EMP-023,1554000.0,2025-12-10 20:45:30,2025-12-11 00:45:30,2025-12-13 00:45:30
HDIP000949,CUST-0299,EMP-016,349000.0,2026-07-23 17:37:54,2026-07-24 03:37:54,2026-07-25 03:37:54
HDIP000950,CUST-0031,EMP-005,2801000.0,2025-10-12 04:25:57,2025-10-12 23:25:57,2025-10-15 23:25:57
HDIP000951,CUST-0178,EMP-003,958000.0,2026-01-02 12:28:47,2026-01-03 09:28:47,2026-01-04 09:28:47
HDIP000952,CUST-0221,EMP-016,2128000.0,2025-11-19 16:54:15,2025-11-20 01:54:15,2025-11-21 01:54:15
HDIP000953,CUST-0199,EMP-025,472000.0,2025-12-18 08:51:29,2025-12-19 08:51:29,2025-12-21 08:51:29
HDIP000954,CUST-0225,EMP-004,443000.0,2026-07-08 06:51:13,2026-07-09 03:51:13,2026-07-12 03:51:13
HDIP000955,CUST-0122,EMP-008,365000.0,2025-08-29 14:15:24,2025-08-30 10:15:24,2025-08-31 10:15:24
HDIP000956,CUST-0291,EMP-002,757000.0,2026-06-01 05:51:04,2026-06-01 07:51:04,2026-06-03 07:51:04
HDIP000957,CUST-0150,EMP-005,393000.0,2026-03-17 06:19:26,2026-03-17 20:19:26,2026-03-21 20:19:26
HDIP000958,CUST-0183,EMP-008,1970000.0,2026-01-13 02:56:59,2026-01-14 02:56:59,2026-01-17 02:56:59
HDIP000959,CUST-0211,EMP-023,357000.0,2026-03-23 09:06:19,2026-03-24 02:06:19,2026-03-27 02:06:19
HDIP000960,CUST-0119,EMP-010,1088000.0,2026-05-08 23:55:48,2026-05-09 18:55:48,2026-05-11 18:55:48
HDIP000961,CUST-0019,EMP-008,1228000.0,2026-04-22 01:51:32,2026-04-22 17:51:32,2026-04-26 17:51:32
HDIP000962,CUST-0196,EMP-013,678000.0,2026-01-13 07:24:15,2026-01-13 10:24:15,2026-01-15 10:24:15
HDIP000963,CUST-0027,EMP-022,1786000.0,2025-11-20 09:01:35,2025-11-20 12:01:35,2025-11-23 12:01:35
HDIP000964,CUST-0223,EMP-014,949000.0,2026-05-24 19:19:08,2026-05-24 22:19:08,2026-05-25 22:19:08
HDIP000965,CUST-0291,EMP-025,3861000.0,2026-02-11 09:27:31,2026-02-11 19:27:31,2026-02-13 19:27:31
HDIP000966,CUST-0152,EMP-011,1271000.0,2026-03-03 15:42:58,2026-03-04 05:42:58,2026-03-05 05:42:58
HDIP000967,CUST-0007,EMP-004,2967000.0,2025-11-21 01:18:37,2025-11-21 21:18:37,2025-11-24 21:18:37
HDIP000968,CUST-0327,EMP-018,971000.0,2025-10-17 11:16:46,2025-10-18 02:16:46,2025-10-19 02:16:46
HDIP000969,CUST-0226,EMP-006,803000.0,2025-11-02 01:38:21,2025-11-02 11:38:21,2025-11-05 11:38:21
HDIP000970,CUST-0095,EMP-022,602000.0,2026-02-06 15:48:19,2026-02-07 07:48:19,2026-02-10 07:48:19
HDIP000971,CUST-0133,EMP-009,813000.0,2025-07-31 03:04:21,2025-08-01 02:04:21,2025-08-04 02:04:21
HDIP000972,CUST-0058,EMP-017,824000.0,2025-08-23 22:43:43,2025-08-24 07:43:43,2025-08-26 07:43:43
HDIP000973,CUST-0213,EMP-003,535000.0,2026-03-31 03:39:39,2026-03-31 18:39:39,2026-04-03 18:39:39
HDIP000974,CUST-0172,EMP-014,726000.0,2026-07-08 09:08:31,2026-07-09 07:08:31,2026-07-12 07:08:31
HDIP000975,CUST-0303,EMP-001,1121000.0,2025-09-04 02:59:42,2025-09-04 23:59:42,2025-09-06 23:59:42
HDIP000976,CUST-0017,EMP-022,2416000.0,2026-05-02 22:04:18,2026-05-03 04:04:18,2026-05-07 04:04:18
HDIP000977,CUST-0215,EMP-018,656000.0,2026-05-05 13:19:15,2026-05-05 18:19:15,2026-05-06 18:19:15
HDIP000978,CUST-0151,EMP-008,371000.0,2025-11-29 12:24:06,2025-11-29 21:24:06,2025-12-02 21:24:06
HDIP000979,CUST-0124,EMP-015,352000.0,2026-05-05 11:00:56,2026-05-06 02:00:56,2026-05-09 02:00:56
HDIP000980,CUST-0335,EMP-016,1379000.0,2026-03-16 21:53:10,2026-03-17 06:53:10,2026-03-21 06:53:10
HDIP000981,CUST-0346,EMP-019,979000.0,2026-04-09 11:30:10,2026-04-09 17:30:10,2026-04-12 17:30:10
HDIP000982,CUST-0102,EMP-006,314000.0,2026-06-30 05:32:00,2026-06-30 21:32:00,2026-07-01 21:32:00
HDIP000983,CUST-0241,EMP-024,2018000.0,2025-09-02 02:11:07,2025-09-02 08:11:07,2025-09-03 08:11:07
HDIP000984,CUST-0182,EMP-005,839000.0,2025-12-28 02:42:40,2025-12-29 02:42:40,2025-12-31 02:42:40
HDIP000985,CUST-0056,EMP-024,1762000.0,2025-08-11 10:29:10,2025-08-11 14:29:10,2025-08-14 14:29:10
HDIP000986,CUST-0261,EMP-003,380000.0,2025-09-21 23:58:21,2025-09-22 01:58:21,2025-09-25 01:58:21
HDIP000987,CUST-0144,EMP-025,773000.0,2025-08-31 12:00:02,2025-08-31 21:00:02,2025-09-03 21:00:02
HDIP000988,CUST-0147,EMP-011,2595000.0,2025-12-21 00:36:40,2025-12-21 12:36:40,2025-12-23 12:36:40
HDIP000989,CUST-0146,EMP-006,2320000.0,2025-09-08 21:48:59,2025-09-09 08:48:59,2025-09-12 08:48:59
HDIP000990,CUST-0119,EMP-022,400000.0,2025-11-10 01:50:53,2025-11-10 07:50:53,2025-11-11 07:50:53
HDIP000991,CUST-0015,EMP-020,358000.0,2026-07-10 09:08:05,2026-07-10 12:08:05,2026-07-12 12:08:05
HDIP000992,CUST-0105,EMP-010,356000.0,2026-03-03 16:29:07,2026-03-04 07:29:07,2026-03-08 07:29:07
HDIP000993,CUST-0228,EMP-014,1130000.0,2026-02-01 10:18:54,2026-02-01 20:18:54,2026-02-02 20:18:54
HDIP000994,CUST-0039,EMP-011,357000.0,2025-09-23 17:38:36,2025-09-24 11:38:36,2025-09-27 11:38:36
HDIP000995,CUST-0038,EMP-023,459000.0,2026-04-18 00:52:59,2026-04-18 12:52:59,2026-04-19 12:52:59
HDIP000996,CUST-0163,EMP-007,1925000.0,2026-06-16 15:32:45,2026-06-17 10:32:45,2026-06-18 10:32:45
HDIP000997,CUST-0255,EMP-010,1984000.0,2025-09-14 01:13:48,2025-09-14 09:13:48,2025-09-15 09:13:48
HDIP000998,CUST-0135,EMP-020,1318000.0,2025-12-19 13:24:07,2025-12-20 11:24:07,2025-12-22 11:24:07
HDIP000999,CUST-0150,EMP-022,1044000.0,2026-01-29 05:55:36,2026-01-29 22:55:36,2026-02-02 22:55:36
HDIP001000,CUST-0215,EMP-015,1670000.0,2025-11-28 05:45:38,2025-11-28 14:45:38,2025-12-02 14:45:38
HDIP001001,CUST-0059,EMP-012,1592000.0,2026-04-21 13:03:29,2026-04-22 03:03:29,2026-04-24 03:03:29
HDIP001002,CUST-0260,EMP-007,874000.0,2026-07-05 10:28:34,2026-07-06 01:28:34,2026-07-07 01:28:34
HDIP001003,CUST-0218,EMP-013,896000.0,2025-11-03 02:44:04,2025-11-03 05:44:04,2025-11-06 05:44:04
HDIP001004,CUST-0114,EMP-019,1138000.0,2026-06-29 22:13:43,2026-06-30 05:13:43,2026-07-02 05:13:43
HDIP001005,CUST-0047,EMP-025,2574000.0,2026-04-24 13:24:17,2026-04-25 01:24:17,2026-04-28 01:24:17
HDIP001006,CUST-0203,EMP-023,2329000.0,2025-10-21 22:23:32,2025-10-22 09:23:32,2025-10-24 09:23:32
HDIP001007,CUST-0249,EMP-002,420000.0,2025-09-23 19:40:42,2025-09-24 06:40:42,2025-09-27 06:40:42
HDIP001008,CUST-0018,EMP-009,891000.0,2026-05-12 02:33:30,2026-05-12 07:33:30,2026-05-16 07:33:30
HDIP001009,CUST-0038,EMP-017,729000.0,2026-05-01 07:25:12,2026-05-02 07:25:12,2026-05-06 07:25:12
HDIP001010,CUST-0078,EMP-004,830000.0,2026-05-06 15:40:38,2026-05-07 11:40:38,2026-05-11 11:40:38
HDIP001011,CUST-0218,EMP-017,204000.0,2026-05-09 14:36:26,2026-05-09 16:36:26,2026-05-12 16:36:26
HDIP001012,CUST-0296,EMP-016,641000.0,2025-12-18 02:49:37,2025-12-18 13:49:37,2025-12-22 13:49:37
HDIP001013,CUST-0146,EMP-023,515000.0,2026-02-16 22:39:39,2026-02-17 16:39:39,2026-02-19 16:39:39
HDIP001014,CUST-0280,EMP-023,579000.0,2025-09-04 22:18:34,2025-09-05 14:18:34,2025-09-07 14:18:34
HDIP001015,CUST-0056,EMP-021,1060000.0,2025-11-22 11:56:01,2025-11-22 23:56:01,2025-11-24 23:56:01
HDIP001016,CUST-0243,EMP-017,515000.0,2026-05-01 15:59:26,2026-05-02 11:59:26,2026-05-04 11:59:26
HDIP001017,CUST-0173,EMP-005,1857000.0,2025-08-08 01:08:07,2025-08-08 13:08:07,2025-08-12 13:08:07
HDIP001018,CUST-0165,EMP-015,1342000.0,2026-04-26 03:58:13,2026-04-26 20:58:13,2026-04-27 20:58:13
HDIP001019,CUST-0020,EMP-014,322000.0,2026-02-02 04:17:40,2026-02-02 11:17:40,2026-02-06 11:17:40
HDIP001020,CUST-0005,EMP-010,1326000.0,2025-09-08 12:47:45,2025-09-09 03:47:45,2025-09-12 03:47:45
HDIP001021,CUST-0289,EMP-021,903000.0,2025-09-27 07:33:57,2025-09-27 13:33:57,2025-09-30 13:33:57
HDIP001022,CUST-0129,EMP-016,2915000.0,2026-01-20 15:11:46,2026-01-20 23:11:46,2026-01-23 23:11:46
HDIP001023,CUST-0003,EMP-010,574000.0,2026-04-23 06:57:52,2026-04-23 14:57:52,2026-04-25 14:57:52
HDIP001024,CUST-0081,EMP-003,802000.0,2025-12-07 23:17:49,2025-12-08 21:17:49,2025-12-10 21:17:49
HDIP001025,CUST-0146,EMP-014,893000.0,2026-03-08 20:28:49,2026-03-09 07:28:49,2026-03-12 07:28:49
HDIP001026,CUST-0040,EMP-019,385000.0,2025-09-22 01:30:52,2025-09-22 06:30:52,2025-09-24 06:30:52
HDIP001027,CUST-0268,EMP-019,1136000.0,2026-04-01 07:05:33,2026-04-01 21:05:33,2026-04-04 21:05:33
HDIP001028,CUST-0243,EMP-007,3158000.0,2025-09-28 03:38:24,2025-09-28 05:38:24,2025-09-30 05:38:24
HDIP001029,CUST-0168,EMP-010,421000.0,2026-02-04 04:40:27,2026-02-04 09:40:27,2026-02-06 09:40:27
HDIP001030,CUST-0163,EMP-017,1466000.0,2025-08-24 05:42:50,2025-08-25 02:42:50,2025-08-27 02:42:50
HDIP001031,CUST-0223,EMP-021,1483000.0,2025-12-07 02:07:03,2025-12-07 09:07:03,2025-12-08 09:07:03
HDIP001032,CUST-0196,EMP-012,446000.0,2025-10-02 09:17:36,2025-10-02 11:17:36,2025-10-04 11:17:36
HDIP001033,CUST-0159,EMP-011,735000.0,2025-08-30 09:59:41,2025-08-30 22:59:41,2025-09-02 22:59:41
HDIP001034,CUST-0204,EMP-002,1296000.0,2026-04-20 23:21:41,2026-04-21 23:21:41,2026-04-24 23:21:41
HDIP001035,CUST-0242,EMP-020,729000.0,2026-03-27 09:44:41,2026-03-28 01:44:41,2026-04-01 01:44:41
HDIP001036,CUST-0054,EMP-002,1841000.0,2025-12-15 09:08:43,2025-12-15 11:08:43,2025-12-17 11:08:43
HDIP001037,CUST-0029,EMP-015,633000.0,2026-03-29 10:34:02,2026-03-30 10:34:02,2026-03-31 10:34:02
HDIP001038,CUST-0336,EMP-020,1539000.0,2026-05-07 06:24:22,2026-05-07 08:24:22,2026-05-10 08:24:22
HDIP001039,CUST-0265,EMP-001,1024000.0,2026-04-08 22:23:08,2026-04-09 12:23:08,2026-04-13 12:23:08
HDIP001040,CUST-0023,EMP-009,810000.0,2026-03-18 04:44:30,2026-03-18 12:44:30,2026-03-22 12:44:30
HDIP001041,CUST-0160,EMP-009,432000.0,2026-02-27 13:37:56,2026-02-28 02:37:56,2026-03-01 02:37:56
HDIP001042,CUST-0290,EMP-015,319000.0,2025-08-28 02:34:09,2025-08-28 07:34:09,2025-08-29 07:34:09
HDIP001043,CUST-0321,EMP-001,412000.0,2026-05-18 15:12:45,2026-05-18 22:12:45,2026-05-19 22:12:45
HDIP001044,CUST-0127,EMP-010,454000.0,2026-06-15 01:07:10,2026-06-16 00:07:10,2026-06-18 00:07:10
HDIP001045,CUST-0143,EMP-005,438000.0,2026-03-01 07:23:39,2026-03-01 19:23:39,2026-03-05 19:23:39
HDIP001046,CUST-0091,EMP-010,472000.0,2025-11-02 14:11:44,2025-11-03 14:11:44,2025-11-07 14:11:44
HDIP001047,CUST-0179,EMP-025,622000.0,2026-03-31 03:05:28,2026-03-31 21:05:28,2026-04-04 21:05:28
HDIP001048,CUST-0223,EMP-012,1283000.0,2026-04-01 18:04:15,2026-04-02 17:04:15,2026-04-05 17:04:15
HDIP001049,CUST-0138,EMP-003,385000.0,2026-02-09 04:53:10,2026-02-09 12:53:10,2026-02-12 12:53:10
HDIP001050,CUST-0265,EMP-022,317000.0,2026-03-26 23:14:45,2026-03-27 06:14:45,2026-03-31 06:14:45
HDIP001051,CUST-0194,EMP-022,1378000.0,2026-03-10 09:02:23,2026-03-10 12:02:23,2026-03-13 12:02:23
HDIP001052,CUST-0172,EMP-011,1472000.0,2026-04-02 11:31:54,2026-04-02 16:31:54,2026-04-04 16:31:54
HDIP001053,CUST-0205,EMP-016,840000.0,2026-06-13 19:10:56,2026-06-14 04:10:56,2026-06-17 04:10:56
HDIP001054,CUST-0260,EMP-004,2163000.0,2026-01-04 08:42:50,2026-01-04 23:42:50,2026-01-07 23:42:50
HDIP001055,CUST-0072,EMP-005,2502000.0,2026-04-08 12:14:10,2026-04-09 00:14:10,2026-04-10 00:14:10
HDIP001056,CUST-0121,EMP-007,704000.0,2026-01-10 09:46:14,2026-01-10 13:46:14,2026-01-12 13:46:14
HDIP001057,CUST-0003,EMP-016,451000.0,2025-09-24 17:54:06,2025-09-25 06:54:06,2025-09-26 06:54:06
HDIP001058,CUST-0125,EMP-025,747000.0,2026-07-15 23:25:52,2026-07-16 04:25:52,2026-07-20 04:25:52
HDIP001059,CUST-0168,EMP-010,569000.0,2026-06-08 05:50:48,2026-06-09 04:50:48,2026-06-13 04:50:48
HDIP001060,CUST-0014,EMP-008,1542000.0,2026-07-03 19:07:11,2026-07-04 16:07:11,2026-07-06 16:07:11
HDIP001061,CUST-0118,EMP-005,261000.0,2026-02-04 00:42:32,2026-02-04 08:42:32,2026-02-05 08:42:32
HDIP001062,CUST-0335,EMP-006,1462000.0,2026-01-06 04:45:26,2026-01-06 10:45:26,2026-01-09 10:45:26
HDIP001063,CUST-0134,EMP-014,787000.0,2025-10-02 14:04:08,2025-10-02 21:04:08,2025-10-06 21:04:08
HDIP001064,CUST-0052,EMP-021,81000.0,2026-06-24 19:36:37,2026-06-25 09:36:37,2026-06-26 09:36:37
HDIP001065,CUST-0233,EMP-001,631000.0,2026-01-29 15:59:15,2026-01-30 13:59:15,2026-02-03 13:59:15
HDIP001066,CUST-0325,EMP-004,2221000.0,2026-03-16 07:08:09,2026-03-16 23:08:09,2026-03-19 23:08:09
HDIP001067,CUST-0197,EMP-022,510000.0,2025-08-24 22:34:45,2025-08-25 04:34:45,2025-08-26 04:34:45
HDIP001068,CUST-0102,EMP-017,655000.0,2026-06-05 13:00:45,2026-06-06 10:00:45,2026-06-10 10:00:45
HDIP001069,CUST-0251,EMP-015,443000.0,2025-12-14 10:29:55,2025-12-14 13:29:55,2025-12-17 13:29:55
HDIP001070,CUST-0278,EMP-009,366000.0,2025-10-02 06:42:27,2025-10-02 17:42:27,2025-10-05 17:42:27
HDIP001071,CUST-0019,EMP-020,417000.0,2025-09-06 05:48:14,2025-09-06 18:48:14,2025-09-07 18:48:14
HDIP001072,CUST-0075,EMP-021,177000.0,2026-02-01 12:07:49,2026-02-02 03:07:49,2026-02-05 03:07:49
HDIP001073,CUST-0269,EMP-019,113000.0,2026-01-18 21:37:13,2026-01-19 00:37:13,2026-01-20 00:37:13
HDIP001074,CUST-0327,EMP-004,363000.0,2025-12-20 04:31:38,2025-12-20 22:31:38,2025-12-21 22:31:38
HDIP001075,CUST-0206,EMP-001,1517000.0,2025-10-04 07:11:43,2025-10-04 17:11:43,2025-10-05 17:11:43
HDIP001076,CUST-0026,EMP-012,912000.0,2026-03-04 12:43:09,2026-03-05 05:43:09,2026-03-07 05:43:09
HDIP001077,CUST-0093,EMP-022,207000.0,2025-11-12 12:25:02,2025-11-12 22:25:02,2025-11-13 22:25:02
HDIP001078,CUST-0067,EMP-009,475000.0,2025-11-05 13:57:26,2025-11-06 05:57:26,2025-11-09 05:57:26
HDIP001079,CUST-0114,EMP-003,739000.0,2026-03-19 07:22:24,2026-03-19 18:22:24,2026-03-23 18:22:24
HDIP001080,CUST-0007,EMP-011,1478000.0,2025-12-04 03:25:29,2025-12-04 15:25:29,2025-12-07 15:25:29
HDIP001081,CUST-0207,EMP-002,1871000.0,2026-04-07 10:59:47,2026-04-08 06:59:47,2026-04-09 06:59:47
HDIP001082,CUST-0156,EMP-010,590000.0,2026-05-12 11:20:22,2026-05-12 23:20:22,2026-05-16 23:20:22
HDIP001083,CUST-0221,EMP-014,686000.0,2026-05-17 22:35:57,2026-05-18 00:35:57,2026-05-21 00:35:57
HDIP001084,CUST-0064,EMP-004,2443000.0,2025-12-25 13:29:41,2025-12-25 21:29:41,2025-12-27 21:29:41
HDIP001085,CUST-0323,EMP-004,585000.0,2026-04-08 19:57:18,2026-04-09 18:57:18,2026-04-12 18:57:18
HDIP001086,CUST-0147,EMP-015,788000.0,2025-09-23 19:53:10,2025-09-24 02:53:10,2025-09-28 02:53:10
HDIP001087,CUST-0336,EMP-006,1024000.0,2026-04-16 06:08:25,2026-04-16 11:08:25,2026-04-20 11:08:25
HDIP001088,CUST-0313,EMP-020,1554000.0,2026-02-05 08:30:25,2026-02-05 12:30:25,2026-02-09 12:30:25
HDIP001089,CUST-0200,EMP-018,1195000.0,2026-02-08 10:49:55,2026-02-08 18:49:55,2026-02-10 18:49:55
HDIP001090,CUST-0166,EMP-005,557000.0,2025-11-15 15:37:46,2025-11-15 19:37:46,2025-11-16 19:37:46
HDIP001091,CUST-0309,EMP-015,1658000.0,2025-10-26 19:21:33,2025-10-27 02:21:33,2025-10-31 02:21:33
HDIP001092,CUST-0126,EMP-015,2330000.0,2026-05-01 06:47:57,2026-05-01 10:47:57,2026-05-02 10:47:57
HDIP001093,CUST-0037,EMP-014,1328000.0,2025-11-02 20:29:18,2025-11-03 20:29:18,2025-11-04 20:29:18
HDIP001094,CUST-0031,EMP-010,1204000.0,2026-06-05 02:04:55,2026-06-05 16:04:55,2026-06-06 16:04:55
HDIP001095,CUST-0333,EMP-015,347000.0,2026-01-07 07:34:29,2026-01-07 12:34:29,2026-01-08 12:34:29
HDIP001096,CUST-0058,EMP-024,799000.0,2025-09-28 11:36:02,2025-09-29 00:36:02,2025-10-03 00:36:02
HDIP001097,CUST-0169,EMP-021,1152000.0,2026-04-20 06:44:33,2026-04-20 10:44:33,2026-04-24 10:44:33
HDIP001098,CUST-0133,EMP-019,1052000.0,2025-11-08 18:48:45,2025-11-09 15:48:45,2025-11-10 15:48:45
HDIP001099,CUST-0082,EMP-019,826000.0,2026-03-28 01:09:57,2026-03-28 12:09:57,2026-04-01 12:09:57
HDIP001100,CUST-0150,EMP-013,536000.0,2025-11-01 19:06:13,2025-11-02 17:06:13,2025-11-04 17:06:13
HDIP001101,CUST-0300,EMP-001,915000.0,2025-11-02 14:49:15,2025-11-03 03:49:15,2025-11-07 03:49:15
HDIP001102,CUST-0161,EMP-017,1314000.0,2025-12-17 06:09:08,2025-12-17 20:09:08,2025-12-21 20:09:08
HDIP001103,CUST-0343,EMP-003,162000.0,2025-12-04 19:55:55,2025-12-05 04:55:55,2025-12-08 04:55:55
HDIP001104,CUST-0062,EMP-021,1363000.0,2025-10-09 08:28:28,2025-10-09 21:28:28,2025-10-13 21:28:28
HDIP001105,CUST-0117,EMP-024,1045000.0,2025-10-11 12:33:23,2025-10-12 01:33:23,2025-10-13 01:33:23
HDIP001106,CUST-0035,EMP-009,1993000.0,2026-02-24 17:49:31,2026-02-25 12:49:31,2026-02-26 12:49:31
HDIP001107,CUST-0137,EMP-018,1145000.0,2025-11-09 15:06:33,2025-11-09 19:06:33,2025-11-11 19:06:33
HDIP001108,CUST-0107,EMP-008,1010000.0,2025-10-27 14:31:53,2025-10-28 10:31:53,2025-11-01 10:31:53
HDIP001109,CUST-0101,EMP-016,994000.0,2025-09-08 01:49:35,2025-09-08 17:49:35,2025-09-09 17:49:35
HDIP001110,CUST-0005,EMP-019,2017000.0,2026-01-07 18:27:11,2026-01-07 23:27:11,2026-01-11 23:27:11
HDIP001111,CUST-0139,EMP-016,809000.0,2026-03-26 23:22:53,2026-03-27 06:22:53,2026-03-30 06:22:53
HDIP001112,CUST-0128,EMP-011,949000.0,2025-11-08 18:42:49,2025-11-09 17:42:49,2025-11-12 17:42:49
HDIP001113,CUST-0241,EMP-016,2032000.0,2025-09-26 05:19:48,2025-09-26 12:19:48,2025-09-27 12:19:48
HDIP001114,CUST-0100,EMP-025,155000.0,2025-09-05 02:06:24,2025-09-05 11:06:24,2025-09-07 11:06:24
HDIP001115,CUST-0242,EMP-004,715000.0,2026-04-16 19:08:18,2026-04-17 06:08:18,2026-04-19 06:08:18
HDIP001116,CUST-0313,EMP-022,1106000.0,2025-09-23 21:25:22,2025-09-24 09:25:22,2025-09-28 09:25:22
HDIP001117,CUST-0242,EMP-010,1132000.0,2025-12-15 20:51:50,2025-12-16 02:51:50,2025-12-19 02:51:50
HDIP001118,CUST-0231,EMP-010,2093000.0,2026-01-06 00:54:14,2026-01-06 20:54:14,2026-01-10 20:54:14
HDIP001119,CUST-0010,EMP-023,461000.0,2025-10-11 09:36:10,2025-10-11 17:36:10,2025-10-14 17:36:10
HDIP001120,CUST-0196,EMP-011,2053000.0,2026-02-26 14:24:45,2026-02-27 09:24:45,2026-03-01 09:24:45
HDIP001121,CUST-0304,EMP-016,2171000.0,2025-08-11 17:35:27,2025-08-12 16:35:27,2025-08-16 16:35:27
HDIP001122,CUST-0193,EMP-002,485000.0,2025-09-02 06:19:43,2025-09-02 09:19:43,2025-09-05 09:19:43
HDIP001123,CUST-0057,EMP-016,1778000.0,2025-09-15 00:27:52,2025-09-15 04:27:52,2025-09-18 04:27:52
HDIP001124,CUST-0286,EMP-017,303000.0,2026-06-07 06:43:17,2026-06-07 17:43:17,2026-06-08 17:43:17
HDIP001125,CUST-0161,EMP-012,655000.0,2026-07-11 09:00:58,2026-07-12 01:00:58,2026-07-14 01:00:58
HDIP001126,CUST-0171,EMP-007,810000.0,2026-04-14 01:10:16,2026-04-15 01:10:16,2026-04-18 01:10:16
HDIP001127,CUST-0062,EMP-021,1362000.0,2025-12-31 09:34:39,2026-01-01 00:34:39,2026-01-05 00:34:39
HDIP001128,CUST-0259,EMP-011,503000.0,2026-05-27 17:27:20,2026-05-28 12:27:20,2026-06-01 12:27:20
HDIP001129,CUST-0039,EMP-019,1584000.0,2025-08-29 15:40:48,2025-08-30 10:40:48,2025-08-31 10:40:48
HDIP001130,CUST-0313,EMP-021,2067000.0,2025-10-07 00:02:25,2025-10-07 04:02:25,2025-10-11 04:02:25
HDIP001131,CUST-0295,EMP-011,1119000.0,2026-01-17 04:51:56,2026-01-17 22:51:56,2026-01-21 22:51:56
HDIP001132,CUST-0133,EMP-008,1183000.0,2026-03-08 19:37:25,2026-03-09 18:37:25,2026-03-12 18:37:25
HDIP001133,CUST-0296,EMP-005,348000.0,2025-10-06 05:01:31,2025-10-06 11:01:31,2025-10-08 11:01:31
HDIP001134,CUST-0021,EMP-025,1938000.0,2025-09-12 07:34:54,2025-09-13 02:34:54,2025-09-16 02:34:54
HDIP001135,CUST-0182,EMP-001,1434000.0,2025-09-16 04:40:56,2025-09-16 20:40:56,2025-09-17 20:40:56
HDIP001136,CUST-0102,EMP-007,676000.0,2026-05-20 06:55:46,2026-05-20 20:55:46,2026-05-21 20:55:46
HDIP001137,CUST-0265,EMP-004,2452000.0,2025-09-26 03:01:11,2025-09-26 11:01:11,2025-09-27 11:01:11
HDIP001138,CUST-0058,EMP-015,2286000.0,2025-07-31 03:19:36,2025-07-31 05:19:36,2025-08-04 05:19:36
HDIP001139,CUST-0154,EMP-008,848000.0,2026-04-23 04:37:40,2026-04-23 08:37:40,2026-04-27 08:37:40
HDIP001140,CUST-0066,EMP-017,1468000.0,2025-09-23 08:36:46,2025-09-23 14:36:46,2025-09-27 14:36:46
HDIP001141,CUST-0215,EMP-006,970000.0,2025-09-30 16:34:46,2025-10-01 10:34:46,2025-10-03 10:34:46
HDIP001142,CUST-0255,EMP-007,2231000.0,2025-11-20 17:34:16,2025-11-21 07:34:16,2025-11-24 07:34:16
HDIP001143,CUST-0277,EMP-013,401000.0,2026-05-16 23:52:36,2026-05-17 20:52:36,2026-05-19 20:52:36
HDIP001144,CUST-0048,EMP-014,1233000.0,2025-08-19 15:02:27,2025-08-19 20:02:27,2025-08-23 20:02:27
HDIP001145,CUST-0327,EMP-001,1006000.0,2025-11-22 19:35:11,2025-11-23 12:35:11,2025-11-27 12:35:11
HDIP001146,CUST-0253,EMP-024,230000.0,2026-06-12 15:09:16,2026-06-13 11:09:16,2026-06-15 11:09:16
HDIP001147,CUST-0116,EMP-022,368000.0,2025-08-25 18:53:49,2025-08-25 23:53:49,2025-08-29 23:53:49
HDIP001148,CUST-0129,EMP-006,589000.0,2026-05-04 09:12:56,2026-05-05 08:12:56,2026-05-08 08:12:56
HDIP001149,CUST-0265,EMP-019,437000.0,2026-07-03 00:25:45,2026-07-03 10:25:45,2026-07-05 10:25:45
HDIP001150,CUST-0018,EMP-024,1556000.0,2026-07-11 17:30:27,2026-07-12 07:30:27,2026-07-13 07:30:27
HDIP001151,CUST-0248,EMP-012,632000.0,2025-10-05 18:46:51,2025-10-06 16:46:51,2025-10-10 16:46:51
HDIP001152,CUST-0144,EMP-021,227000.0,2026-05-19 07:52:56,2026-05-20 01:52:56,2026-05-23 01:52:56
HDIP001153,CUST-0250,EMP-025,816000.0,2026-02-23 00:57:59,2026-02-23 16:57:59,2026-02-24 16:57:59
HDIP001154,CUST-0329,EMP-001,354000.0,2026-02-20 20:56:18,2026-02-21 02:56:18,2026-02-22 02:56:18
HDIP001155,CUST-0282,EMP-023,275000.0,2025-11-16 17:05:21,2025-11-16 23:05:21,2025-11-19 23:05:21
HDIP001156,CUST-0259,EMP-006,274000.0,2025-12-26 06:21:01,2025-12-27 00:21:01,2025-12-29 00:21:01
HDIP001157,CUST-0102,EMP-024,1528000.0,2026-05-10 00:58:34,2026-05-10 13:58:34,2026-05-12 13:58:34
HDIP001158,CUST-0272,EMP-006,895000.0,2025-12-17 07:10:24,2025-12-17 14:10:24,2025-12-18 14:10:24
HDIP001159,CUST-0218,EMP-007,256000.0,2025-11-09 23:54:56,2025-11-10 02:54:56,2025-11-14 02:54:56
HDIP001160,CUST-0244,EMP-015,239000.0,2025-11-26 21:21:50,2025-11-27 03:21:50,2025-11-30 03:21:50
HDIP001161,CUST-0160,EMP-007,641000.0,2026-07-18 08:18:35,2026-07-19 05:18:35,2026-07-20 05:18:35
HDIP001162,CUST-0083,EMP-025,1183000.0,2026-06-03 06:30:58,2026-06-03 15:30:58,2026-06-07 15:30:58
HDIP001163,CUST-0072,EMP-013,423000.0,2025-09-10 19:40:38,2025-09-11 15:40:38,2025-09-13 15:40:38
HDIP001164,CUST-0006,EMP-021,776000.0,2025-09-08 10:04:51,2025-09-09 04:04:51,2025-09-12 04:04:51
HDIP001165,CUST-0064,EMP-018,1517000.0,2026-05-09 09:16:46,2026-05-10 06:16:46,2026-05-14 06:16:46
HDIP001166,CUST-0175,EMP-009,655000.0,2025-08-09 18:43:24,2025-08-10 08:43:24,2025-08-13 08:43:24
HDIP001167,CUST-0250,EMP-025,277000.0,2025-11-14 22:09:12,2025-11-15 07:09:12,2025-11-16 07:09:12
HDIP001168,CUST-0186,EMP-008,1300000.0,2026-06-27 11:52:29,2026-06-28 10:52:29,2026-07-02 10:52:29
HDIP001169,CUST-0328,EMP-017,2232000.0,2025-11-29 13:45:17,2025-11-30 04:45:17,2025-12-03 04:45:17
HDIP001170,CUST-0290,EMP-013,608000.0,2026-03-17 11:01:17,2026-03-18 05:01:17,2026-03-22 05:01:17
HDIP001171,CUST-0051,EMP-019,658000.0,2025-08-30 17:29:55,2025-08-30 22:29:55,2025-09-01 22:29:55
HDIP001172,CUST-0216,EMP-013,1199000.0,2026-04-29 19:46:44,2026-04-29 22:46:44,2026-05-02 22:46:44
HDIP001173,CUST-0322,EMP-024,753000.0,2026-05-22 20:53:03,2026-05-23 11:53:03,2026-05-24 11:53:03
HDIP001174,CUST-0051,EMP-010,517000.0,2026-07-17 10:06:13,2026-07-18 01:06:13,2026-07-19 01:06:13
HDIP001175,CUST-0142,EMP-015,729000.0,2026-05-25 05:32:42,2026-05-25 08:32:42,2026-05-28 08:32:42
HDIP001176,CUST-0332,EMP-011,2324000.0,2026-05-08 12:42:32,2026-05-09 02:42:32,2026-05-12 02:42:32
HDIP001177,CUST-0163,EMP-010,489000.0,2025-09-02 05:00:27,2025-09-02 09:00:27,2025-09-06 09:00:27
HDIP001178,CUST-0104,EMP-009,605000.0,2026-06-22 07:06:53,2026-06-23 07:06:53,2026-06-27 07:06:53
HDIP001179,CUST-0082,EMP-006,292000.0,2025-11-27 05:10:46,2025-11-27 07:10:46,2025-11-28 07:10:46
HDIP001180,CUST-0329,EMP-018,475000.0,2025-11-16 21:39:31,2025-11-17 16:39:31,2025-11-19 16:39:31
HDIP001181,CUST-0047,EMP-023,1452000.0,2026-03-14 02:19:07,2026-03-15 01:19:07,2026-03-19 01:19:07
HDIP001182,CUST-0151,EMP-020,2737000.0,2026-03-03 06:37:14,2026-03-03 10:37:14,2026-03-06 10:37:14
HDIP001183,CUST-0075,EMP-001,2091000.0,2025-11-17 03:09:10,2025-11-17 12:09:10,2025-11-18 12:09:10
HDIP001184,CUST-0298,EMP-013,2425000.0,2026-03-25 11:16:53,2026-03-26 07:16:53,2026-03-30 07:16:53
HDIP001185,CUST-0121,EMP-011,2831000.0,2026-02-19 17:26:43,2026-02-20 06:26:43,2026-02-21 06:26:43
HDIP001186,CUST-0161,EMP-004,1587000.0,2026-06-03 08:59:19,2026-06-04 05:59:19,2026-06-06 05:59:19
HDIP001187,CUST-0239,EMP-009,849000.0,2026-03-04 21:19:24,2026-03-05 00:19:24,2026-03-09 00:19:24
HDIP001188,CUST-0287,EMP-021,1103000.0,2025-08-16 05:12:20,2025-08-16 18:12:20,2025-08-20 18:12:20
HDIP001189,CUST-0015,EMP-023,640000.0,2026-03-14 00:10:01,2026-03-14 17:10:01,2026-03-18 17:10:01
HDIP001190,CUST-0346,EMP-010,1939000.0,2025-11-30 05:38:00,2025-11-30 14:38:00,2025-12-04 14:38:00
HDIP001191,CUST-0162,EMP-001,446000.0,2026-03-18 14:40:20,2026-03-18 17:40:20,2026-03-21 17:40:20
HDIP001192,CUST-0100,EMP-008,693000.0,2026-03-15 11:27:50,2026-03-15 18:27:50,2026-03-17 18:27:50
HDIP001193,CUST-0170,EMP-003,875000.0,2025-08-30 10:29:18,2025-08-31 00:29:18,2025-09-04 00:29:18
HDIP001194,CUST-0221,EMP-009,204000.0,2026-02-03 22:12:44,2026-02-04 02:12:44,2026-02-06 02:12:44
HDIP001195,CUST-0325,EMP-003,815000.0,2025-12-03 19:15:42,2025-12-04 11:15:42,2025-12-05 11:15:42
HDIP001196,CUST-0049,EMP-006,221000.0,2025-07-25 12:57:17,2025-07-26 06:57:17,2025-07-27 06:57:17
HDIP001197,CUST-0289,EMP-012,448000.0,2026-06-23 14:38:35,2026-06-23 18:38:35,2026-06-25 18:38:35
HDIP001198,CUST-0112,EMP-012,2330000.0,2025-08-31 12:37:36,2025-09-01 11:37:36,2025-09-03 11:37:36
HDIP001199,CUST-0260,EMP-005,1850000.0,2026-06-06 03:14:21,2026-06-06 19:14:21,2026-06-07 19:14:21
HDIP001200,CUST-0150,EMP-004,495000.0,2025-12-07 10:15:34,2025-12-08 09:15:34,2025-12-10 09:15:34
HDIP001201,CUST-0173,EMP-015,2395000.0,2026-07-20 12:04:47,2026-07-21 11:04:47,2026-07-25 11:04:47
HDIP001202,CUST-0097,EMP-013,1916000.0,2025-08-10 00:29:26,2025-08-10 13:29:26,2025-08-11 13:29:26
HDIP001203,CUST-0165,EMP-017,761000.0,2026-02-28 12:20:59,2026-03-01 08:20:59,2026-03-05 08:20:59
HDIP001204,CUST-0207,EMP-014,679000.0,2025-12-18 07:21:32,2025-12-18 11:21:32,2025-12-22 11:21:32
HDIP001205,CUST-0313,EMP-013,2657000.0,2025-11-20 16:00:44,2025-11-21 09:00:44,2025-11-24 09:00:44
HDIP001206,CUST-0293,EMP-018,834000.0,2025-09-30 04:39:39,2025-10-01 02:39:39,2025-10-04 02:39:39
HDIP001207,CUST-0276,EMP-002,837000.0,2026-06-09 18:42:38,2026-06-10 17:42:38,2026-06-14 17:42:38
HDIP001208,CUST-0110,EMP-004,877000.0,2026-01-18 10:34:03,2026-01-18 17:34:03,2026-01-20 17:34:03
HDIP001209,CUST-0008,EMP-002,3426000.0,2026-07-17 23:18:28,2026-07-18 13:18:28,2026-07-20 13:18:28
HDIP001210,CUST-0206,EMP-002,1160000.0,2025-09-23 10:12:13,2025-09-23 16:12:13,2025-09-25 16:12:13
HDIP001211,CUST-0159,EMP-007,381000.0,2026-07-01 02:44:28,2026-07-02 00:44:28,2026-07-05 00:44:28
HDIP001212,CUST-0194,EMP-009,381000.0,2026-06-17 02:45:38,2026-06-17 10:45:38,2026-06-21 10:45:38
HDIP001213,CUST-0022,EMP-023,703000.0,2026-05-18 18:58:42,2026-05-19 10:58:42,2026-05-21 10:58:42
HDIP001214,CUST-0035,EMP-006,2481000.0,2026-02-18 09:28:51,2026-02-18 21:28:51,2026-02-20 21:28:51
HDIP001215,CUST-0203,EMP-007,1733000.0,2025-08-27 11:06:26,2025-08-28 06:06:26,2025-09-01 06:06:26
HDIP001216,CUST-0246,EMP-004,1424000.0,2025-09-06 03:13:31,2025-09-06 12:13:31,2025-09-07 12:13:31
HDIP001217,CUST-0074,EMP-015,1747000.0,2026-03-13 17:17:50,2026-03-13 20:17:50,2026-03-15 20:17:50
HDIP001218,CUST-0237,EMP-007,342000.0,2026-07-10 00:00:53,2026-07-10 22:00:53,2026-07-11 22:00:53
HDIP001219,CUST-0033,EMP-008,517000.0,2025-10-04 07:30:04,2025-10-05 05:30:04,2025-10-07 05:30:04
HDIP001220,CUST-0036,EMP-008,1879000.0,2026-03-15 12:43:06,2026-03-16 06:43:06,2026-03-19 06:43:06
HDIP001221,CUST-0210,EMP-017,1020000.0,2026-02-17 08:37:57,2026-02-17 10:37:57,2026-02-19 10:37:57
HDIP001222,CUST-0196,EMP-001,1304000.0,2026-02-28 09:41:35,2026-02-28 12:41:35,2026-03-04 12:41:35
HDIP001223,CUST-0293,EMP-021,385000.0,2025-12-21 19:07:52,2025-12-22 06:07:52,2025-12-26 06:07:52
HDIP001224,CUST-0314,EMP-009,460000.0,2025-12-05 21:50:11,2025-12-06 19:50:11,2025-12-10 19:50:11
HDIP001225,CUST-0327,EMP-024,1074000.0,2025-09-30 13:55:46,2025-10-01 03:55:46,2025-10-04 03:55:46
HDIP001226,CUST-0117,EMP-013,404000.0,2025-09-11 10:09:01,2025-09-12 08:09:01,2025-09-15 08:09:01
HDIP001227,CUST-0236,EMP-024,978000.0,2026-01-16 12:41:30,2026-01-17 04:41:30,2026-01-21 04:41:30
HDIP001228,CUST-0126,EMP-007,1748000.0,2026-04-27 14:39:33,2026-04-27 22:39:33,2026-04-29 22:39:33
HDIP001229,CUST-0241,EMP-004,483000.0,2026-02-20 16:22:13,2026-02-21 14:22:13,2026-02-25 14:22:13
HDIP001230,CUST-0212,EMP-002,301000.0,2025-10-10 07:28:25,2025-10-10 15:28:25,2025-10-13 15:28:25
HDIP001231,CUST-0013,EMP-023,405000.0,2025-10-13 01:07:27,2025-10-13 15:07:27,2025-10-15 15:07:27
HDIP001232,CUST-0329,EMP-013,557000.0,2026-03-05 04:52:23,2026-03-05 12:52:23,2026-03-07 12:52:23
HDIP001233,CUST-0067,EMP-025,960000.0,2026-07-21 12:44:32,2026-07-22 05:44:32,2026-07-25 05:44:32
HDIP001234,CUST-0050,EMP-003,4012000.0,2025-08-27 04:05:19,2025-08-27 06:05:19,2025-08-28 06:05:19
HDIP001235,CUST-0320,EMP-011,751000.0,2026-03-08 10:58:28,2026-03-09 02:58:28,2026-03-13 02:58:28
HDIP001236,CUST-0288,EMP-006,788000.0,2026-07-09 17:03:49,2026-07-09 23:03:49,2026-07-11 23:03:49
HDIP001237,CUST-0082,EMP-018,1390000.0,2026-02-24 08:50:49,2026-02-25 06:50:49,2026-03-01 06:50:49
HDIP001238,CUST-0076,EMP-015,1018000.0,2025-08-31 13:35:17,2025-08-31 16:35:17,2025-09-02 16:35:17
HDIP001239,CUST-0293,EMP-006,2138000.0,2026-01-14 14:17:23,2026-01-14 16:17:23,2026-01-18 16:17:23
HDIP001240,CUST-0057,EMP-022,908000.0,2025-10-09 10:14:31,2025-10-10 08:14:31,2025-10-13 08:14:31
HDIP001241,CUST-0182,EMP-020,1754000.0,2026-05-31 07:01:15,2026-06-01 00:01:15,2026-06-02 00:01:15
HDIP001242,CUST-0263,EMP-009,252000.0,2026-02-11 23:36:51,2026-02-12 01:36:51,2026-02-16 01:36:51
HDIP001243,CUST-0157,EMP-009,1033000.0,2026-01-15 05:10:51,2026-01-15 20:10:51,2026-01-18 20:10:51
HDIP001244,CUST-0235,EMP-022,589000.0,2025-08-25 00:46:13,2025-08-25 12:46:13,2025-08-26 12:46:13
HDIP001245,CUST-0294,EMP-001,1003000.0,2025-11-19 10:18:22,2025-11-20 00:18:22,2025-11-22 00:18:22
HDIP001246,CUST-0068,EMP-012,1263000.0,2026-04-30 03:29:51,2026-04-30 13:29:51,2026-05-02 13:29:51
HDIP001247,CUST-0164,EMP-017,1713000.0,2026-07-07 18:28:47,2026-07-07 23:28:47,2026-07-08 23:28:47
HDIP001248,CUST-0045,EMP-003,903000.0,2025-07-28 14:44:25,2025-07-28 16:44:25,2025-07-31 16:44:25
HDIP001249,CUST-0314,EMP-004,810000.0,2025-08-15 16:20:57,2025-08-16 16:20:57,2025-08-18 16:20:57
HDIP001250,CUST-0047,EMP-023,1227000.0,2025-08-29 10:28:58,2025-08-29 12:28:58,2025-09-02 12:28:58
HDIP001251,CUST-0254,EMP-020,731000.0,2026-04-25 03:47:27,2026-04-25 10:47:27,2026-04-29 10:47:27
HDIP001252,CUST-0227,EMP-006,216000.0,2026-02-06 23:52:11,2026-02-07 01:52:11,2026-02-08 01:52:11
HDIP001253,CUST-0295,EMP-007,341000.0,2026-04-22 17:00:20,2026-04-22 22:00:20,2026-04-23 22:00:20
HDIP001254,CUST-0084,EMP-013,787000.0,2026-03-28 14:14:12,2026-03-29 10:14:12,2026-04-01 10:14:12
HDIP001255,CUST-0124,EMP-017,112000.0,2025-07-27 13:55:37,2025-07-28 11:55:37,2025-07-31 11:55:37
HDIP001256,CUST-0253,EMP-012,747000.0,2026-07-10 10:33:11,2026-07-10 13:33:11,2026-07-14 13:33:11
HDIP001257,CUST-0007,EMP-024,711000.0,2026-04-12 19:38:47,2026-04-12 23:38:47,2026-04-15 23:38:47
HDIP001258,CUST-0292,EMP-009,575000.0,2026-05-03 06:21:34,2026-05-03 18:21:34,2026-05-07 18:21:34
HDIP001259,CUST-0154,EMP-025,252000.0,2026-01-30 19:27:56,2026-01-31 07:27:56,2026-02-02 07:27:56
HDIP001260,CUST-0210,EMP-015,2309000.0,2026-07-01 14:47:54,2026-07-02 06:47:54,2026-07-05 06:47:54
HDIP001261,CUST-0163,EMP-013,341000.0,2026-06-27 20:09:46,2026-06-28 18:09:46,2026-06-30 18:09:46
HDIP001262,CUST-0089,EMP-005,201000.0,2026-03-12 03:24:54,2026-03-12 10:24:54,2026-03-14 10:24:54
HDIP001263,CUST-0173,EMP-007,483000.0,2025-08-02 06:55:07,2025-08-02 23:55:07,2025-08-06 23:55:07
HDIP001264,CUST-0143,EMP-008,538000.0,2025-10-06 15:15:57,2025-10-07 08:15:57,2025-10-11 08:15:57
HDIP001265,CUST-0031,EMP-012,829000.0,2025-09-04 00:56:20,2025-09-04 04:56:20,2025-09-07 04:56:20
HDIP001266,CUST-0214,EMP-016,163000.0,2025-07-29 21:42:25,2025-07-30 08:42:25,2025-08-01 08:42:25
HDIP001267,CUST-0314,EMP-004,970000.0,2026-03-14 13:00:16,2026-03-14 19:00:16,2026-03-17 19:00:16
HDIP001268,CUST-0190,EMP-019,349000.0,2026-01-24 18:23:41,2026-01-24 22:23:41,2026-01-25 22:23:41
HDIP001269,CUST-0120,EMP-011,1395000.0,2026-03-28 00:57:00,2026-03-28 17:57:00,2026-03-31 17:57:00
HDIP001270,CUST-0324,EMP-019,966000.0,2026-07-13 19:31:32,2026-07-14 04:31:32,2026-07-16 04:31:32
HDIP001271,CUST-0320,EMP-011,675000.0,2025-08-25 10:40:57,2025-08-26 04:40:57,2025-08-30 04:40:57
HDIP001272,CUST-0200,EMP-025,229000.0,2025-10-07 21:25:27,2025-10-08 07:25:27,2025-10-10 07:25:27
HDIP001273,CUST-0115,EMP-021,1059000.0,2025-07-26 01:17:54,2025-07-26 13:17:54,2025-07-29 13:17:54
HDIP001274,CUST-0103,EMP-021,432000.0,2025-10-05 22:56:43,2025-10-06 19:56:43,2025-10-07 19:56:43
HDIP001275,CUST-0269,EMP-017,806000.0,2025-11-11 13:31:24,2025-11-11 22:31:24,2025-11-15 22:31:24
HDIP001276,CUST-0134,EMP-007,284000.0,2025-09-18 19:34:23,2025-09-19 06:34:23,2025-09-20 06:34:23
HDIP001277,CUST-0189,EMP-015,464000.0,2026-05-22 03:47:29,2026-05-22 09:47:29,2026-05-26 09:47:29
HDIP001278,CUST-0234,EMP-009,352000.0,2025-10-09 16:17:23,2025-10-10 16:17:23,2025-10-14 16:17:23
HDIP001279,CUST-0064,EMP-002,705000.0,2026-06-26 20:44:30,2026-06-27 08:44:30,2026-07-01 08:44:30
HDIP001280,CUST-0282,EMP-001,535000.0,2026-03-26 02:31:23,2026-03-26 17:31:23,2026-03-29 17:31:23
HDIP001281,CUST-0330,EMP-010,1662000.0,2025-11-27 16:52:16,2025-11-28 12:52:16,2025-11-29 12:52:16
HDIP001282,CUST-0268,EMP-006,1321000.0,2026-04-28 02:26:23,2026-04-28 11:26:23,2026-04-29 11:26:23
HDIP001283,CUST-0329,EMP-013,805000.0,2026-04-20 14:51:24,2026-04-20 20:51:24,2026-04-21 20:51:24
HDIP001284,CUST-0013,EMP-002,1841000.0,2026-03-31 13:07:35,2026-04-01 13:07:35,2026-04-03 13:07:35
HDIP001285,CUST-0257,EMP-011,393000.0,2025-11-27 06:57:17,2025-11-27 20:57:17,2025-12-01 20:57:17
HDIP001286,CUST-0343,EMP-023,352000.0,2026-04-21 14:30:49,2026-04-22 05:30:49,2026-04-23 05:30:49
HDIP001287,CUST-0299,EMP-016,1200000.0,2025-07-27 15:30:18,2025-07-28 04:30:18,2025-07-29 04:30:18
HDIP001288,CUST-0275,EMP-001,485000.0,2026-07-15 07:07:43,2026-07-16 05:07:43,2026-07-19 05:07:43
HDIP001289,CUST-0104,EMP-025,227000.0,2026-03-17 20:15:19,2026-03-18 06:15:19,2026-03-21 06:15:19
HDIP001290,CUST-0334,EMP-010,959000.0,2026-01-16 06:31:16,2026-01-16 08:31:16,2026-01-20 08:31:16
HDIP001291,CUST-0022,EMP-013,216000.0,2026-06-02 08:35:22,2026-06-02 13:35:22,2026-06-04 13:35:22
HDIP001292,CUST-0346,EMP-007,631000.0,2026-07-04 05:02:14,2026-07-05 01:02:14,2026-07-08 01:02:14
HDIP001293,CUST-0291,EMP-009,1072000.0,2025-10-17 01:37:09,2025-10-17 19:37:09,2025-10-18 19:37:09
HDIP001294,CUST-0106,EMP-016,564000.0,2026-04-30 11:11:13,2026-05-01 01:11:13,2026-05-04 01:11:13
HDIP001295,CUST-0147,EMP-022,1554000.0,2026-06-22 20:00:20,2026-06-23 05:00:20,2026-06-24 05:00:20
HDIP001296,CUST-0141,EMP-001,480000.0,2025-11-19 17:10:01,2025-11-20 09:10:01,2025-11-24 09:10:01
HDIP001297,CUST-0191,EMP-003,266000.0,2025-11-10 14:25:50,2025-11-11 05:25:50,2025-11-12 05:25:50
HDIP001298,CUST-0073,EMP-009,1875000.0,2026-01-18 07:42:52,2026-01-18 15:42:52,2026-01-19 15:42:52
HDIP001299,CUST-0286,EMP-009,313000.0,2025-11-06 18:02:44,2025-11-06 20:02:44,2025-11-10 20:02:44
HDIP001300,CUST-0204,EMP-022,834000.0,2025-12-18 10:41:47,2025-12-18 12:41:47,2025-12-19 12:41:47
HDIP001301,CUST-0337,EMP-003,887000.0,2026-05-19 17:24:29,2026-05-20 03:24:29,2026-05-23 03:24:29
HDIP001302,CUST-0121,EMP-023,1019000.0,2026-01-14 20:24:05,2026-01-14 22:24:05,2026-01-15 22:24:05
HDIP001303,CUST-0025,EMP-010,1395000.0,2025-12-13 05:53:25,2025-12-13 09:53:25,2025-12-16 09:53:25
HDIP001304,CUST-0283,EMP-018,478000.0,2025-09-19 10:49:21,2025-09-19 22:49:21,2025-09-22 22:49:21
HDIP001305,CUST-0178,EMP-025,2345000.0,2025-11-15 10:40:03,2025-11-15 16:40:03,2025-11-19 16:40:03
HDIP001306,CUST-0171,EMP-012,1707000.0,2026-04-01 13:00:07,2026-04-02 05:00:07,2026-04-06 05:00:07
HDIP001307,CUST-0277,EMP-021,1853000.0,2026-06-12 23:45:51,2026-06-13 06:45:51,2026-06-15 06:45:51
HDIP001308,CUST-0341,EMP-006,1363000.0,2026-05-08 03:26:56,2026-05-08 12:26:56,2026-05-11 12:26:56
HDIP001309,CUST-0268,EMP-022,979000.0,2026-06-08 01:50:14,2026-06-08 15:50:14,2026-06-10 15:50:14
HDIP001310,CUST-0233,EMP-005,1135000.0,2026-06-13 21:32:21,2026-06-14 21:32:21,2026-06-16 21:32:21
HDIP001311,CUST-0157,EMP-008,2923000.0,2026-05-14 09:24:43,2026-05-14 23:24:43,2026-05-17 23:24:43
HDIP001312,CUST-0096,EMP-025,220000.0,2026-04-15 03:23:15,2026-04-15 07:23:15,2026-04-16 07:23:15
HDIP001313,CUST-0339,EMP-013,461000.0,2025-07-28 23:20:43,2025-07-29 23:20:43,2025-08-01 23:20:43
HDIP001314,CUST-0318,EMP-019,622000.0,2026-07-16 23:43:13,2026-07-17 16:43:13,2026-07-18 16:43:13
HDIP001315,CUST-0197,EMP-025,1018000.0,2026-02-19 04:50:44,2026-02-19 09:50:44,2026-02-23 09:50:44
HDIP001316,CUST-0195,EMP-002,302000.0,2026-01-30 04:11:19,2026-01-30 08:11:19,2026-02-03 08:11:19
HDIP001317,CUST-0324,EMP-004,205000.0,2026-01-17 10:49:22,2026-01-18 00:49:22,2026-01-21 00:49:22
HDIP001318,CUST-0283,EMP-025,1150000.0,2026-04-24 06:58:10,2026-04-24 22:58:10,2026-04-26 22:58:10
HDIP001319,CUST-0260,EMP-015,643000.0,2025-08-20 16:53:43,2025-08-21 10:53:43,2025-08-23 10:53:43
HDIP001320,CUST-0130,EMP-019,430000.0,2025-09-08 13:35:26,2025-09-09 13:35:26,2025-09-13 13:35:26
HDIP001321,CUST-0021,EMP-010,570000.0,2026-03-15 07:41:16,2026-03-15 19:41:16,2026-03-19 19:41:16
HDIP001322,CUST-0102,EMP-016,810000.0,2026-01-29 16:59:42,2026-01-30 01:59:42,2026-01-31 01:59:42
HDIP001323,CUST-0193,EMP-002,260000.0,2025-11-19 06:15:45,2025-11-19 13:15:45,2025-11-21 13:15:45
HDIP001324,CUST-0118,EMP-023,445000.0,2026-01-13 13:25:53,2026-01-14 13:25:53,2026-01-15 13:25:53
HDIP001325,CUST-0289,EMP-001,1078000.0,2026-01-11 00:12:10,2026-01-11 17:12:10,2026-01-14 17:12:10
HDIP001326,CUST-0018,EMP-009,302000.0,2026-01-10 07:22:05,2026-01-11 02:22:05,2026-01-15 02:22:05
HDIP001327,CUST-0184,EMP-016,1646000.0,2025-12-27 17:28:43,2025-12-28 11:28:43,2025-12-30 11:28:43
HDIP001328,CUST-0245,EMP-003,644000.0,2026-05-27 16:09:24,2026-05-28 15:09:24,2026-05-30 15:09:24
HDIP001329,CUST-0201,EMP-001,329000.0,2025-12-16 06:48:47,2025-12-16 09:48:47,2025-12-17 09:48:47
HDIP001330,CUST-0005,EMP-010,2011000.0,2026-07-01 18:37:11,2026-07-02 00:37:11,2026-07-05 00:37:11
HDIP001331,CUST-0278,EMP-003,2607000.0,2025-09-19 14:42:23,2025-09-20 13:42:23,2025-09-22 13:42:23
HDIP001332,CUST-0321,EMP-025,2091000.0,2026-01-01 11:01:11,2026-01-02 09:01:11,2026-01-05 09:01:11
HDIP001333,CUST-0201,EMP-015,1163000.0,2026-03-17 09:14:17,2026-03-17 18:14:17,2026-03-19 18:14:17
HDIP001334,CUST-0081,EMP-008,503000.0,2026-03-14 11:43:40,2026-03-15 05:43:40,2026-03-18 05:43:40
HDIP001335,CUST-0075,EMP-025,296000.0,2026-03-30 23:07:21,2026-03-31 02:07:21,2026-04-03 02:07:21
HDIP001336,CUST-0156,EMP-018,1231000.0,2026-03-16 22:36:24,2026-03-17 10:36:24,2026-03-20 10:36:24
HDIP001337,CUST-0307,EMP-022,637000.0,2026-05-26 01:10:36,2026-05-26 21:10:36,2026-05-28 21:10:36
HDIP001338,CUST-0324,EMP-003,1225000.0,2025-10-30 13:51:23,2025-10-31 11:51:23,2025-11-03 11:51:23
HDIP001339,CUST-0266,EMP-022,749000.0,2025-12-31 16:39:50,2026-01-01 02:39:50,2026-01-04 02:39:50
HDIP001340,CUST-0152,EMP-007,1115000.0,2026-04-17 17:06:28,2026-04-18 16:06:28,2026-04-21 16:06:28
HDIP001341,CUST-0061,EMP-024,454000.0,2026-05-01 13:17:20,2026-05-02 00:17:20,2026-05-04 00:17:20
HDIP001342,CUST-0094,EMP-021,293000.0,2026-06-04 06:38:57,2026-06-04 23:38:57,2026-06-07 23:38:57
HDIP001343,CUST-0236,EMP-018,1419000.0,2025-12-04 10:54:49,2025-12-04 16:54:49,2025-12-07 16:54:49
HDIP001344,CUST-0035,EMP-007,1601000.0,2026-06-05 05:08:47,2026-06-05 15:08:47,2026-06-09 15:08:47
HDIP001345,CUST-0137,EMP-002,480000.0,2026-01-06 23:21:40,2026-01-07 21:21:40,2026-01-11 21:21:40
HDIP001346,CUST-0186,EMP-025,1514000.0,2026-06-01 01:29:44,2026-06-01 04:29:44,2026-06-02 04:29:44
HDIP001347,CUST-0021,EMP-022,498000.0,2026-03-01 21:37:50,2026-03-02 00:37:50,2026-03-03 00:37:50
HDIP001348,CUST-0221,EMP-008,1356000.0,2025-10-22 09:08:50,2025-10-22 18:08:50,2025-10-25 18:08:50
HDIP001349,CUST-0009,EMP-006,1066000.0,2025-08-29 06:40:42,2025-08-30 02:40:42,2025-09-02 02:40:42
HDIP001350,CUST-0113,EMP-009,1025000.0,2025-09-04 13:45:31,2025-09-04 15:45:31,2025-09-06 15:45:31
HDIP001351,CUST-0052,EMP-003,698000.0,2025-12-30 12:39:31,2025-12-31 12:39:31,2026-01-04 12:39:31
HDIP001352,CUST-0195,EMP-001,1636000.0,2026-02-20 01:47:31,2026-02-20 11:47:31,2026-02-22 11:47:31
HDIP001353,CUST-0227,EMP-020,777000.0,2025-10-12 15:57:20,2025-10-13 04:57:20,2025-10-15 04:57:20
HDIP001354,CUST-0107,EMP-007,708000.0,2025-11-23 21:30:22,2025-11-24 10:30:22,2025-11-28 10:30:22
HDIP001355,CUST-0195,EMP-020,494000.0,2026-06-30 17:52:55,2026-07-01 10:52:55,2026-07-02 10:52:55
HDIP001356,CUST-0200,EMP-019,261000.0,2025-12-05 22:11:23,2025-12-06 11:11:23,2025-12-10 11:11:23
HDIP001357,CUST-0046,EMP-014,1131000.0,2025-10-31 20:55:13,2025-11-01 09:55:13,2025-11-03 09:55:13
HDIP001358,CUST-0081,EMP-006,1082000.0,2025-10-17 23:20:34,2025-10-18 19:20:34,2025-10-20 19:20:34
HDIP001359,CUST-0284,EMP-002,1302000.0,2025-10-30 02:39:16,2025-10-30 06:39:16,2025-11-02 06:39:16
HDIP001360,CUST-0118,EMP-014,319000.0,2025-11-22 21:08:50,2025-11-23 04:08:50,2025-11-24 04:08:50
HDIP001361,CUST-0336,EMP-024,1240000.0,2025-10-01 04:45:23,2025-10-01 15:45:23,2025-10-05 15:45:23
HDIP001362,CUST-0274,EMP-004,795000.0,2026-05-23 10:11:57,2026-05-24 02:11:57,2026-05-27 02:11:57
HDIP001363,CUST-0088,EMP-025,659000.0,2025-11-07 15:12:33,2025-11-08 09:12:33,2025-11-09 09:12:33
HDIP001364,CUST-0068,EMP-008,853000.0,2026-06-24 12:21:26,2026-06-25 09:21:26,2026-06-28 09:21:26
HDIP001365,CUST-0128,EMP-006,226000.0,2026-03-30 11:20:28,2026-03-31 08:20:28,2026-04-01 08:20:28
HDIP001366,CUST-0236,EMP-017,2181000.0,2026-05-31 02:33:02,2026-05-31 19:33:02,2026-06-04 19:33:02
HDIP001367,CUST-0182,EMP-020,1588000.0,2026-03-06 03:16:05,2026-03-07 03:16:05,2026-03-11 03:16:05
HDIP001368,CUST-0189,EMP-010,301000.0,2025-09-07 17:42:56,2025-09-08 14:42:56,2025-09-12 14:42:56
HDIP001369,CUST-0250,EMP-007,363000.0,2026-05-12 06:14:57,2026-05-12 08:14:57,2026-05-14 08:14:57
HDIP001370,CUST-0303,EMP-025,423000.0,2026-05-11 20:07:34,2026-05-12 02:07:34,2026-05-15 02:07:34
HDIP001371,CUST-0225,EMP-009,1080000.0,2026-01-29 21:55:11,2026-01-30 11:55:11,2026-02-03 11:55:11
HDIP001372,CUST-0126,EMP-005,599000.0,2026-07-08 05:50:54,2026-07-09 03:50:54,2026-07-10 03:50:54
HDIP001373,CUST-0335,EMP-014,230000.0,2025-08-24 05:00:13,2025-08-25 02:00:13,2025-08-28 02:00:13
HDIP001374,CUST-0246,EMP-003,426000.0,2025-12-08 18:12:52,2025-12-09 06:12:52,2025-12-11 06:12:52
HDIP001375,CUST-0075,EMP-024,207000.0,2026-04-27 00:49:10,2026-04-27 19:49:10,2026-04-30 19:49:10
HDIP001376,CUST-0191,EMP-001,1122000.0,2026-01-14 23:50:45,2026-01-15 13:50:45,2026-01-18 13:50:45
HDIP001377,CUST-0250,EMP-014,857000.0,2026-05-17 10:28:39,2026-05-18 04:28:39,2026-05-19 04:28:39
HDIP001378,CUST-0194,EMP-011,909000.0,2026-04-07 10:13:48,2026-04-08 10:13:48,2026-04-12 10:13:48
HDIP001379,CUST-0142,EMP-013,445000.0,2025-10-18 09:36:10,2025-10-18 12:36:10,2025-10-19 12:36:10
HDIP001380,CUST-0100,EMP-014,715000.0,2026-05-31 08:27:22,2026-05-31 14:27:22,2026-06-04 14:27:22
HDIP001381,CUST-0136,EMP-024,910000.0,2026-01-28 07:36:00,2026-01-28 11:36:00,2026-01-30 11:36:00
HDIP001382,CUST-0176,EMP-020,1938000.0,2026-05-03 13:33:50,2026-05-04 02:33:50,2026-05-08 02:33:50
HDIP001383,CUST-0302,EMP-017,244000.0,2026-04-15 23:08:48,2026-04-16 09:08:48,2026-04-18 09:08:48
HDIP001384,CUST-0169,EMP-017,352000.0,2025-11-18 14:20:45,2025-11-19 07:20:45,2025-11-23 07:20:45
HDIP001385,CUST-0055,EMP-005,1097000.0,2026-02-25 09:56:47,2026-02-25 18:56:47,2026-02-27 18:56:47
HDIP001386,CUST-0205,EMP-014,95000.0,2026-03-01 21:40:55,2026-03-02 09:40:55,2026-03-05 09:40:55
HDIP001387,CUST-0034,EMP-025,261000.0,2025-11-23 19:07:53,2025-11-23 22:07:53,2025-11-27 22:07:53
HDIP001388,CUST-0016,EMP-011,897000.0,2026-07-23 23:50:59,2026-07-24 12:50:59,2026-07-25 12:50:59
HDIP001389,CUST-0203,EMP-019,910000.0,2025-10-15 23:43:52,2025-10-16 13:43:52,2025-10-20 13:43:52
HDIP001390,CUST-0052,EMP-003,665000.0,2025-08-25 20:01:38,2025-08-25 22:01:38,2025-08-27 22:01:38
HDIP001391,CUST-0002,EMP-016,340000.0,2025-10-01 19:56:28,2025-10-01 22:56:28,2025-10-03 22:56:28
HDIP001392,CUST-0183,EMP-022,172000.0,2026-03-04 00:14:28,2026-03-04 04:14:28,2026-03-05 04:14:28
HDIP001393,CUST-0299,EMP-003,1468000.0,2025-08-09 05:08:05,2025-08-10 02:08:05,2025-08-11 02:08:05
HDIP001394,CUST-0037,EMP-020,904000.0,2025-11-12 08:03:30,2025-11-12 14:03:30,2025-11-13 14:03:30
HDIP001395,CUST-0311,EMP-008,377000.0,2026-04-18 11:05:03,2026-04-18 22:05:03,2026-04-19 22:05:03
HDIP001396,CUST-0243,EMP-015,1248000.0,2025-12-11 04:39:01,2025-12-11 22:39:01,2025-12-14 22:39:01
HDIP001397,CUST-0121,EMP-010,190000.0,2026-04-09 14:47:25,2026-04-10 02:47:25,2026-04-12 02:47:25
HDIP001398,CUST-0041,EMP-002,366000.0,2026-03-10 02:26:37,2026-03-10 07:26:37,2026-03-12 07:26:37
HDIP001399,CUST-0038,EMP-010,1262000.0,2026-05-20 01:10:42,2026-05-20 13:10:42,2026-05-23 13:10:42
HDIP001400,CUST-0344,EMP-018,2021000.0,2026-05-04 03:09:31,2026-05-04 23:09:31,2026-05-07 23:09:31
HDIP001401,CUST-0200,EMP-006,958000.0,2026-06-05 10:03:52,2026-06-06 03:03:52,2026-06-10 03:03:52
HDIP001402,CUST-0217,EMP-022,757000.0,2025-11-24 02:52:50,2025-11-24 22:52:50,2025-11-26 22:52:50
HDIP001403,CUST-0213,EMP-003,445000.0,2026-01-29 23:01:23,2026-01-30 11:01:23,2026-02-01 11:01:23
HDIP001404,CUST-0254,EMP-009,356000.0,2026-07-12 05:33:12,2026-07-12 13:33:12,2026-07-14 13:33:12
HDIP001405,CUST-0176,EMP-020,641000.0,2025-12-16 17:40:29,2025-12-17 05:40:29,2025-12-18 05:40:29
HDIP001406,CUST-0104,EMP-007,2653000.0,2025-09-20 06:29:26,2025-09-20 18:29:26,2025-09-23 18:29:26
HDIP001407,CUST-0223,EMP-025,2233000.0,2026-05-04 20:46:50,2026-05-04 23:46:50,2026-05-08 23:46:50
HDIP001408,CUST-0243,EMP-014,1713000.0,2026-07-20 16:11:56,2026-07-21 08:11:56,2026-07-23 08:11:56
HDIP001409,CUST-0003,EMP-017,2085000.0,2025-10-21 21:20:00,2025-10-22 00:20:00,2025-10-24 00:20:00
HDIP001410,CUST-0257,EMP-024,1713000.0,2026-05-29 11:19:33,2026-05-30 09:19:33,2026-06-02 09:19:33
HDIP001411,CUST-0121,EMP-013,641000.0,2026-02-27 15:27:10,2026-02-28 03:27:10,2026-03-02 03:27:10
HDIP001412,CUST-0246,EMP-001,217000.0,2025-09-01 11:52:26,2025-09-01 17:52:26,2025-09-04 17:52:26
HDIP001413,CUST-0083,EMP-014,459000.0,2025-10-12 03:07:40,2025-10-12 10:07:40,2025-10-15 10:07:40
HDIP001414,CUST-0281,EMP-021,3750000.0,2025-08-20 12:08:35,2025-08-20 16:08:35,2025-08-22 16:08:35
HDIP001415,CUST-0232,EMP-011,691000.0,2025-09-10 00:44:03,2025-09-10 18:44:03,2025-09-14 18:44:03
HDIP001416,CUST-0181,EMP-006,2288000.0,2025-12-22 12:09:00,2025-12-22 20:09:00,2025-12-25 20:09:00
HDIP001417,CUST-0075,EMP-011,1109000.0,2025-09-25 03:18:56,2025-09-25 21:18:56,2025-09-27 21:18:56
HDIP001418,CUST-0222,EMP-004,416000.0,2026-06-03 09:11:20,2026-06-04 03:11:20,2026-06-08 03:11:20
HDIP001419,CUST-0301,EMP-024,1050000.0,2026-04-21 16:39:25,2026-04-21 20:39:25,2026-04-23 20:39:25
HDIP001420,CUST-0019,EMP-015,620000.0,2025-10-05 21:52:40,2025-10-05 23:52:40,2025-10-08 23:52:40
HDIP001421,CUST-0174,EMP-014,1211000.0,2026-05-12 00:51:18,2026-05-12 02:51:18,2026-05-15 02:51:18
HDIP001422,CUST-0254,EMP-018,947000.0,2026-02-24 02:10:03,2026-02-24 14:10:03,2026-02-25 14:10:03
HDIP001423,CUST-0218,EMP-010,2848000.0,2025-08-08 23:46:33,2025-08-09 04:46:33,2025-08-10 04:46:33
HDIP001424,CUST-0158,EMP-024,112000.0,2025-11-18 07:21:59,2025-11-18 22:21:59,2025-11-19 22:21:59
HDIP001425,CUST-0048,EMP-005,1161000.0,2026-07-21 14:12:49,2026-07-22 08:12:49,2026-07-23 08:12:49
HDIP001426,CUST-0163,EMP-004,926000.0,2025-10-03 18:58:20,2025-10-04 14:58:20,2025-10-06 14:58:20
HDIP001427,CUST-0278,EMP-003,1110000.0,2026-06-05 01:17:13,2026-06-06 01:17:13,2026-06-09 01:17:13
HDIP001428,CUST-0071,EMP-003,326000.0,2025-08-30 11:55:10,2025-08-31 07:55:10,2025-09-01 07:55:10
HDIP001429,CUST-0208,EMP-018,579000.0,2025-09-04 09:08:09,2025-09-04 19:08:09,2025-09-06 19:08:09
HDIP001430,CUST-0333,EMP-019,1937000.0,2026-04-22 23:48:50,2026-04-23 04:48:50,2026-04-24 04:48:50
HDIP001431,CUST-0261,EMP-008,814000.0,2025-12-30 06:50:29,2025-12-30 08:50:29,2026-01-02 08:50:29
HDIP001432,CUST-0221,EMP-007,496000.0,2026-03-20 00:49:07,2026-03-20 23:49:07,2026-03-24 23:49:07
HDIP001433,CUST-0208,EMP-019,736000.0,2025-12-31 16:41:57,2026-01-01 12:41:57,2026-01-04 12:41:57
HDIP001434,CUST-0216,EMP-009,292000.0,2026-04-02 15:47:05,2026-04-03 12:47:05,2026-04-07 12:47:05
HDIP001435,CUST-0130,EMP-023,958000.0,2025-09-12 15:40:02,2025-09-13 11:40:02,2025-09-15 11:40:02
HDIP001436,CUST-0037,EMP-022,248000.0,2025-12-25 03:53:09,2025-12-25 09:53:09,2025-12-27 09:53:09
HDIP001437,CUST-0108,EMP-023,443000.0,2025-09-05 21:19:54,2025-09-06 21:19:54,2025-09-07 21:19:54
HDIP001438,CUST-0076,EMP-024,607000.0,2026-04-02 12:17:46,2026-04-02 17:17:46,2026-04-05 17:17:46
HDIP001439,CUST-0349,EMP-009,1169000.0,2026-01-13 01:44:15,2026-01-14 00:44:15,2026-01-16 00:44:15
HDIP001440,CUST-0141,EMP-014,112000.0,2025-08-12 20:55:58,2025-08-13 06:55:58,2025-08-14 06:55:58
HDIP001441,CUST-0235,EMP-017,132000.0,2025-11-14 03:11:42,2025-11-14 11:11:42,2025-11-18 11:11:42
HDIP001442,CUST-0091,EMP-014,1111000.0,2026-05-19 12:56:20,2026-05-19 14:56:20,2026-05-23 14:56:20
HDIP001443,CUST-0245,EMP-013,270000.0,2025-11-06 14:03:45,2025-11-06 21:03:45,2025-11-10 21:03:45
HDIP001444,CUST-0331,EMP-016,544000.0,2025-12-21 05:24:03,2025-12-21 14:24:03,2025-12-23 14:24:03
HDIP001445,CUST-0051,EMP-009,521000.0,2026-06-24 15:17:06,2026-06-25 14:17:06,2026-06-28 14:17:06
HDIP001446,CUST-0130,EMP-008,876000.0,2026-05-15 03:27:36,2026-05-16 02:27:36,2026-05-18 02:27:36
HDIP001447,CUST-0284,EMP-014,1355000.0,2026-03-02 10:31:40,2026-03-02 22:31:40,2026-03-03 22:31:40
HDIP001448,CUST-0140,EMP-019,609000.0,2025-10-10 08:00:17,2025-10-11 06:00:17,2025-10-15 06:00:17
HDIP001449,CUST-0101,EMP-008,393000.0,2025-11-27 23:24:14,2025-11-28 02:24:14,2025-12-01 02:24:14
HDIP001450,CUST-0253,EMP-008,1646000.0,2026-01-08 04:24:12,2026-01-08 23:24:12,2026-01-09 23:24:12
HDIP001451,CUST-0105,EMP-015,610000.0,2026-01-01 00:18:46,2026-01-01 19:18:46,2026-01-02 19:18:46
HDIP001452,CUST-0114,EMP-024,253000.0,2025-10-16 04:26:22,2025-10-16 12:26:22,2025-10-19 12:26:22
HDIP001453,CUST-0210,EMP-004,1422000.0,2025-11-10 18:27:33,2025-11-11 16:27:33,2025-11-15 16:27:33
HDIP001454,CUST-0323,EMP-025,849000.0,2025-10-26 13:04:49,2025-10-26 16:04:49,2025-10-30 16:04:49
HDIP001455,CUST-0111,EMP-014,453000.0,2026-07-04 12:38:38,2026-07-05 00:38:38,2026-07-06 00:38:38
HDIP001456,CUST-0143,EMP-001,1512000.0,2026-01-06 17:45:14,2026-01-07 17:45:14,2026-01-10 17:45:14
HDIP001457,CUST-0081,EMP-008,339000.0,2026-05-07 06:36:19,2026-05-07 09:36:19,2026-05-09 09:36:19
HDIP001458,CUST-0236,EMP-002,300000.0,2026-04-07 19:58:13,2026-04-08 11:58:13,2026-04-10 11:58:13
HDIP001459,CUST-0154,EMP-022,532000.0,2026-01-08 13:43:04,2026-01-08 19:43:04,2026-01-09 19:43:04
HDIP001460,CUST-0056,EMP-003,349000.0,2026-05-17 17:43:42,2026-05-18 00:43:42,2026-05-20 00:43:42
HDIP001461,CUST-0086,EMP-009,647000.0,2026-04-28 00:58:42,2026-04-28 18:58:42,2026-05-01 18:58:42
HDIP001462,CUST-0228,EMP-009,1670000.0,2025-11-24 11:39:32,2025-11-24 21:39:32,2025-11-26 21:39:32
HDIP001463,CUST-0065,EMP-002,568000.0,2025-10-22 02:09:07,2025-10-23 02:09:07,2025-10-24 02:09:07
HDIP001464,CUST-0028,EMP-017,1226000.0,2025-10-02 16:37:43,2025-10-03 11:37:43,2025-10-05 11:37:43
HDIP001465,CUST-0043,EMP-011,592000.0,2026-02-13 18:54:07,2026-02-14 13:54:07,2026-02-15 13:54:07
HDIP001466,CUST-0023,EMP-014,1275000.0,2026-01-31 08:42:34,2026-01-31 16:42:34,2026-02-02 16:42:34
HDIP001467,CUST-0280,EMP-003,888000.0,2026-05-07 09:05:08,2026-05-07 21:05:08,2026-05-11 21:05:08
HDIP001468,CUST-0016,EMP-002,1564000.0,2026-05-18 03:37:33,2026-05-18 05:37:33,2026-05-19 05:37:33
HDIP001469,CUST-0300,EMP-003,932000.0,2025-08-25 23:01:55,2025-08-26 23:01:55,2025-08-28 23:01:55
HDIP001470,CUST-0323,EMP-024,2289000.0,2026-03-16 18:38:40,2026-03-16 20:38:40,2026-03-18 20:38:40
HDIP001471,CUST-0277,EMP-016,318000.0,2025-11-13 09:35:14,2025-11-14 02:35:14,2025-11-15 02:35:14
HDIP001472,CUST-0319,EMP-002,275000.0,2025-11-23 20:35:29,2025-11-24 10:35:29,2025-11-28 10:35:29
HDIP001473,CUST-0307,EMP-002,1113000.0,2025-07-25 22:53:49,2025-07-26 21:53:49,2025-07-29 21:53:49
HDIP001474,CUST-0194,EMP-019,555000.0,2025-09-10 14:44:45,2025-09-10 23:44:45,2025-09-14 23:44:45
HDIP001475,CUST-0190,EMP-022,1310000.0,2025-08-12 21:32:02,2025-08-13 10:32:02,2025-08-16 10:32:02
HDIP001476,CUST-0107,EMP-008,1302000.0,2025-12-31 04:01:38,2026-01-01 01:01:38,2026-01-05 01:01:38
HDIP001477,CUST-0095,EMP-005,1861000.0,2025-08-18 22:09:33,2025-08-19 01:09:33,2025-08-22 01:09:33
HDIP001478,CUST-0003,EMP-009,899000.0,2026-03-24 19:39:13,2026-03-25 05:39:13,2026-03-27 05:39:13
HDIP001479,CUST-0097,EMP-017,190000.0,2026-04-02 10:14:18,2026-04-02 14:14:18,2026-04-06 14:14:18
HDIP001480,CUST-0205,EMP-020,649000.0,2026-04-14 03:21:16,2026-04-14 14:21:16,2026-04-16 14:21:16
HDIP001481,CUST-0011,EMP-008,1034000.0,2026-07-01 09:52:19,2026-07-02 00:52:19,2026-07-04 00:52:19
HDIP001482,CUST-0110,EMP-004,707000.0,2025-11-22 02:22:54,2025-11-22 12:22:54,2025-11-23 12:22:54
HDIP001483,CUST-0192,EMP-025,306000.0,2025-11-14 17:32:21,2025-11-14 20:32:21,2025-11-16 20:32:21
HDIP001484,CUST-0175,EMP-018,1222000.0,2026-04-16 04:34:15,2026-04-16 11:34:15,2026-04-19 11:34:15
HDIP001485,CUST-0343,EMP-003,533000.0,2026-01-23 07:59:32,2026-01-23 21:59:32,2026-01-26 21:59:32
HDIP001486,CUST-0295,EMP-017,727000.0,2026-02-06 01:47:52,2026-02-06 03:47:52,2026-02-08 03:47:52
HDIP001487,CUST-0170,EMP-024,510000.0,2025-09-15 00:10:36,2025-09-15 16:10:36,2025-09-16 16:10:36
HDIP001488,CUST-0123,EMP-007,1350000.0,2026-07-15 19:06:29,2026-07-16 03:06:29,2026-07-18 03:06:29
HDIP001489,CUST-0053,EMP-003,1085000.0,2025-08-30 14:20:31,2025-08-31 14:20:31,2025-09-04 14:20:31
HDIP001490,CUST-0124,EMP-019,898000.0,2025-08-29 08:55:27,2025-08-30 06:55:27,2025-09-01 06:55:27
HDIP001491,CUST-0018,EMP-024,1270000.0,2025-08-23 17:02:48,2025-08-23 21:02:48,2025-08-27 21:02:48
HDIP001492,CUST-0005,EMP-001,1628000.0,2026-07-13 20:44:15,2026-07-14 03:44:15,2026-07-16 03:44:15
HDIP001493,CUST-0007,EMP-008,1402000.0,2026-04-18 05:09:45,2026-04-18 19:09:45,2026-04-21 19:09:45
HDIP001494,CUST-0062,EMP-024,991000.0,2026-07-12 11:25:30,2026-07-13 02:25:30,2026-07-14 02:25:30
HDIP001495,CUST-0037,EMP-004,217000.0,2026-06-28 01:40:20,2026-06-28 19:40:20,2026-07-01 19:40:20
HDIP001496,CUST-0272,EMP-016,2390000.0,2025-12-05 01:22:07,2025-12-05 03:22:07,2025-12-07 03:22:07
HDIP001497,CUST-0038,EMP-008,240000.0,2026-01-16 03:11:09,2026-01-16 13:11:09,2026-01-19 13:11:09
HDIP001498,CUST-0151,EMP-005,1215000.0,2026-02-11 16:36:40,2026-02-12 11:36:40,2026-02-16 11:36:40
HDIP001499,CUST-0050,EMP-004,1320000.0,2026-05-10 17:15:37,2026-05-10 23:15:37,2026-05-14 23:15:37
HDIP001500,CUST-0312,EMP-003,150000.0,2026-06-07 14:45:31,2026-06-07 16:45:31,2026-06-11 16:45:31
