invoice_line_id,invoice_code,product_code,quantity,unit_price,line_discount_percent,line_discount_amount,line_total
1,HDIP000001,SKU-THE-1075,2,503000.0,15.0,151000.0,855000.0
2,HDIP000001,SKU-TEE-1040,1,172000.0,5.0,9000.0,163000.0
3,HDIP000001,SKU-DKM-1102,1,454000.0,15.0,68000.0,386000.0
4,HDIP000001,SKU-TEE-1116,1,270000.0,10.0,27000.0,243000.0
5,HDIP000001,SKU-DIR-1093,1,544000.0,15.0,82000.0,462000.0
6,HDIP000002,SKU-TEE-1088,1,274000.0,10.0,27000.0,247000.0
7,HDIP000003,SKU-THE-1053,1,675000.0,5.0,34000.0,641000.0
8,HDIP000004,SKU-TSU-1067,1,608000.0,15.0,91000.0,517000.0
9,HDIP000004,SKU-TEE-1027,1,339000.0,5.0,17000.0,322000.0
10,HDIP000005,SKU-BAD-1087,2,731000.0,15.0,219000.0,1243000.0
11,HDIP000005,SKU-NOW-1099,1,356000.0,15.0,53000.0,303000.0
12,HDIP000006,SKU-TEE-1039,1,301000.0,0.0,0.0,301000.0
13,HDIP000007,SKU-DKM-1045,1,524000.0,15.0,79000.0,445000.0
14,HDIP000008,SKU-TEE-1051,3,201000.0,0.0,0.0,603000.0
15,HDIP000008,SKU-BAD-1105,1,403000.0,0.0,0.0,403000.0
16,HDIP000008,SKU-DKM-1045,3,524000.0,0.0,0.0,1572000.0
17,HDIP000009,SKU-DIR-1106,1,353000.0,10.0,35000.0,318000.0
18,HDIP000010,SKU-COO-1086,2,365000.0,0.0,0.0,730000.0
19,HDIP000011,SKU-DKM-1061,1,205000.0,0.0,0.0,205000.0
20,HDIP000012,SKU-DIR-1113,1,595000.0,0.0,0.0,595000.0
21,HDIP000012,SKU-DKM-1061,1,205000.0,0.0,0.0,205000.0
22,HDIP000013,SKU-TSU-1030,1,306000.0,0.0,0.0,306000.0
23,HDIP000013,SKU-BAD-1069,2,415000.0,0.0,0.0,830000.0
24,HDIP000014,SKU-SWE-1024,3,753000.0,0.0,0.0,2259000.0
25,HDIP000014,SKU-DIR-1120,2,510000.0,0.0,0.0,1020000.0
26,HDIP000014,SKU-TSU-1096,1,405000.0,10.0,40000.0,365000.0
27,HDIP000015,SKU-BAD-1018,1,494000.0,0.0,0.0,494000.0
28,HDIP000015,SKU-DIR-1109,2,341000.0,0.0,0.0,682000.0
29,HDIP000015,SKU-DIR-1065,1,426000.0,5.0,21000.0,405000.0
30,HDIP000016,SKU-DKM-1102,1,454000.0,0.0,0.0,454000.0
31,HDIP000016,SKU-DKM-1038,1,228000.0,15.0,34000.0,194000.0
32,HDIP000017,SKU-THE-1013,1,387000.0,0.0,0.0,387000.0
33,HDIP000018,SKU-TEE-1031,1,290000.0,0.0,0.0,290000.0
34,HDIP000019,SKU-DIR-1047,1,320000.0,0.0,0.0,320000.0
35,HDIP000020,SKU-DIR-1065,2,426000.0,15.0,128000.0,724000.0
36,HDIP000021,SKU-THE-1029,1,475000.0,0.0,0.0,475000.0
37,HDIP000022,SKU-TSU-1071,2,610000.0,10.0,122000.0,1098000.0
38,HDIP000023,SKU-THE-1068,1,496000.0,10.0,50000.0,446000.0
39,HDIP000023,SKU-DKM-1091,1,657000.0,10.0,66000.0,591000.0
40,HDIP000024,SKU-TSU-1110,1,633000.0,0.0,0.0,633000.0
41,HDIP000025,SKU-TEE-1066,1,230000.0,0.0,0.0,230000.0
42,HDIP000026,SKU-TSU-1072,1,352000.0,0.0,0.0,352000.0
43,HDIP000026,SKU-DIR-1060,1,655000.0,5.0,33000.0,622000.0
44,HDIP000027,SKU-DKM-1045,1,524000.0,10.0,52000.0,472000.0
45,HDIP000028,SKU-SWE-1024,1,753000.0,15.0,113000.0,640000.0
46,HDIP000029,SKU-DIR-1117,1,397000.0,15.0,60000.0,337000.0
47,HDIP000029,SKU-TEE-1049,2,226000.0,0.0,0.0,452000.0
48,HDIP000029,SKU-SWE-1011,1,375000.0,0.0,0.0,375000.0
49,HDIP000030,SKU-THE-1029,1,475000.0,0.0,0.0,475000.0
50,HDIP000030,SKU-TEE-1107,3,179000.0,5.0,27000.0,510000.0
51,HDIP000031,SKU-TEE-1032,1,278000.0,0.0,0.0,278000.0
52,HDIP000031,SKU-TEE-1059,2,177000.0,15.0,53000.0,301000.0
53,HDIP000031,SKU-DKM-1045,1,524000.0,0.0,0.0,524000.0
54,HDIP000032,SKU-THE-1013,1,387000.0,5.0,19000.0,368000.0
55,HDIP000033,SKU-NOW-1052,1,425000.0,0.0,0.0,425000.0
56,HDIP000033,SKU-BAD-1057,1,664000.0,0.0,0.0,664000.0
57,HDIP000034,SKU-NOW-1099,2,356000.0,0.0,0.0,712000.0
58,HDIP000034,SKU-BAD-1087,1,731000.0,0.0,0.0,731000.0
59,HDIP000035,SKU-TSU-1072,2,352000.0,15.0,106000.0,598000.0
60,HDIP000036,SKU-DKM-1045,2,524000.0,15.0,157000.0,891000.0
61,HDIP000037,SKU-TEE-1039,1,301000.0,10.0,30000.0,271000.0
62,HDIP000038,SKU-SWE-1019,2,423000.0,10.0,85000.0,761000.0
63,HDIP000038,SKU-DIR-1104,1,605000.0,5.0,30000.0,575000.0
64,HDIP000038,SKU-DIR-1060,1,655000.0,0.0,0.0,655000.0
65,HDIP000039,SKU-DIR-1119,2,693000.0,0.0,0.0,1386000.0
66,HDIP000039,SKU-BAD-1058,1,430000.0,0.0,0.0,430000.0
67,HDIP000040,SKU-NOW-1025,1,438000.0,15.0,66000.0,372000.0
68,HDIP000040,SKU-SWE-1103,1,683000.0,5.0,34000.0,649000.0
69,HDIP000040,SKU-NOW-1098,1,393000.0,0.0,0.0,393000.0
70,HDIP000041,SKU-BAD-1097,2,438000.0,15.0,131000.0,745000.0
71,HDIP000041,SKU-TEE-1062,1,326000.0,0.0,0.0,326000.0
72,HDIP000042,SKU-BAD-1069,1,415000.0,0.0,0.0,415000.0
73,HDIP000043,SKU-DIR-1093,1,544000.0,0.0,0.0,544000.0
74,HDIP000044,SKU-THE-1029,1,475000.0,0.0,0.0,475000.0
75,HDIP000044,SKU-DIR-1095,1,388000.0,10.0,39000.0,349000.0
76,HDIP000045,SKU-TSU-1030,1,306000.0,0.0,0.0,306000.0
77,HDIP000046,SKU-DIR-1106,1,353000.0,15.0,53000.0,300000.0
78,HDIP000047,SKU-SWE-1046,1,566000.0,10.0,57000.0,509000.0
79,HDIP000047,SKU-TEE-1022,1,252000.0,10.0,25000.0,227000.0
80,HDIP000048,SKU-COO-1086,1,365000.0,15.0,55000.0,310000.0
81,HDIP000048,SKU-DIR-1007,1,631000.0,15.0,95000.0,536000.0
82,HDIP000048,SKU-NOW-1098,1,393000.0,0.0,0.0,393000.0
83,HDIP000048,SKU-BAD-1001,1,447000.0,0.0,0.0,447000.0
84,HDIP000049,SKU-TEE-1003,1,244000.0,5.0,12000.0,232000.0
85,HDIP000049,SKU-BAD-1001,1,447000.0,10.0,45000.0,402000.0
86,HDIP000050,SKU-DIR-1117,2,397000.0,10.0,79000.0,715000.0
87,HDIP000050,SKU-BAD-1023,1,751000.0,0.0,0.0,751000.0
88,HDIP000050,SKU-DIR-1014,1,715000.0,0.0,0.0,715000.0
89,HDIP000051,SKU-NOW-1052,1,425000.0,0.0,0.0,425000.0
90,HDIP000052,SKU-TEE-1049,1,226000.0,5.0,11000.0,215000.0
91,HDIP000053,SKU-DIR-1109,1,341000.0,0.0,0.0,341000.0
92,HDIP000054,SKU-TEE-1116,2,270000.0,10.0,54000.0,486000.0
93,HDIP000055,SKU-NOW-1073,1,216000.0,0.0,0.0,216000.0
94,HDIP000055,SKU-NOW-1085,1,210000.0,0.0,0.0,210000.0
95,HDIP000055,SKU-TEE-1005,1,133000.0,15.0,20000.0,113000.0
96,HDIP000056,SKU-DIR-1109,1,341000.0,10.0,34000.0,307000.0
97,HDIP000056,SKU-NOW-1050,1,245000.0,15.0,37000.0,208000.0
98,HDIP000057,SKU-COO-1056,1,275000.0,0.0,0.0,275000.0
99,HDIP000058,SKU-SWE-1042,1,535000.0,5.0,27000.0,508000.0
100,HDIP000058,SKU-DIR-1004,1,419000.0,0.0,0.0,419000.0
101,HDIP000058,SKU-DIR-1082,1,382000.0,5.0,19000.0,363000.0
102,HDIP000058,SKU-DIR-1035,1,555000.0,15.0,83000.0,472000.0
103,HDIP000059,SKU-TSU-1092,1,708000.0,5.0,35000.0,673000.0
104,HDIP000059,SKU-TEE-1010,1,240000.0,15.0,36000.0,204000.0
105,HDIP000059,SKU-SWE-1011,1,375000.0,5.0,19000.0,356000.0
106,HDIP000060,SKU-BAD-1057,1,664000.0,0.0,0.0,664000.0
107,HDIP000060,SKU-DIR-1047,1,320000.0,5.0,16000.0,304000.0
108,HDIP000060,SKU-NOW-1098,1,393000.0,10.0,39000.0,354000.0
109,HDIP000060,SKU-DIR-1035,1,555000.0,0.0,0.0,555000.0
110,HDIP000061,SKU-SWE-1002,1,401000.0,0.0,0.0,401000.0
111,HDIP000061,SKU-DKM-1038,1,228000.0,10.0,23000.0,205000.0
112,HDIP000061,SKU-THE-1053,2,675000.0,0.0,0.0,1350000.0
113,HDIP000062,SKU-DIR-1035,1,555000.0,5.0,28000.0,527000.0
114,HDIP000063,SKU-TEE-1062,1,326000.0,0.0,0.0,326000.0
115,HDIP000064,SKU-NOW-1026,1,240000.0,0.0,0.0,240000.0
116,HDIP000064,SKU-TEE-1059,1,177000.0,5.0,9000.0,168000.0
117,HDIP000065,SKU-BAD-1105,2,403000.0,15.0,121000.0,685000.0
118,HDIP000066,SKU-BAD-1023,3,751000.0,0.0,0.0,2253000.0
119,HDIP000066,SKU-TEE-1051,1,201000.0,15.0,30000.0,171000.0
120,HDIP000067,SKU-BAD-1105,1,403000.0,0.0,0.0,403000.0
121,HDIP000068,SKU-TSU-1071,3,610000.0,5.0,92000.0,1738000.0
122,HDIP000068,SKU-DIR-1004,2,419000.0,0.0,0.0,838000.0
123,HDIP000069,SKU-DKM-1102,1,454000.0,15.0,68000.0,386000.0
124,HDIP000069,SKU-THE-1053,1,675000.0,0.0,0.0,675000.0
125,HDIP000069,SKU-BAD-1087,1,731000.0,15.0,110000.0,621000.0
126,HDIP000070,SKU-BAD-1069,2,415000.0,15.0,124000.0,706000.0
127,HDIP000070,SKU-DIR-1065,1,426000.0,0.0,0.0,426000.0
128,HDIP000071,SKU-TEE-1032,1,278000.0,0.0,0.0,278000.0
129,HDIP000072,SKU-DKM-1043,1,592000.0,0.0,0.0,592000.0
130,HDIP000072,SKU-DKM-1102,1,454000.0,15.0,68000.0,386000.0
131,HDIP000072,SKU-COO-1056,1,275000.0,10.0,28000.0,247000.0
132,HDIP000072,SKU-DIR-1014,1,715000.0,0.0,0.0,715000.0
133,HDIP000073,SKU-DIR-1004,1,419000.0,0.0,0.0,419000.0
134,HDIP000074,SKU-TEE-1059,1,177000.0,10.0,18000.0,159000.0
135,HDIP000075,SKU-BAD-1058,1,430000.0,0.0,0.0,430000.0
136,HDIP000075,SKU-COO-1041,2,371000.0,0.0,0.0,742000.0
137,HDIP000076,SKU-DIR-1095,1,388000.0,0.0,0.0,388000.0
138,HDIP000076,SKU-TEE-1032,1,278000.0,5.0,14000.0,264000.0
139,HDIP000076,SKU-TSU-1067,1,608000.0,5.0,30000.0,578000.0
140,HDIP000076,SKU-BAD-1023,1,751000.0,0.0,0.0,751000.0
141,HDIP000077,SKU-SWE-1114,1,615000.0,5.0,31000.0,584000.0
142,HDIP000077,SKU-NOW-1026,1,240000.0,15.0,36000.0,204000.0
143,HDIP000078,SKU-SWE-1103,1,683000.0,0.0,0.0,683000.0
144,HDIP000078,SKU-TEE-1112,1,339000.0,5.0,17000.0,322000.0
145,HDIP000079,SKU-COO-1079,1,368000.0,0.0,0.0,368000.0
146,HDIP000079,SKU-TEE-1051,1,201000.0,5.0,10000.0,191000.0
147,HDIP000080,SKU-THE-1076,1,352000.0,0.0,0.0,352000.0
148,HDIP000080,SKU-SWE-1011,1,375000.0,0.0,0.0,375000.0
149,HDIP000080,SKU-BAD-1087,1,731000.0,0.0,0.0,731000.0
150,HDIP000080,SKU-BAD-1018,1,494000.0,5.0,25000.0,469000.0
151,HDIP000081,SKU-DIR-1082,1,382000.0,15.0,57000.0,325000.0
152,HDIP000082,SKU-COO-1041,2,371000.0,10.0,74000.0,668000.0
153,HDIP000083,SKU-NOW-1050,3,245000.0,10.0,74000.0,661000.0
154,HDIP000084,SKU-DIR-1108,1,400000.0,0.0,0.0,400000.0
155,HDIP000085,SKU-THE-1029,1,475000.0,0.0,0.0,475000.0
156,HDIP000086,SKU-DIR-1035,1,555000.0,0.0,0.0,555000.0
157,HDIP000086,SKU-NOW-1100,1,229000.0,0.0,0.0,229000.0
158,HDIP000087,SKU-DKM-1084,1,625000.0,0.0,0.0,625000.0
159,HDIP000087,SKU-BAD-1097,1,438000.0,0.0,0.0,438000.0
160,HDIP000088,SKU-DIR-1095,1,388000.0,0.0,0.0,388000.0
161,HDIP000089,SKU-BAD-1105,1,403000.0,0.0,0.0,403000.0
162,HDIP000089,SKU-TEE-1027,1,339000.0,10.0,34000.0,305000.0
163,HDIP000089,SKU-DIR-1104,1,605000.0,0.0,0.0,605000.0
164,HDIP000090,SKU-BAD-1097,1,438000.0,0.0,0.0,438000.0
165,HDIP000091,SKU-TSU-1092,1,708000.0,0.0,0.0,708000.0
166,HDIP000092,SKU-TEE-1049,1,226000.0,0.0,0.0,226000.0
167,HDIP000092,SKU-BAD-1058,1,430000.0,15.0,64000.0,366000.0
168,HDIP000093,SKU-SWE-1042,1,535000.0,15.0,80000.0,455000.0
169,HDIP000093,SKU-THE-1075,1,503000.0,5.0,25000.0,478000.0
170,HDIP000093,SKU-BAD-1001,1,447000.0,15.0,67000.0,380000.0
171,HDIP000093,SKU-TEE-1112,1,339000.0,0.0,0.0,339000.0
172,HDIP000094,SKU-SWE-1042,1,535000.0,10.0,54000.0,481000.0
173,HDIP000094,SKU-TEE-1107,1,179000.0,10.0,18000.0,161000.0
174,HDIP000095,SKU-NOW-1081,1,420000.0,5.0,21000.0,399000.0
175,HDIP000096,SKU-BAD-1055,3,472000.0,0.0,0.0,1416000.0
176,HDIP000096,SKU-NOW-1026,2,240000.0,0.0,0.0,480000.0
177,HDIP000097,SKU-TSU-1048,1,485000.0,15.0,73000.0,412000.0
178,HDIP000098,SKU-BAD-1097,1,438000.0,0.0,0.0,438000.0
179,HDIP000098,SKU-TSU-1030,1,306000.0,0.0,0.0,306000.0
180,HDIP000099,SKU-BAD-1057,1,664000.0,0.0,0.0,664000.0
181,HDIP000099,SKU-SWE-1002,2,401000.0,5.0,40000.0,762000.0
182,HDIP000100,SKU-DIR-1104,1,605000.0,0.0,0.0,605000.0
183,HDIP000101,SKU-BAD-1087,1,731000.0,10.0,73000.0,658000.0
184,HDIP000101,SKU-SWE-1019,1,423000.0,15.0,63000.0,360000.0
185,HDIP000102,SKU-COO-1079,1,368000.0,0.0,0.0,368000.0
186,HDIP000102,SKU-TEE-1088,1,274000.0,0.0,0.0,274000.0
187,HDIP000102,SKU-BAD-1057,1,664000.0,5.0,33000.0,631000.0
188,HDIP000102,SKU-BAD-1111,1,611000.0,5.0,31000.0,580000.0
189,HDIP000103,SKU-SWE-1077,1,418000.0,10.0,42000.0,376000.0
190,HDIP000104,SKU-NOW-1078,1,415000.0,15.0,62000.0,353000.0
191,HDIP000105,SKU-TSU-1015,1,292000.0,10.0,29000.0,263000.0
192,HDIP000105,SKU-TEE-1031,1,290000.0,0.0,0.0,290000.0
193,HDIP000106,SKU-TEE-1088,1,274000.0,5.0,14000.0,260000.0
194,HDIP000107,SKU-DIR-1006,2,416000.0,5.0,42000.0,790000.0
195,HDIP000108,SKU-NOW-1052,1,425000.0,10.0,42000.0,383000.0
196,HDIP000109,SKU-TEE-1066,2,230000.0,0.0,0.0,460000.0
197,HDIP000110,SKU-COO-1056,1,275000.0,0.0,0.0,275000.0
198,HDIP000111,SKU-NOW-1078,1,415000.0,15.0,62000.0,353000.0
199,HDIP000111,SKU-DIR-1008,1,432000.0,0.0,0.0,432000.0
200,HDIP000112,SKU-DKM-1045,1,524000.0,15.0,79000.0,445000.0
201,HDIP000113,SKU-TEE-1016,2,220000.0,0.0,0.0,440000.0
202,HDIP000113,SKU-NOW-1099,2,356000.0,0.0,0.0,712000.0
203,HDIP000114,SKU-TEE-1066,1,230000.0,10.0,23000.0,207000.0
204,HDIP000114,SKU-DIR-1047,1,320000.0,0.0,0.0,320000.0
205,HDIP000115,SKU-TEE-1066,1,230000.0,0.0,0.0,230000.0
206,HDIP000116,SKU-BAD-1023,1,751000.0,15.0,113000.0,638000.0
207,HDIP000116,SKU-DIR-1120,1,510000.0,5.0,26000.0,484000.0
208,HDIP000116,SKU-TSU-1110,1,633000.0,0.0,0.0,633000.0
209,HDIP000116,SKU-TEE-1005,1,133000.0,15.0,20000.0,113000.0
210,HDIP000117,SKU-BAD-1087,2,731000.0,0.0,0.0,1462000.0
211,HDIP000118,SKU-BAD-1111,2,611000.0,0.0,0.0,1222000.0
212,HDIP000118,SKU-COO-1037,1,132000.0,5.0,7000.0,125000.0
213,HDIP000118,SKU-NOW-1100,1,229000.0,0.0,0.0,229000.0
214,HDIP000119,SKU-THE-1076,3,352000.0,0.0,0.0,1056000.0
215,HDIP000119,SKU-BAD-1064,1,515000.0,10.0,52000.0,463000.0
216,HDIP000120,SKU-DKM-1045,1,524000.0,15.0,79000.0,445000.0
217,HDIP000121,SKU-NOW-1094,1,308000.0,0.0,0.0,308000.0
218,HDIP000121,SKU-TEE-1040,1,172000.0,0.0,0.0,172000.0
219,HDIP000121,SKU-DIR-1014,3,715000.0,0.0,0.0,2145000.0
220,HDIP000122,SKU-TSU-1048,3,485000.0,0.0,0.0,1455000.0
221,HDIP000122,SKU-TEE-1059,1,177000.0,10.0,18000.0,159000.0
222,HDIP000123,SKU-DIR-1008,1,432000.0,0.0,0.0,432000.0
223,HDIP000123,SKU-COO-1056,1,275000.0,0.0,0.0,275000.0
224,HDIP000124,SKU-TSU-1030,2,306000.0,0.0,0.0,612000.0
225,HDIP000124,SKU-TEE-1010,1,240000.0,10.0,24000.0,216000.0
226,HDIP000125,SKU-THE-1053,1,675000.0,0.0,0.0,675000.0
227,HDIP000125,SKU-TEE-1016,1,220000.0,5.0,11000.0,209000.0
228,HDIP000126,SKU-BAD-1090,1,475000.0,0.0,0.0,475000.0
229,HDIP000126,SKU-NOW-1078,1,415000.0,15.0,62000.0,353000.0
230,HDIP000126,SKU-DIR-1006,1,416000.0,0.0,0.0,416000.0
231,HDIP000127,SKU-BAD-1023,1,751000.0,5.0,38000.0,713000.0
232,HDIP000128,SKU-DIR-1014,2,715000.0,0.0,0.0,1430000.0
233,HDIP000129,SKU-NOW-1052,1,425000.0,15.0,64000.0,361000.0
234,HDIP000130,SKU-TEE-1010,2,240000.0,5.0,24000.0,456000.0
235,HDIP000130,SKU-TEE-1003,2,244000.0,0.0,0.0,488000.0
236,HDIP000130,SKU-NOW-1009,2,277000.0,0.0,0.0,554000.0
237,HDIP000130,SKU-NOW-1026,1,240000.0,5.0,12000.0,228000.0
238,HDIP000131,SKU-TEE-1051,1,201000.0,5.0,10000.0,191000.0
239,HDIP000131,SKU-BAD-1064,1,515000.0,0.0,0.0,515000.0
240,HDIP000131,SKU-DIR-1004,2,419000.0,0.0,0.0,838000.0
241,HDIP000132,SKU-COO-1079,1,368000.0,5.0,18000.0,350000.0
242,HDIP000132,SKU-TEE-1032,1,278000.0,10.0,28000.0,250000.0
243,HDIP000133,SKU-NOW-1026,1,240000.0,10.0,24000.0,216000.0
244,HDIP000134,SKU-SWE-1101,1,757000.0,0.0,0.0,757000.0
245,HDIP000134,SKU-TSU-1092,2,708000.0,10.0,142000.0,1274000.0
246,HDIP000134,SKU-SWE-1046,1,566000.0,0.0,0.0,566000.0
247,HDIP000134,SKU-TEE-1062,1,326000.0,0.0,0.0,326000.0
248,HDIP000134,SKU-SWE-1070,1,718000.0,0.0,0.0,718000.0
249,HDIP000135,SKU-TSU-1030,1,306000.0,0.0,0.0,306000.0
250,HDIP000135,SKU-COO-1021,1,112000.0,15.0,17000.0,95000.0
251,HDIP000135,SKU-THE-1013,1,387000.0,0.0,0.0,387000.0
252,HDIP000136,SKU-COO-1041,2,371000.0,15.0,111000.0,631000.0
253,HDIP000137,SKU-NOW-1073,3,216000.0,5.0,32000.0,616000.0
254,HDIP000137,SKU-SWE-1019,1,423000.0,0.0,0.0,423000.0
255,HDIP000137,SKU-NOW-1025,1,438000.0,0.0,0.0,438000.0
256,HDIP000137,SKU-DIR-1108,1,400000.0,10.0,40000.0,360000.0
257,HDIP000138,SKU-COO-1079,1,368000.0,0.0,0.0,368000.0
258,HDIP000139,SKU-THE-1076,1,352000.0,0.0,0.0,352000.0
259,HDIP000140,SKU-NOW-1085,1,210000.0,0.0,0.0,210000.0
260,HDIP000141,SKU-COO-1056,1,275000.0,5.0,14000.0,261000.0
261,HDIP000141,SKU-DKM-1102,1,454000.0,0.0,0.0,454000.0
262,HDIP000142,SKU-THE-1076,2,352000.0,5.0,35000.0,669000.0
263,HDIP000143,SKU-BAD-1001,2,447000.0,10.0,89000.0,805000.0
264,HDIP000144,SKU-THE-1118,3,434000.0,0.0,0.0,1302000.0
265,HDIP000144,SKU-DIR-1104,1,605000.0,0.0,0.0,605000.0
266,HDIP000145,SKU-COO-1041,1,371000.0,0.0,0.0,371000.0
267,HDIP000146,SKU-TEE-1027,1,339000.0,0.0,0.0,339000.0
268,HDIP000147,SKU-BAD-1057,1,664000.0,0.0,0.0,664000.0
269,HDIP000148,SKU-THE-1013,1,387000.0,10.0,39000.0,348000.0
270,HDIP000148,SKU-TEE-1107,1,179000.0,15.0,27000.0,152000.0
271,HDIP000149,SKU-COO-1041,1,371000.0,0.0,0.0,371000.0
272,HDIP000150,SKU-TSU-1071,3,610000.0,0.0,0.0,1830000.0
273,HDIP000150,SKU-TEE-1115,1,227000.0,10.0,23000.0,204000.0
274,HDIP000151,SKU-COO-1056,1,275000.0,0.0,0.0,275000.0
275,HDIP000151,SKU-COO-1021,1,112000.0,0.0,0.0,112000.0
276,HDIP000152,SKU-TEE-1039,1,301000.0,5.0,15000.0,286000.0
277,HDIP000152,SKU-TEE-1031,1,290000.0,5.0,14000.0,276000.0
278,HDIP000153,SKU-DIR-1106,1,353000.0,10.0,35000.0,318000.0
279,HDIP000154,SKU-DKM-1038,3,228000.0,5.0,34000.0,650000.0
280,HDIP000155,SKU-NOW-1085,1,210000.0,10.0,21000.0,189000.0
281,HDIP000155,SKU-TSU-1034,1,385000.0,0.0,0.0,385000.0
282,HDIP000156,SKU-DIR-1060,1,655000.0,0.0,0.0,655000.0
283,HDIP000157,SKU-DKM-1045,2,524000.0,5.0,52000.0,996000.0
284,HDIP000158,SKU-DIR-1054,2,349000.0,5.0,35000.0,663000.0
285,HDIP000158,SKU-BAD-1069,1,415000.0,0.0,0.0,415000.0
286,HDIP000158,SKU-TEE-1088,1,274000.0,0.0,0.0,274000.0
287,HDIP000159,SKU-BAD-1097,1,438000.0,0.0,0.0,438000.0
288,HDIP000160,SKU-TEE-1088,1,274000.0,15.0,41000.0,233000.0
289,HDIP000161,SKU-TSU-1072,1,352000.0,0.0,0.0,352000.0
290,HDIP000162,SKU-TEE-1020,1,190000.0,10.0,19000.0,171000.0
291,HDIP000163,SKU-THE-1013,1,387000.0,10.0,39000.0,348000.0
292,HDIP000163,SKU-SWE-1101,2,757000.0,5.0,76000.0,1438000.0
293,HDIP000164,SKU-TEE-1036,1,296000.0,10.0,30000.0,266000.0
294,HDIP000165,SKU-DIR-1113,1,595000.0,0.0,0.0,595000.0
295,HDIP000166,SKU-BAD-1105,1,403000.0,0.0,0.0,403000.0
296,HDIP000167,SKU-TSU-1030,1,306000.0,0.0,0.0,306000.0
297,HDIP000167,SKU-BAD-1018,1,494000.0,5.0,25000.0,469000.0
298,HDIP000167,SKU-TEE-1039,1,301000.0,0.0,0.0,301000.0
299,HDIP000167,SKU-TSU-1096,1,405000.0,0.0,0.0,405000.0
300,HDIP000167,SKU-BAD-1057,2,664000.0,5.0,66000.0,1262000.0
301,HDIP000168,SKU-COO-1021,1,112000.0,10.0,11000.0,101000.0
302,HDIP000168,SKU-NOW-1009,1,277000.0,10.0,28000.0,249000.0
303,HDIP000169,SKU-TEE-1032,1,278000.0,0.0,0.0,278000.0
304,HDIP000169,SKU-TEE-1005,1,133000.0,0.0,0.0,133000.0
305,HDIP000169,SKU-TEE-1059,1,177000.0,5.0,9000.0,168000.0
306,HDIP000170,SKU-THE-1063,1,472000.0,0.0,0.0,472000.0
307,HDIP000171,SKU-TEE-1115,1,227000.0,15.0,34000.0,193000.0
308,HDIP000172,SKU-BAD-1074,1,487000.0,0.0,0.0,487000.0
309,HDIP000173,SKU-THE-1053,1,675000.0,15.0,101000.0,574000.0
310,HDIP000174,SKU-SWE-1002,1,401000.0,0.0,0.0,401000.0
311,HDIP000174,SKU-THE-1029,1,475000.0,15.0,71000.0,404000.0
312,HDIP000175,SKU-DIR-1028,1,536000.0,10.0,54000.0,482000.0
313,HDIP000175,SKU-DIR-1060,2,655000.0,5.0,66000.0,1244000.0
314,HDIP000176,SKU-SWE-1077,1,418000.0,15.0,63000.0,355000.0
315,HDIP000176,SKU-NOW-1078,1,415000.0,0.0,0.0,415000.0
316,HDIP000177,SKU-TSU-1092,3,708000.0,15.0,319000.0,1805000.0
317,HDIP000178,SKU-DIR-1104,2,605000.0,5.0,60000.0,1150000.0
318,HDIP000178,SKU-TSU-1110,1,633000.0,15.0,95000.0,538000.0
319,HDIP000178,SKU-SWE-1103,1,683000.0,0.0,0.0,683000.0
320,HDIP000179,SKU-DIR-1095,1,388000.0,15.0,58000.0,330000.0
321,HDIP000180,SKU-DIR-1082,1,382000.0,15.0,57000.0,325000.0
322,HDIP000180,SKU-SWE-1101,1,757000.0,0.0,0.0,757000.0
323,HDIP000181,SKU-DKM-1061,1,205000.0,0.0,0.0,205000.0
324,HDIP000182,SKU-THE-1029,1,475000.0,0.0,0.0,475000.0
325,HDIP000182,SKU-SWE-1046,1,566000.0,0.0,0.0,566000.0
326,HDIP000183,SKU-DKM-1061,1,205000.0,10.0,20000.0,185000.0
327,HDIP000183,SKU-DIR-1007,2,631000.0,0.0,0.0,1262000.0
328,HDIP000183,SKU-BAD-1111,1,611000.0,0.0,0.0,611000.0
329,HDIP000184,SKU-THE-1053,2,675000.0,0.0,0.0,1350000.0
330,HDIP000184,SKU-DIR-1007,1,631000.0,0.0,0.0,631000.0
331,HDIP000185,SKU-TSU-1092,1,708000.0,0.0,0.0,708000.0
332,HDIP000186,SKU-BAD-1001,1,447000.0,0.0,0.0,447000.0
333,HDIP000186,SKU-BAD-1058,1,430000.0,0.0,0.0,430000.0
334,HDIP000187,SKU-DIR-1082,1,382000.0,5.0,19000.0,363000.0
335,HDIP000187,SKU-BAD-1055,1,472000.0,0.0,0.0,472000.0
336,HDIP000188,SKU-BAD-1097,1,438000.0,15.0,66000.0,372000.0
337,HDIP000188,SKU-TEE-1107,1,179000.0,15.0,27000.0,152000.0
338,HDIP000188,SKU-THE-1068,1,496000.0,15.0,74000.0,422000.0
339,HDIP000189,SKU-TEE-1040,1,172000.0,0.0,0.0,172000.0
340,HDIP000189,SKU-TEE-1022,1,252000.0,0.0,0.0,252000.0
341,HDIP000190,SKU-TEE-1088,3,274000.0,0.0,0.0,822000.0
342,HDIP000191,SKU-THE-1118,1,434000.0,15.0,65000.0,369000.0
343,HDIP000191,SKU-DIR-1104,3,605000.0,0.0,0.0,1815000.0
344,HDIP000191,SKU-NOW-1052,1,425000.0,10.0,42000.0,383000.0
345,HDIP000191,SKU-TEE-1003,1,244000.0,0.0,0.0,244000.0
346,HDIP000192,SKU-COO-1033,1,281000.0,10.0,28000.0,253000.0
347,HDIP000192,SKU-NOW-1099,3,356000.0,15.0,160000.0,908000.0
348,HDIP000192,SKU-BAD-1069,1,415000.0,0.0,0.0,415000.0
349,HDIP000193,SKU-TSU-1071,1,610000.0,15.0,92000.0,518000.0
350,HDIP000194,SKU-NOW-1085,1,210000.0,10.0,21000.0,189000.0
351,HDIP000195,SKU-TEE-1116,1,270000.0,15.0,40000.0,230000.0
352,HDIP000196,SKU-NOW-1078,1,415000.0,10.0,42000.0,373000.0
353,HDIP000196,SKU-NOW-1026,3,240000.0,0.0,0.0,720000.0
354,HDIP000197,SKU-NOW-1089,1,313000.0,0.0,0.0,313000.0
355,HDIP000197,SKU-DIR-1120,1,510000.0,0.0,0.0,510000.0
356,HDIP000197,SKU-TEE-1062,2,326000.0,15.0,98000.0,554000.0
357,HDIP000197,SKU-DKM-1043,1,592000.0,0.0,0.0,592000.0
358,HDIP000198,SKU-TEE-1059,1,177000.0,0.0,0.0,177000.0
359,HDIP000198,SKU-DKM-1038,1,228000.0,0.0,0.0,228000.0
360,HDIP000199,SKU-TSU-1015,1,292000.0,0.0,0.0,292000.0
361,HDIP000200,SKU-TEE-1115,1,227000.0,10.0,23000.0,204000.0
362,HDIP000201,SKU-NOW-1052,1,425000.0,5.0,21000.0,404000.0
363,HDIP000202,SKU-SWE-1103,1,683000.0,15.0,102000.0,581000.0
364,HDIP000202,SKU-TEE-1022,1,252000.0,0.0,0.0,252000.0
365,HDIP000203,SKU-BAD-1087,1,731000.0,0.0,0.0,731000.0
366,HDIP000203,SKU-BAD-1057,1,664000.0,15.0,100000.0,564000.0
367,HDIP000203,SKU-SWE-1024,2,753000.0,15.0,226000.0,1280000.0
368,HDIP000204,SKU-BAD-1057,1,664000.0,0.0,0.0,664000.0
369,HDIP000204,SKU-DIR-1006,1,416000.0,15.0,62000.0,354000.0
370,HDIP000204,SKU-NOW-1009,1,277000.0,15.0,42000.0,235000.0
371,HDIP000205,SKU-NOW-1089,1,313000.0,5.0,16000.0,297000.0
372,HDIP000205,SKU-BAD-1090,1,475000.0,0.0,0.0,475000.0
373,HDIP000206,SKU-DIR-1106,1,353000.0,10.0,35000.0,318000.0
374,HDIP000207,SKU-TEE-1112,1,339000.0,0.0,0.0,339000.0
375,HDIP000207,SKU-TEE-1022,1,252000.0,0.0,0.0,252000.0
376,HDIP000207,SKU-TEE-1010,1,240000.0,0.0,0.0,240000.0
377,HDIP000208,SKU-BAD-1057,2,664000.0,5.0,66000.0,1262000.0
378,HDIP000209,SKU-TSU-1096,1,405000.0,10.0,40000.0,365000.0
379,HDIP000209,SKU-DKM-1084,1,625000.0,0.0,0.0,625000.0
380,HDIP000209,SKU-TEE-1003,1,244000.0,10.0,24000.0,220000.0
381,HDIP000209,SKU-DIR-1014,1,715000.0,10.0,72000.0,643000.0
382,HDIP000209,SKU-NOW-1052,1,425000.0,15.0,64000.0,361000.0
383,HDIP000210,SKU-DIR-1109,1,341000.0,10.0,34000.0,307000.0
384,HDIP000210,SKU-TEE-1059,1,177000.0,15.0,27000.0,150000.0
385,HDIP000210,SKU-DKM-1043,1,592000.0,15.0,89000.0,503000.0
386,HDIP000211,SKU-SWE-1046,2,566000.0,0.0,0.0,1132000.0
387,HDIP000212,SKU-TEE-1022,1,252000.0,15.0,38000.0,214000.0
388,HDIP000213,SKU-DIR-1120,2,510000.0,0.0,0.0,1020000.0
389,HDIP000214,SKU-DIR-1006,2,416000.0,10.0,83000.0,749000.0
390,HDIP000214,SKU-DIR-1119,1,693000.0,5.0,35000.0,658000.0
391,HDIP000214,SKU-DIR-1082,1,382000.0,10.0,38000.0,344000.0
392,HDIP000215,SKU-COO-1056,1,275000.0,10.0,28000.0,247000.0
393,HDIP000215,SKU-DIR-1108,1,400000.0,0.0,0.0,400000.0
394,HDIP000216,SKU-SWE-1077,1,418000.0,0.0,0.0,418000.0
395,HDIP000217,SKU-DIR-1044,3,443000.0,5.0,66000.0,1263000.0
396,HDIP000218,SKU-TSU-1071,1,610000.0,10.0,61000.0,549000.0
397,HDIP000218,SKU-BAD-1111,1,611000.0,0.0,0.0,611000.0
398,HDIP000218,SKU-COO-1041,1,371000.0,15.0,56000.0,315000.0
399,HDIP000219,SKU-DKM-1084,1,625000.0,15.0,94000.0,531000.0
400,HDIP000219,SKU-BAD-1023,1,751000.0,0.0,0.0,751000.0
401,HDIP000219,SKU-DIR-1065,1,426000.0,10.0,43000.0,383000.0
402,HDIP000219,SKU-SWE-1070,1,718000.0,15.0,108000.0,610000.0
403,HDIP000219,SKU-NOW-1089,1,313000.0,15.0,47000.0,266000.0
404,HDIP000220,SKU-DIR-1004,1,419000.0,15.0,63000.0,356000.0
405,HDIP000220,SKU-TEE-1049,1,226000.0,0.0,0.0,226000.0
406,HDIP000221,SKU-NOW-1089,1,313000.0,10.0,31000.0,282000.0
407,HDIP000221,SKU-SWE-1101,1,757000.0,5.0,38000.0,719000.0
408,HDIP000221,SKU-DKM-1038,1,228000.0,15.0,34000.0,194000.0
409,HDIP000222,SKU-SWE-1101,1,757000.0,15.0,114000.0,643000.0
410,HDIP000223,SKU-SWE-1101,3,757000.0,0.0,0.0,2271000.0
411,HDIP000224,SKU-NOW-1100,2,229000.0,0.0,0.0,458000.0
412,HDIP000224,SKU-BAD-1111,2,611000.0,15.0,183000.0,1039000.0
413,HDIP000225,SKU-NOW-1025,1,438000.0,15.0,66000.0,372000.0
414,HDIP000225,SKU-DKM-1038,1,228000.0,0.0,0.0,228000.0
415,HDIP000225,SKU-BAD-1058,1,430000.0,0.0,0.0,430000.0
416,HDIP000226,SKU-THE-1075,2,503000.0,0.0,0.0,1006000.0
417,HDIP000227,SKU-SWE-1042,1,535000.0,15.0,80000.0,455000.0
418,HDIP000228,SKU-DKM-1091,1,657000.0,0.0,0.0,657000.0
419,HDIP000229,SKU-BAD-1069,1,415000.0,0.0,0.0,415000.0
420,HDIP000230,SKU-DIR-1028,3,536000.0,10.0,161000.0,1447000.0
421,HDIP000231,SKU-DKM-1045,1,524000.0,15.0,79000.0,445000.0
422,HDIP000232,SKU-DKM-1102,2,454000.0,5.0,45000.0,863000.0
423,HDIP000233,SKU-DIR-1106,2,353000.0,5.0,35000.0,671000.0
424,HDIP000233,SKU-NOW-1099,1,356000.0,0.0,0.0,356000.0
425,HDIP000233,SKU-TSU-1048,2,485000.0,0.0,0.0,970000.0
426,HDIP000233,SKU-TEE-1066,1,230000.0,0.0,0.0,230000.0
427,HDIP000234,SKU-TEE-1027,1,339000.0,0.0,0.0,339000.0
428,HDIP000234,SKU-COO-1086,2,365000.0,5.0,36000.0,694000.0
429,HDIP000235,SKU-TEE-1010,1,240000.0,0.0,0.0,240000.0
430,HDIP000235,SKU-TSU-1096,1,405000.0,0.0,0.0,405000.0
431,HDIP000236,SKU-TSU-1072,2,352000.0,0.0,0.0,704000.0
432,HDIP000236,SKU-TEE-1010,1,240000.0,5.0,12000.0,228000.0
433,HDIP000236,SKU-BAD-1074,1,487000.0,5.0,24000.0,463000.0
434,HDIP000237,SKU-COO-1083,1,284000.0,15.0,43000.0,241000.0
435,HDIP000237,SKU-DIR-1093,1,544000.0,15.0,82000.0,462000.0
436,HDIP000238,SKU-TEE-1088,1,274000.0,0.0,0.0,274000.0
437,HDIP000239,SKU-NOW-1085,1,210000.0,0.0,0.0,210000.0
438,HDIP000240,SKU-SWE-1019,2,423000.0,15.0,127000.0,719000.0
439,HDIP000240,SKU-TEE-1039,1,301000.0,0.0,0.0,301000.0
440,HDIP000240,SKU-BAD-1087,1,731000.0,10.0,73000.0,658000.0
441,HDIP000240,SKU-SWE-1114,1,615000.0,0.0,0.0,615000.0
442,HDIP000241,SKU-TSU-1096,1,405000.0,15.0,61000.0,344000.0
443,HDIP000242,SKU-THE-1029,1,475000.0,0.0,0.0,475000.0
444,HDIP000243,SKU-DIR-1120,1,510000.0,0.0,0.0,510000.0
445,HDIP000243,SKU-TSU-1071,1,610000.0,0.0,0.0,610000.0
446,HDIP000243,SKU-DIR-1060,1,655000.0,0.0,0.0,655000.0
447,HDIP000244,SKU-TEE-1031,1,290000.0,0.0,0.0,290000.0
448,HDIP000244,SKU-THE-1013,2,387000.0,0.0,0.0,774000.0
449,HDIP000245,SKU-TEE-1020,1,190000.0,0.0,0.0,190000.0
450,HDIP000245,SKU-NOW-1073,3,216000.0,0.0,0.0,648000.0
451,HDIP000246,SKU-DIR-1047,1,320000.0,15.0,48000.0,272000.0
452,HDIP000247,SKU-THE-1063,1,472000.0,10.0,47000.0,425000.0
453,HDIP000247,SKU-TSU-1071,1,610000.0,0.0,0.0,610000.0
454,HDIP000247,SKU-DIR-1014,2,715000.0,0.0,0.0,1430000.0
455,HDIP000248,SKU-TEE-1115,2,227000.0,15.0,68000.0,386000.0
456,HDIP000248,SKU-TEE-1003,1,244000.0,10.0,24000.0,220000.0
457,HDIP000249,SKU-TSU-1071,3,610000.0,5.0,92000.0,1738000.0
458,HDIP000249,SKU-TSU-1034,1,385000.0,0.0,0.0,385000.0
459,HDIP000249,SKU-SWE-1070,1,718000.0,0.0,0.0,718000.0
460,HDIP000249,SKU-TEE-1115,2,227000.0,10.0,45000.0,409000.0
461,HDIP000250,SKU-DIR-1065,1,426000.0,0.0,0.0,426000.0
462,HDIP000251,SKU-BAD-1023,1,751000.0,10.0,75000.0,676000.0
463,HDIP000252,SKU-NOW-1098,1,393000.0,0.0,0.0,393000.0
464,HDIP000253,SKU-DKM-1102,1,454000.0,5.0,23000.0,431000.0
465,HDIP000253,SKU-DIR-1047,2,320000.0,0.0,0.0,640000.0
466,HDIP000254,SKU-TSU-1034,1,385000.0,5.0,19000.0,366000.0
467,HDIP000254,SKU-THE-1075,1,503000.0,0.0,0.0,503000.0
468,HDIP000254,SKU-SWE-1070,1,718000.0,0.0,0.0,718000.0
469,HDIP000255,SKU-TEE-1112,1,339000.0,5.0,17000.0,322000.0
470,HDIP000256,SKU-TEE-1010,1,240000.0,0.0,0.0,240000.0
471,HDIP000257,SKU-BAD-1105,1,403000.0,5.0,20000.0,383000.0
472,HDIP000257,SKU-TEE-1016,2,220000.0,15.0,66000.0,374000.0
473,HDIP000258,SKU-COO-1021,1,112000.0,5.0,6000.0,106000.0
474,HDIP000259,SKU-TEE-1066,1,230000.0,10.0,23000.0,207000.0
475,HDIP000260,SKU-NOW-1052,3,425000.0,15.0,191000.0,1084000.0
476,HDIP000260,SKU-SWE-1077,1,418000.0,15.0,63000.0,355000.0
477,HDIP000261,SKU-DKM-1061,1,205000.0,0.0,0.0,205000.0
478,HDIP000261,SKU-TEE-1112,2,339000.0,10.0,68000.0,610000.0
479,HDIP000262,SKU-TEE-1088,1,274000.0,5.0,14000.0,260000.0
480,HDIP000263,SKU-DIR-1014,1,715000.0,10.0,72000.0,643000.0
481,HDIP000264,SKU-TEE-1116,1,270000.0,0.0,0.0,270000.0
482,HDIP000265,SKU-COO-1017,1,85000.0,0.0,0.0,85000.0
483,HDIP000265,SKU-TEE-1116,2,270000.0,15.0,81000.0,459000.0
484,HDIP000266,SKU-BAD-1090,1,475000.0,5.0,24000.0,451000.0
485,HDIP000266,SKU-THE-1068,1,496000.0,5.0,25000.0,471000.0
486,HDIP000266,SKU-BAD-1055,1,472000.0,15.0,71000.0,401000.0
487,HDIP000267,SKU-TSU-1030,2,306000.0,0.0,0.0,612000.0
488,HDIP000267,SKU-DIR-1117,1,397000.0,10.0,40000.0,357000.0
489,HDIP000268,SKU-TEE-1016,1,220000.0,15.0,33000.0,187000.0
490,HDIP000268,SKU-TSU-1067,1,608000.0,0.0,0.0,608000.0
491,HDIP000269,SKU-COO-1033,2,281000.0,5.0,28000.0,534000.0
492,HDIP000269,SKU-TSU-1034,1,385000.0,10.0,38000.0,347000.0
493,HDIP000270,SKU-TSU-1072,1,352000.0,10.0,35000.0,317000.0
494,HDIP000270,SKU-TEE-1062,1,326000.0,0.0,0.0,326000.0
495,HDIP000271,SKU-TSU-1110,1,633000.0,15.0,95000.0,538000.0
496,HDIP000271,SKU-BAD-1111,1,611000.0,15.0,92000.0,519000.0
497,HDIP000272,SKU-SWE-1103,1,683000.0,15.0,102000.0,581000.0
498,HDIP000272,SKU-TSU-1071,1,610000.0,5.0,30000.0,580000.0
499,HDIP000272,SKU-COO-1079,3,368000.0,0.0,0.0,1104000.0
500,HDIP000273,SKU-TSU-1034,1,385000.0,0.0,0.0,385000.0
501,HDIP000274,SKU-TSU-1067,1,608000.0,10.0,61000.0,547000.0
502,HDIP000274,SKU-COO-1037,1,132000.0,0.0,0.0,132000.0
503,HDIP000275,SKU-DIR-1120,1,510000.0,0.0,0.0,510000.0
504,HDIP000275,SKU-SWE-1103,1,683000.0,10.0,68000.0,615000.0
505,HDIP000275,SKU-TSU-1067,1,608000.0,0.0,0.0,608000.0
506,HDIP000276,SKU-BAD-1001,3,447000.0,0.0,0.0,1341000.0
507,HDIP000277,SKU-NOW-1026,1,240000.0,15.0,36000.0,204000.0
508,HDIP000278,SKU-BAD-1105,1,403000.0,10.0,40000.0,363000.0
509,HDIP000279,SKU-THE-1053,1,675000.0,10.0,68000.0,607000.0
510,HDIP000280,SKU-COO-1033,2,281000.0,10.0,56000.0,506000.0
511,HDIP000280,SKU-DIR-1113,1,595000.0,5.0,30000.0,565000.0
512,HDIP000280,SKU-BAD-1069,3,415000.0,10.0,124000.0,1121000.0
513,HDIP000281,SKU-TEE-1115,2,227000.0,5.0,23000.0,431000.0
514,HDIP000281,SKU-THE-1076,1,352000.0,0.0,0.0,352000.0
515,HDIP000282,SKU-THE-1053,1,675000.0,15.0,101000.0,574000.0
516,HDIP000282,SKU-SWE-1046,2,566000.0,0.0,0.0,1132000.0
517,HDIP000282,SKU-TSU-1067,1,608000.0,5.0,30000.0,578000.0
518,HDIP000283,SKU-BAD-1023,1,751000.0,0.0,0.0,751000.0
519,HDIP000283,SKU-DKM-1061,2,205000.0,0.0,0.0,410000.0
520,HDIP000284,SKU-TEE-1031,1,290000.0,0.0,0.0,290000.0
521,HDIP000284,SKU-DIR-1095,1,388000.0,0.0,0.0,388000.0
522,HDIP000285,SKU-SWE-1011,1,375000.0,15.0,56000.0,319000.0
523,HDIP000286,SKU-TSU-1048,1,485000.0,10.0,48000.0,437000.0
524,HDIP000286,SKU-DKM-1080,2,498000.0,5.0,50000.0,946000.0
525,HDIP000286,SKU-COO-1041,1,371000.0,10.0,37000.0,334000.0
526,HDIP000287,SKU-SWE-1103,1,683000.0,10.0,68000.0,615000.0
527,HDIP000288,SKU-TEE-1016,1,220000.0,0.0,0.0,220000.0
528,HDIP000288,SKU-BAD-1090,1,475000.0,0.0,0.0,475000.0
529,HDIP000289,SKU-COO-1079,2,368000.0,0.0,0.0,736000.0
530,HDIP000290,SKU-DIR-1044,1,443000.0,5.0,22000.0,421000.0
531,HDIP000290,SKU-DIR-1047,1,320000.0,0.0,0.0,320000.0
532,HDIP000290,SKU-SWE-1024,1,753000.0,5.0,38000.0,715000.0
533,HDIP000290,SKU-BAD-1064,1,515000.0,0.0,0.0,515000.0
534,HDIP000291,SKU-DIR-1093,1,544000.0,5.0,27000.0,517000.0
535,HDIP000291,SKU-DIR-1035,2,555000.0,0.0,0.0,1110000.0
536,HDIP000291,SKU-SWE-1103,1,683000.0,15.0,102000.0,581000.0
537,HDIP000292,SKU-BAD-1018,3,494000.0,15.0,222000.0,1260000.0
538,HDIP000293,SKU-TSU-1072,2,352000.0,0.0,0.0,704000.0
539,HDIP000294,SKU-COO-1033,1,281000.0,15.0,42000.0,239000.0
540,HDIP000295,SKU-TSU-1072,1,352000.0,0.0,0.0,352000.0
541,HDIP000296,SKU-NOW-1078,1,415000.0,15.0,62000.0,353000.0
542,HDIP000296,SKU-NOW-1026,1,240000.0,0.0,0.0,240000.0
543,HDIP000296,SKU-BAD-1074,1,487000.0,15.0,73000.0,414000.0
544,HDIP000297,SKU-COO-1037,1,132000.0,0.0,0.0,132000.0
545,HDIP000298,SKU-BAD-1074,2,487000.0,0.0,0.0,974000.0
546,HDIP000298,SKU-NOW-1052,1,425000.0,0.0,0.0,425000.0
547,HDIP000299,SKU-NOW-1078,1,415000.0,5.0,21000.0,394000.0
548,HDIP000299,SKU-COO-1083,1,284000.0,0.0,0.0,284000.0
549,HDIP000300,SKU-TEE-1003,1,244000.0,0.0,0.0,244000.0
550,HDIP000301,SKU-TEE-1051,1,201000.0,0.0,0.0,201000.0
551,HDIP000302,SKU-SWE-1011,1,375000.0,0.0,0.0,375000.0
552,HDIP000302,SKU-DIR-1014,1,715000.0,5.0,36000.0,679000.0
553,HDIP000303,SKU-COO-1017,2,85000.0,0.0,0.0,170000.0
554,HDIP000303,SKU-THE-1068,1,496000.0,0.0,0.0,496000.0
555,HDIP000304,SKU-BAD-1018,1,494000.0,10.0,49000.0,445000.0
556,HDIP000304,SKU-BAD-1090,1,475000.0,15.0,71000.0,404000.0
557,HDIP000305,SKU-TEE-1062,1,326000.0,0.0,0.0,326000.0
558,HDIP000305,SKU-SWE-1070,1,718000.0,0.0,0.0,718000.0
559,HDIP000305,SKU-TSU-1030,1,306000.0,0.0,0.0,306000.0
560,HDIP000305,SKU-DIR-1104,1,605000.0,0.0,0.0,605000.0
561,HDIP000306,SKU-THE-1063,1,472000.0,0.0,0.0,472000.0
562,HDIP000306,SKU-BAD-1097,1,438000.0,0.0,0.0,438000.0
563,HDIP000307,SKU-DIR-1113,1,595000.0,5.0,30000.0,565000.0
564,HDIP000308,SKU-THE-1029,1,475000.0,0.0,0.0,475000.0
565,HDIP000308,SKU-TSU-1034,1,385000.0,10.0,38000.0,347000.0
566,HDIP000308,SKU-SWE-1011,2,375000.0,15.0,112000.0,638000.0
567,HDIP000309,SKU-TSU-1110,1,633000.0,0.0,0.0,633000.0
568,HDIP000310,SKU-DKM-1080,1,498000.0,0.0,0.0,498000.0
569,HDIP000311,SKU-DIR-1014,1,715000.0,0.0,0.0,715000.0
570,HDIP000312,SKU-BAD-1064,1,515000.0,5.0,26000.0,489000.0
571,HDIP000313,SKU-DIR-1108,1,400000.0,0.0,0.0,400000.0
572,HDIP000314,SKU-SWE-1024,2,753000.0,0.0,0.0,1506000.0
573,HDIP000314,SKU-NOW-1025,2,438000.0,0.0,0.0,876000.0
574,HDIP000315,SKU-BAD-1057,3,664000.0,0.0,0.0,1992000.0
575,HDIP000315,SKU-TEE-1032,1,278000.0,0.0,0.0,278000.0
576,HDIP000315,SKU-DIR-1095,1,388000.0,0.0,0.0,388000.0
577,HDIP000316,SKU-NOW-1094,1,308000.0,10.0,31000.0,277000.0
578,HDIP000317,SKU-SWE-1114,1,615000.0,15.0,92000.0,523000.0
579,HDIP000318,SKU-TEE-1022,1,252000.0,10.0,25000.0,227000.0
580,HDIP000319,SKU-THE-1075,1,503000.0,0.0,0.0,503000.0
581,HDIP000319,SKU-SWE-1101,1,757000.0,0.0,0.0,757000.0
582,HDIP000319,SKU-NOW-1089,1,313000.0,5.0,16000.0,297000.0
583,HDIP000319,SKU-DKM-1061,1,205000.0,10.0,20000.0,185000.0
584,HDIP000320,SKU-TEE-1020,1,190000.0,0.0,0.0,190000.0
585,HDIP000321,SKU-BAD-1057,1,664000.0,5.0,33000.0,631000.0
586,HDIP000321,SKU-NOW-1094,1,308000.0,0.0,0.0,308000.0
587,HDIP000321,SKU-NOW-1025,1,438000.0,0.0,0.0,438000.0
588,HDIP000322,SKU-THE-1063,1,472000.0,10.0,47000.0,425000.0
589,HDIP000322,SKU-NOW-1025,1,438000.0,15.0,66000.0,372000.0
590,HDIP000323,SKU-TEE-1020,1,190000.0,0.0,0.0,190000.0
591,HDIP000324,SKU-SWE-1114,1,615000.0,0.0,0.0,615000.0
592,HDIP000324,SKU-TEE-1003,1,244000.0,0.0,0.0,244000.0
593,HDIP000325,SKU-TEE-1088,1,274000.0,10.0,27000.0,247000.0
594,HDIP000326,SKU-TSU-1015,1,292000.0,0.0,0.0,292000.0
595,HDIP000326,SKU-THE-1013,1,387000.0,0.0,0.0,387000.0
596,HDIP000327,SKU-TEE-1005,1,133000.0,5.0,7000.0,126000.0
597,HDIP000328,SKU-THE-1029,1,475000.0,0.0,0.0,475000.0
598,HDIP000329,SKU-DIR-1082,1,382000.0,15.0,57000.0,325000.0
599,HDIP000329,SKU-DIR-1008,2,432000.0,5.0,43000.0,821000.0
600,HDIP000330,SKU-NOW-1094,2,308000.0,0.0,0.0,616000.0
601,HDIP000330,SKU-TEE-1010,2,240000.0,10.0,48000.0,432000.0
602,HDIP000331,SKU-THE-1068,1,496000.0,10.0,50000.0,446000.0
603,HDIP000332,SKU-NOW-1099,1,356000.0,15.0,53000.0,303000.0
604,HDIP000332,SKU-DIR-1082,1,382000.0,15.0,57000.0,325000.0
605,HDIP000333,SKU-NOW-1085,1,210000.0,10.0,21000.0,189000.0
606,HDIP000333,SKU-COO-1021,1,112000.0,0.0,0.0,112000.0
607,HDIP000334,SKU-COO-1056,1,275000.0,0.0,0.0,275000.0
608,HDIP000334,SKU-DIR-1106,1,353000.0,0.0,0.0,353000.0
609,HDIP000334,SKU-DIR-1093,1,544000.0,10.0,54000.0,490000.0
610,HDIP000335,SKU-TEE-1005,3,133000.0,10.0,40000.0,359000.0
611,HDIP000336,SKU-THE-1029,1,475000.0,0.0,0.0,475000.0
612,HDIP000337,SKU-TEE-1066,1,230000.0,0.0,0.0,230000.0
613,HDIP000337,SKU-TSU-1072,1,352000.0,0.0,0.0,352000.0
614,HDIP000337,SKU-BAD-1074,1,487000.0,0.0,0.0,487000.0
615,HDIP000337,SKU-DIR-1119,1,693000.0,10.0,69000.0,624000.0
616,HDIP000338,SKU-NOW-1073,1,216000.0,0.0,0.0,216000.0
617,HDIP000338,SKU-THE-1118,1,434000.0,5.0,22000.0,412000.0
618,HDIP000339,SKU-TEE-1039,1,301000.0,10.0,30000.0,271000.0
619,HDIP000339,SKU-TEE-1005,1,133000.0,0.0,0.0,133000.0
620,HDIP000340,SKU-TEE-1016,1,220000.0,10.0,22000.0,198000.0
621,HDIP000340,SKU-TEE-1112,2,339000.0,15.0,102000.0,576000.0
622,HDIP000340,SKU-NOW-1099,1,356000.0,5.0,18000.0,338000.0
623,HDIP000340,SKU-TSU-1030,1,306000.0,10.0,31000.0,275000.0
624,HDIP000341,SKU-BAD-1090,1,475000.0,0.0,0.0,475000.0
625,HDIP000342,SKU-DKM-1038,1,228000.0,0.0,0.0,228000.0
626,HDIP000343,SKU-TSU-1034,1,385000.0,5.0,19000.0,366000.0
627,HDIP000343,SKU-SWE-1011,1,375000.0,0.0,0.0,375000.0
628,HDIP000344,SKU-BAD-1074,1,487000.0,10.0,49000.0,438000.0
629,HDIP000345,SKU-SWE-1042,1,535000.0,0.0,0.0,535000.0
630,HDIP000345,SKU-TEE-1088,1,274000.0,5.0,14000.0,260000.0
631,HDIP000345,SKU-DIR-1119,1,693000.0,0.0,0.0,693000.0
632,HDIP000346,SKU-TEE-1022,2,252000.0,5.0,25000.0,479000.0
633,HDIP000346,SKU-DKM-1045,1,524000.0,5.0,26000.0,498000.0
634,HDIP000346,SKU-COO-1079,1,368000.0,0.0,0.0,368000.0
635,HDIP000347,SKU-DIR-1007,1,631000.0,10.0,63000.0,568000.0
636,HDIP000348,SKU-DKM-1061,1,205000.0,0.0,0.0,205000.0
637,HDIP000349,SKU-DKM-1080,3,498000.0,15.0,224000.0,1270000.0
638,HDIP000349,SKU-NOW-1094,1,308000.0,0.0,0.0,308000.0
639,HDIP000350,SKU-DIR-1008,1,432000.0,15.0,65000.0,367000.0
640,HDIP000351,SKU-NOW-1085,1,210000.0,15.0,32000.0,178000.0
641,HDIP000352,SKU-TEE-1049,1,226000.0,15.0,34000.0,192000.0
642,HDIP000353,SKU-DIR-1065,3,426000.0,10.0,128000.0,1150000.0
643,HDIP000354,SKU-TEE-1051,1,201000.0,0.0,0.0,201000.0
644,HDIP000355,SKU-DIR-1065,1,426000.0,0.0,0.0,426000.0
645,HDIP000356,SKU-TEE-1036,2,296000.0,15.0,89000.0,503000.0
646,HDIP000356,SKU-THE-1029,1,475000.0,15.0,71000.0,404000.0
647,HDIP000356,SKU-TEE-1020,1,190000.0,15.0,28000.0,162000.0
648,HDIP000356,SKU-DIR-1044,1,443000.0,15.0,66000.0,377000.0
649,HDIP000357,SKU-TEE-1040,2,172000.0,0.0,0.0,344000.0
650,HDIP000358,SKU-TEE-1088,1,274000.0,0.0,0.0,274000.0
651,HDIP000358,SKU-SWE-1103,1,683000.0,15.0,102000.0,581000.0
652,HDIP000359,SKU-TSU-1072,1,352000.0,15.0,53000.0,299000.0
653,HDIP000360,SKU-DIR-1113,1,595000.0,15.0,89000.0,506000.0
654,HDIP000360,SKU-THE-1053,2,675000.0,0.0,0.0,1350000.0
655,HDIP000360,SKU-TEE-1039,1,301000.0,0.0,0.0,301000.0
656,HDIP000361,SKU-COO-1079,1,368000.0,0.0,0.0,368000.0
657,HDIP000361,SKU-TSU-1030,1,306000.0,0.0,0.0,306000.0
658,HDIP000362,SKU-NOW-1078,1,415000.0,0.0,0.0,415000.0
659,HDIP000362,SKU-DKM-1061,1,205000.0,5.0,10000.0,195000.0
660,HDIP000363,SKU-THE-1053,1,675000.0,0.0,0.0,675000.0
661,HDIP000364,SKU-NOW-1009,3,277000.0,5.0,42000.0,789000.0
662,HDIP000364,SKU-BAD-1023,2,751000.0,5.0,75000.0,1427000.0
663,HDIP000364,SKU-DIR-1119,1,693000.0,5.0,35000.0,658000.0
664,HDIP000365,SKU-TEE-1051,2,201000.0,10.0,40000.0,362000.0
665,HDIP000365,SKU-COO-1079,1,368000.0,10.0,37000.0,331000.0
666,HDIP000366,SKU-DIR-1106,1,353000.0,0.0,0.0,353000.0
667,HDIP000366,SKU-DIR-1113,1,595000.0,5.0,30000.0,565000.0
668,HDIP000367,SKU-BAD-1057,1,664000.0,0.0,0.0,664000.0
669,HDIP000368,SKU-DIR-1007,1,631000.0,0.0,0.0,631000.0
670,HDIP000368,SKU-NOW-1089,1,313000.0,15.0,47000.0,266000.0
671,HDIP000369,SKU-THE-1075,2,503000.0,15.0,151000.0,855000.0
672,HDIP000370,SKU-BAD-1023,1,751000.0,15.0,113000.0,638000.0
673,HDIP000370,SKU-TEE-1059,2,177000.0,5.0,18000.0,336000.0
674,HDIP000371,SKU-TEE-1016,1,220000.0,5.0,11000.0,209000.0
675,HDIP000371,SKU-NOW-1012,1,355000.0,0.0,0.0,355000.0
676,HDIP000372,SKU-TEE-1049,1,226000.0,0.0,0.0,226000.0
677,HDIP000373,SKU-SWE-1019,1,423000.0,15.0,63000.0,360000.0
678,HDIP000374,SKU-SWE-1024,1,753000.0,0.0,0.0,753000.0
679,HDIP000375,SKU-TSU-1110,1,633000.0,0.0,0.0,633000.0
680,HDIP000375,SKU-BAD-1064,1,515000.0,5.0,26000.0,489000.0
681,HDIP000376,SKU-BAD-1057,1,664000.0,0.0,0.0,664000.0
682,HDIP000376,SKU-SWE-1011,1,375000.0,10.0,38000.0,337000.0
683,HDIP000377,SKU-SWE-1019,1,423000.0,0.0,0.0,423000.0
684,HDIP000378,SKU-NOW-1012,1,355000.0,5.0,18000.0,337000.0
685,HDIP000379,SKU-TSU-1096,1,405000.0,0.0,0.0,405000.0
686,HDIP000379,SKU-THE-1075,1,503000.0,5.0,25000.0,478000.0
687,HDIP000379,SKU-DIR-1047,2,320000.0,5.0,32000.0,608000.0
688,HDIP000379,SKU-DIR-1120,2,510000.0,0.0,0.0,1020000.0
689,HDIP000380,SKU-THE-1053,1,675000.0,15.0,101000.0,574000.0
690,HDIP000381,SKU-NOW-1089,2,313000.0,15.0,94000.0,532000.0
691,HDIP000381,SKU-NOW-1078,1,415000.0,10.0,42000.0,373000.0
692,HDIP000382,SKU-COO-1079,1,368000.0,5.0,18000.0,350000.0
693,HDIP000382,SKU-NOW-1073,1,216000.0,0.0,0.0,216000.0
694,HDIP000382,SKU-BAD-1064,2,515000.0,0.0,0.0,1030000.0
695,HDIP000382,SKU-TSU-1067,1,608000.0,0.0,0.0,608000.0
696,HDIP000383,SKU-TEE-1027,1,339000.0,5.0,17000.0,322000.0
697,HDIP000383,SKU-SWE-1103,1,683000.0,0.0,0.0,683000.0
698,HDIP000384,SKU-NOW-1026,1,240000.0,0.0,0.0,240000.0
699,HDIP000385,SKU-TSU-1015,1,292000.0,15.0,44000.0,248000.0
700,HDIP000385,SKU-TEE-1088,1,274000.0,0.0,0.0,274000.0
701,HDIP000385,SKU-DKM-1043,2,592000.0,0.0,0.0,1184000.0
702,HDIP000386,SKU-SWE-1103,1,683000.0,15.0,102000.0,581000.0
703,HDIP000386,SKU-TEE-1005,1,133000.0,10.0,13000.0,120000.0
704,HDIP000386,SKU-COO-1083,2,284000.0,5.0,28000.0,540000.0
705,HDIP000386,SKU-BAD-1018,1,494000.0,5.0,25000.0,469000.0
706,HDIP000387,SKU-TEE-1003,1,244000.0,0.0,0.0,244000.0
707,HDIP000387,SKU-TEE-1027,1,339000.0,0.0,0.0,339000.0
708,HDIP000388,SKU-NOW-1081,1,420000.0,0.0,0.0,420000.0
709,HDIP000388,SKU-BAD-1069,1,415000.0,0.0,0.0,415000.0
710,HDIP000388,SKU-DIR-1108,1,400000.0,0.0,0.0,400000.0
711,HDIP000388,SKU-TEE-1022,1,252000.0,0.0,0.0,252000.0
712,HDIP000388,SKU-BAD-1074,1,487000.0,5.0,24000.0,463000.0
713,HDIP000389,SKU-BAD-1023,1,751000.0,0.0,0.0,751000.0
714,HDIP000389,SKU-TSU-1015,1,292000.0,0.0,0.0,292000.0
715,HDIP000390,SKU-DIR-1119,1,693000.0,10.0,69000.0,624000.0
716,HDIP000391,SKU-TSU-1067,1,608000.0,0.0,0.0,608000.0
717,HDIP000391,SKU-BAD-1087,1,731000.0,15.0,110000.0,621000.0
718,HDIP000391,SKU-COO-1017,2,85000.0,0.0,0.0,170000.0
719,HDIP000392,SKU-SWE-1114,1,615000.0,10.0,62000.0,553000.0
720,HDIP000393,SKU-TEE-1027,1,339000.0,0.0,0.0,339000.0
721,HDIP000393,SKU-SWE-1042,1,535000.0,0.0,0.0,535000.0
722,HDIP000394,SKU-TSU-1015,1,292000.0,10.0,29000.0,263000.0
723,HDIP000395,SKU-DIR-1035,2,555000.0,0.0,0.0,1110000.0
724,HDIP000395,SKU-SWE-1019,1,423000.0,0.0,0.0,423000.0
725,HDIP000396,SKU-DIR-1004,1,419000.0,15.0,63000.0,356000.0
726,HDIP000397,SKU-BAD-1023,1,751000.0,10.0,75000.0,676000.0
727,HDIP000398,SKU-BAD-1105,1,403000.0,15.0,60000.0,343000.0
728,HDIP000399,SKU-SWE-1103,2,683000.0,5.0,68000.0,1298000.0
729,HDIP000400,SKU-THE-1029,2,475000.0,10.0,95000.0,855000.0
730,HDIP000400,SKU-SWE-1019,1,423000.0,0.0,0.0,423000.0
731,HDIP000401,SKU-DIR-1113,1,595000.0,0.0,0.0,595000.0
732,HDIP000401,SKU-SWE-1042,1,535000.0,0.0,0.0,535000.0
733,HDIP000401,SKU-TEE-1059,1,177000.0,0.0,0.0,177000.0
734,HDIP000402,SKU-NOW-1052,1,425000.0,0.0,0.0,425000.0
735,HDIP000402,SKU-BAD-1105,1,403000.0,15.0,60000.0,343000.0
736,HDIP000403,SKU-TEE-1031,1,290000.0,0.0,0.0,290000.0
737,HDIP000403,SKU-DKM-1080,3,498000.0,5.0,75000.0,1419000.0
738,HDIP000404,SKU-COO-1056,1,275000.0,15.0,41000.0,234000.0
739,HDIP000404,SKU-NOW-1073,1,216000.0,15.0,32000.0,184000.0
740,HDIP000404,SKU-SWE-1101,1,757000.0,15.0,114000.0,643000.0
741,HDIP000405,SKU-THE-1013,2,387000.0,0.0,0.0,774000.0
742,HDIP000406,SKU-SWE-1077,2,418000.0,0.0,0.0,836000.0
743,HDIP000406,SKU-NOW-1099,1,356000.0,15.0,53000.0,303000.0
744,HDIP000407,SKU-NOW-1085,1,210000.0,5.0,10000.0,200000.0
745,HDIP000407,SKU-TEE-1020,1,190000.0,5.0,10000.0,180000.0
746,HDIP000407,SKU-BAD-1058,1,430000.0,15.0,64000.0,366000.0
747,HDIP000408,SKU-DIR-1120,1,510000.0,0.0,0.0,510000.0
748,HDIP000408,SKU-COO-1056,1,275000.0,10.0,28000.0,247000.0
749,HDIP000408,SKU-TSU-1092,3,708000.0,5.0,106000.0,2018000.0
750,HDIP000408,SKU-THE-1118,2,434000.0,0.0,0.0,868000.0
751,HDIP000409,SKU-TSU-1072,2,352000.0,0.0,0.0,704000.0
752,HDIP000410,SKU-THE-1076,1,352000.0,0.0,0.0,352000.0
753,HDIP000411,SKU-DKM-1061,1,205000.0,5.0,10000.0,195000.0
754,HDIP000411,SKU-BAD-1018,2,494000.0,0.0,0.0,988000.0
755,HDIP000412,SKU-TEE-1010,1,240000.0,0.0,0.0,240000.0
756,HDIP000413,SKU-DIR-1104,1,605000.0,5.0,30000.0,575000.0
757,HDIP000414,SKU-TSU-1071,1,610000.0,0.0,0.0,610000.0
758,HDIP000414,SKU-BAD-1105,1,403000.0,5.0,20000.0,383000.0
759,HDIP000415,SKU-DIR-1035,2,555000.0,10.0,111000.0,999000.0
760,HDIP000415,SKU-THE-1053,1,675000.0,0.0,0.0,675000.0
761,HDIP000416,SKU-NOW-1089,1,313000.0,15.0,47000.0,266000.0
762,HDIP000416,SKU-SWE-1011,1,375000.0,0.0,0.0,375000.0
763,HDIP000417,SKU-NOW-1081,1,420000.0,15.0,63000.0,357000.0
764,HDIP000418,SKU-TEE-1116,1,270000.0,0.0,0.0,270000.0
765,HDIP000418,SKU-DIR-1044,1,443000.0,10.0,44000.0,399000.0
766,HDIP000419,SKU-SWE-1103,1,683000.0,0.0,0.0,683000.0
767,HDIP000420,SKU-NOW-1073,1,216000.0,5.0,11000.0,205000.0
768,HDIP000420,SKU-TSU-1034,1,385000.0,10.0,38000.0,347000.0
769,HDIP000421,SKU-SWE-1011,1,375000.0,0.0,0.0,375000.0
770,HDIP000422,SKU-COO-1033,1,281000.0,0.0,0.0,281000.0
771,HDIP000423,SKU-TSU-1048,1,485000.0,15.0,73000.0,412000.0
772,HDIP000423,SKU-DIR-1104,1,605000.0,0.0,0.0,605000.0
773,HDIP000424,SKU-DIR-1106,2,353000.0,5.0,35000.0,671000.0
774,HDIP000424,SKU-TEE-1020,1,190000.0,0.0,0.0,190000.0
775,HDIP000425,SKU-NOW-1094,2,308000.0,0.0,0.0,616000.0
776,HDIP000426,SKU-NOW-1052,1,425000.0,5.0,21000.0,404000.0
777,HDIP000427,SKU-SWE-1019,2,423000.0,0.0,0.0,846000.0
778,HDIP000427,SKU-THE-1068,1,496000.0,5.0,25000.0,471000.0
779,HDIP000428,SKU-BAD-1069,1,415000.0,5.0,21000.0,394000.0
780,HDIP000429,SKU-SWE-1103,1,683000.0,15.0,102000.0,581000.0
781,HDIP000430,SKU-THE-1076,1,352000.0,0.0,0.0,352000.0
782,HDIP000430,SKU-NOW-1099,1,356000.0,0.0,0.0,356000.0
783,HDIP000431,SKU-SWE-1002,1,401000.0,15.0,60000.0,341000.0
784,HDIP000431,SKU-THE-1053,1,675000.0,0.0,0.0,675000.0
785,HDIP000431,SKU-THE-1013,1,387000.0,0.0,0.0,387000.0
786,HDIP000432,SKU-SWE-1077,1,418000.0,0.0,0.0,418000.0
787,HDIP000433,SKU-NOW-1078,1,415000.0,15.0,62000.0,353000.0
788,HDIP000434,SKU-COO-1033,1,281000.0,0.0,0.0,281000.0
789,HDIP000434,SKU-DKM-1038,1,228000.0,0.0,0.0,228000.0
790,HDIP000435,SKU-NOW-1100,1,229000.0,0.0,0.0,229000.0
791,HDIP000436,SKU-TSU-1034,1,385000.0,0.0,0.0,385000.0
792,HDIP000436,SKU-BAD-1023,1,751000.0,0.0,0.0,751000.0
793,HDIP000436,SKU-BAD-1057,1,664000.0,0.0,0.0,664000.0
794,HDIP000436,SKU-NOW-1009,1,277000.0,5.0,14000.0,263000.0
795,HDIP000437,SKU-DIR-1014,1,715000.0,10.0,72000.0,643000.0
796,HDIP000437,SKU-TEE-1005,1,133000.0,5.0,7000.0,126000.0
797,HDIP000438,SKU-COO-1086,1,365000.0,5.0,18000.0,347000.0
798,HDIP000438,SKU-NOW-1050,1,245000.0,10.0,24000.0,221000.0
799,HDIP000438,SKU-DIR-1035,1,555000.0,5.0,28000.0,527000.0
800,HDIP000438,SKU-TEE-1020,1,190000.0,5.0,10000.0,180000.0
801,HDIP000439,SKU-BAD-1105,1,403000.0,0.0,0.0,403000.0
802,HDIP000439,SKU-NOW-1100,1,229000.0,0.0,0.0,229000.0
803,HDIP000439,SKU-TEE-1062,1,326000.0,15.0,49000.0,277000.0
804,HDIP000439,SKU-TEE-1016,3,220000.0,15.0,99000.0,561000.0
805,HDIP000440,SKU-NOW-1098,1,393000.0,0.0,0.0,393000.0
806,HDIP000440,SKU-NOW-1099,1,356000.0,5.0,18000.0,338000.0
807,HDIP000440,SKU-DKM-1038,1,228000.0,0.0,0.0,228000.0
808,HDIP000441,SKU-SWE-1114,1,615000.0,0.0,0.0,615000.0
809,HDIP000441,SKU-NOW-1081,1,420000.0,0.0,0.0,420000.0
810,HDIP000442,SKU-DKM-1102,1,454000.0,0.0,0.0,454000.0
811,HDIP000443,SKU-DIR-1008,1,432000.0,15.0,65000.0,367000.0
812,HDIP000444,SKU-TEE-1112,1,339000.0,0.0,0.0,339000.0
813,HDIP000444,SKU-BAD-1069,1,415000.0,0.0,0.0,415000.0
814,HDIP000444,SKU-TEE-1020,1,190000.0,0.0,0.0,190000.0
815,HDIP000444,SKU-DIR-1095,1,388000.0,10.0,39000.0,349000.0
816,HDIP000445,SKU-NOW-1081,1,420000.0,0.0,0.0,420000.0
817,HDIP000446,SKU-DIR-1014,1,715000.0,10.0,72000.0,643000.0
818,HDIP000446,SKU-TSU-1015,1,292000.0,0.0,0.0,292000.0
819,HDIP000446,SKU-BAD-1064,1,515000.0,15.0,77000.0,438000.0
820,HDIP000447,SKU-DKM-1102,1,454000.0,0.0,0.0,454000.0
821,HDIP000448,SKU-BAD-1097,1,438000.0,15.0,66000.0,372000.0
822,HDIP000449,SKU-DIR-1006,2,416000.0,10.0,83000.0,749000.0
823,HDIP000449,SKU-BAD-1018,1,494000.0,0.0,0.0,494000.0
824,HDIP000449,SKU-THE-1013,1,387000.0,5.0,19000.0,368000.0
825,HDIP000449,SKU-DKM-1102,1,454000.0,0.0,0.0,454000.0
826,HDIP000450,SKU-DIR-1104,1,605000.0,5.0,30000.0,575000.0
827,HDIP000451,SKU-THE-1053,2,675000.0,10.0,135000.0,1215000.0
828,HDIP000451,SKU-TEE-1031,1,290000.0,10.0,29000.0,261000.0
829,HDIP000452,SKU-SWE-1101,1,757000.0,0.0,0.0,757000.0
830,HDIP000452,SKU-TEE-1039,1,301000.0,0.0,0.0,301000.0
831,HDIP000453,SKU-SWE-1070,1,718000.0,15.0,108000.0,610000.0
832,HDIP000453,SKU-DIR-1065,1,426000.0,0.0,0.0,426000.0
833,HDIP000453,SKU-THE-1029,1,475000.0,0.0,0.0,475000.0
834,HDIP000454,SKU-COO-1086,2,365000.0,0.0,0.0,730000.0
835,HDIP000455,SKU-COO-1079,2,368000.0,5.0,37000.0,699000.0
836,HDIP000456,SKU-DIR-1004,1,419000.0,0.0,0.0,419000.0
837,HDIP000457,SKU-TSU-1096,1,405000.0,0.0,0.0,405000.0
838,HDIP000458,SKU-DIR-1095,1,388000.0,0.0,0.0,388000.0
839,HDIP000459,SKU-COO-1056,1,275000.0,10.0,28000.0,247000.0
840,HDIP000460,SKU-NOW-1025,1,438000.0,0.0,0.0,438000.0
841,HDIP000460,SKU-NOW-1081,1,420000.0,0.0,0.0,420000.0
842,HDIP000461,SKU-TSU-1110,1,633000.0,5.0,32000.0,601000.0
843,HDIP000462,SKU-DKM-1102,3,454000.0,0.0,0.0,1362000.0
844,HDIP000462,SKU-DIR-1082,1,382000.0,10.0,38000.0,344000.0
845,HDIP000463,SKU-DIR-1028,2,536000.0,0.0,0.0,1072000.0
846,HDIP000463,SKU-THE-1076,1,352000.0,5.0,18000.0,334000.0
847,HDIP000463,SKU-DKM-1061,1,205000.0,0.0,0.0,205000.0
848,HDIP000464,SKU-THE-1076,1,352000.0,0.0,0.0,352000.0
849,HDIP000464,SKU-TEE-1020,1,190000.0,0.0,0.0,190000.0
850,HDIP000464,SKU-DIR-1117,1,397000.0,5.0,20000.0,377000.0
851,HDIP000465,SKU-SWE-1103,2,683000.0,5.0,68000.0,1298000.0
852,HDIP000465,SKU-BAD-1090,1,475000.0,0.0,0.0,475000.0
853,HDIP000466,SKU-COO-1017,1,85000.0,0.0,0.0,85000.0
854,HDIP000466,SKU-SWE-1046,1,566000.0,15.0,85000.0,481000.0
855,HDIP000466,SKU-DKM-1038,1,228000.0,15.0,34000.0,194000.0
856,HDIP000466,SKU-TEE-1031,1,290000.0,10.0,29000.0,261000.0
857,HDIP000467,SKU-NOW-1052,2,425000.0,15.0,128000.0,722000.0
858,HDIP000467,SKU-SWE-1024,1,753000.0,15.0,113000.0,640000.0
859,HDIP000467,SKU-DKM-1102,1,454000.0,15.0,68000.0,386000.0
860,HDIP000468,SKU-DKM-1038,1,228000.0,15.0,34000.0,194000.0
861,HDIP000468,SKU-BAD-1055,2,472000.0,10.0,94000.0,850000.0
862,HDIP000469,SKU-DKM-1043,2,592000.0,10.0,118000.0,1066000.0
863,HDIP000469,SKU-DIR-1095,2,388000.0,15.0,116000.0,660000.0
864,HDIP000470,SKU-DIR-1006,1,416000.0,15.0,62000.0,354000.0
865,HDIP000470,SKU-DIR-1047,1,320000.0,0.0,0.0,320000.0
866,HDIP000471,SKU-TEE-1031,1,290000.0,10.0,29000.0,261000.0
867,HDIP000471,SKU-SWE-1070,2,718000.0,15.0,215000.0,1221000.0
868,HDIP000471,SKU-TSU-1015,1,292000.0,15.0,44000.0,248000.0
869,HDIP000471,SKU-DKM-1084,1,625000.0,0.0,0.0,625000.0
870,HDIP000471,SKU-TEE-1062,1,326000.0,0.0,0.0,326000.0
871,HDIP000472,SKU-DKM-1045,1,524000.0,10.0,52000.0,472000.0
872,HDIP000473,SKU-TSU-1048,1,485000.0,15.0,73000.0,412000.0
873,HDIP000473,SKU-SWE-1103,2,683000.0,0.0,0.0,1366000.0
874,HDIP000474,SKU-COO-1037,1,132000.0,0.0,0.0,132000.0
875,HDIP000474,SKU-TEE-1010,1,240000.0,5.0,12000.0,228000.0
876,HDIP000474,SKU-DIR-1014,1,715000.0,0.0,0.0,715000.0
877,HDIP000475,SKU-SWE-1070,1,718000.0,5.0,36000.0,682000.0
878,HDIP000475,SKU-DIR-1120,1,510000.0,0.0,0.0,510000.0
879,HDIP000475,SKU-COO-1017,1,85000.0,0.0,0.0,85000.0
880,HDIP000475,SKU-DKM-1061,1,205000.0,0.0,0.0,205000.0
881,HDIP000476,SKU-SWE-1101,1,757000.0,15.0,114000.0,643000.0
882,HDIP000476,SKU-SWE-1042,1,535000.0,10.0,54000.0,481000.0
883,HDIP000477,SKU-TEE-1040,1,172000.0,5.0,9000.0,163000.0
884,HDIP000477,SKU-TEE-1022,1,252000.0,0.0,0.0,252000.0
885,HDIP000477,SKU-DKM-1102,1,454000.0,0.0,0.0,454000.0
886,HDIP000478,SKU-COO-1021,1,112000.0,0.0,0.0,112000.0
887,HDIP000478,SKU-TSU-1092,3,708000.0,15.0,319000.0,1805000.0
888,HDIP000479,SKU-COO-1041,1,371000.0,5.0,19000.0,352000.0
889,HDIP000480,SKU-DKM-1045,1,524000.0,10.0,52000.0,472000.0
890,HDIP000480,SKU-SWE-1019,3,423000.0,10.0,127000.0,1142000.0
891,HDIP000481,SKU-NOW-1099,1,356000.0,0.0,0.0,356000.0
892,HDIP000481,SKU-SWE-1019,3,423000.0,10.0,127000.0,1142000.0
893,HDIP000481,SKU-TEE-1059,3,177000.0,0.0,0.0,531000.0
894,HDIP000481,SKU-DIR-1119,1,693000.0,0.0,0.0,693000.0
895,HDIP000482,SKU-NOW-1094,1,308000.0,15.0,46000.0,262000.0
896,HDIP000482,SKU-DIR-1117,1,397000.0,5.0,20000.0,377000.0
897,HDIP000482,SKU-DIR-1119,2,693000.0,0.0,0.0,1386000.0
898,HDIP000483,SKU-DIR-1108,1,400000.0,0.0,0.0,400000.0
899,HDIP000484,SKU-THE-1029,2,475000.0,0.0,0.0,950000.0
900,HDIP000484,SKU-SWE-1101,1,757000.0,0.0,0.0,757000.0
901,HDIP000485,SKU-TEE-1051,1,201000.0,0.0,0.0,201000.0
902,HDIP000485,SKU-NOW-1025,2,438000.0,0.0,0.0,876000.0
903,HDIP000485,SKU-THE-1063,1,472000.0,15.0,71000.0,401000.0
904,HDIP000485,SKU-COO-1041,2,371000.0,0.0,0.0,742000.0
905,HDIP000485,SKU-NOW-1078,1,415000.0,0.0,0.0,415000.0
906,HDIP000486,SKU-NOW-1012,2,355000.0,15.0,106000.0,604000.0
907,HDIP000486,SKU-DIR-1028,3,536000.0,5.0,80000.0,1528000.0
908,HDIP000486,SKU-NOW-1094,1,308000.0,15.0,46000.0,262000.0
909,HDIP000487,SKU-SWE-1077,1,418000.0,5.0,21000.0,397000.0
910,HDIP000487,SKU-NOW-1012,3,355000.0,10.0,106000.0,959000.0
911,HDIP000487,SKU-SWE-1019,3,423000.0,0.0,0.0,1269000.0
912,HDIP000488,SKU-THE-1118,1,434000.0,0.0,0.0,434000.0
913,HDIP000489,SKU-TEE-1107,1,179000.0,10.0,18000.0,161000.0
914,HDIP000490,SKU-DIR-1095,1,388000.0,0.0,0.0,388000.0
915,HDIP000490,SKU-DIR-1060,1,655000.0,0.0,0.0,655000.0
916,HDIP000491,SKU-THE-1063,2,472000.0,15.0,142000.0,802000.0
917,HDIP000492,SKU-NOW-1009,1,277000.0,5.0,14000.0,263000.0
918,HDIP000492,SKU-SWE-1077,2,418000.0,15.0,125000.0,711000.0
919,HDIP000492,SKU-TSU-1096,1,405000.0,15.0,61000.0,344000.0
920,HDIP000492,SKU-DIR-1047,2,320000.0,0.0,0.0,640000.0
921,HDIP000492,SKU-THE-1075,1,503000.0,10.0,50000.0,453000.0
922,HDIP000493,SKU-DIR-1060,2,655000.0,0.0,0.0,1310000.0
923,HDIP000494,SKU-DIR-1117,3,397000.0,0.0,0.0,1191000.0
924,HDIP000495,SKU-NOW-1099,1,356000.0,0.0,0.0,356000.0
925,HDIP000495,SKU-NOW-1081,1,420000.0,0.0,0.0,420000.0
926,HDIP000496,SKU-BAD-1090,1,475000.0,0.0,0.0,475000.0
927,HDIP000497,SKU-COO-1037,1,132000.0,5.0,7000.0,125000.0
928,HDIP000498,SKU-DIR-1065,1,426000.0,0.0,0.0,426000.0
929,HDIP000499,SKU-THE-1118,1,434000.0,0.0,0.0,434000.0
930,HDIP000500,SKU-BAD-1057,2,664000.0,10.0,133000.0,1195000.0
931,HDIP000501,SKU-BAD-1105,1,403000.0,0.0,0.0,403000.0
932,HDIP000502,SKU-SWE-1011,1,375000.0,0.0,0.0,375000.0
933,HDIP000503,SKU-DIR-1014,1,715000.0,15.0,107000.0,608000.0
934,HDIP000504,SKU-DIR-1006,1,416000.0,0.0,0.0,416000.0
935,HDIP000504,SKU-NOW-1009,1,277000.0,10.0,28000.0,249000.0
936,HDIP000504,SKU-TEE-1039,1,301000.0,0.0,0.0,301000.0
937,HDIP000504,SKU-COO-1086,1,365000.0,0.0,0.0,365000.0
938,HDIP000505,SKU-TSU-1110,1,633000.0,15.0,95000.0,538000.0
939,HDIP000506,SKU-THE-1075,1,503000.0,10.0,50000.0,453000.0
940,HDIP000507,SKU-BAD-1069,2,415000.0,10.0,83000.0,747000.0
941,HDIP000507,SKU-BAD-1001,2,447000.0,5.0,45000.0,849000.0
942,HDIP000507,SKU-DIR-1093,1,544000.0,10.0,54000.0,490000.0
943,HDIP000507,SKU-THE-1013,1,387000.0,15.0,58000.0,329000.0
944,HDIP000508,SKU-TEE-1066,1,230000.0,0.0,0.0,230000.0
945,HDIP000509,SKU-DIR-1047,1,320000.0,15.0,48000.0,272000.0
946,HDIP000509,SKU-DKM-1091,1,657000.0,0.0,0.0,657000.0
947,HDIP000510,SKU-TEE-1040,3,172000.0,5.0,26000.0,490000.0
948,HDIP000510,SKU-TEE-1088,1,274000.0,5.0,14000.0,260000.0
949,HDIP000511,SKU-TSU-1048,1,485000.0,0.0,0.0,485000.0
950,HDIP000511,SKU-BAD-1023,1,751000.0,10.0,75000.0,676000.0
951,HDIP000511,SKU-SWE-1002,1,401000.0,0.0,0.0,401000.0
952,HDIP000511,SKU-BAD-1087,1,731000.0,5.0,37000.0,694000.0
953,HDIP000512,SKU-NOW-1026,1,240000.0,10.0,24000.0,216000.0
954,HDIP000513,SKU-TSU-1092,1,708000.0,10.0,71000.0,637000.0
955,HDIP000514,SKU-COO-1086,1,365000.0,5.0,18000.0,347000.0
956,HDIP000515,SKU-COO-1033,1,281000.0,0.0,0.0,281000.0
957,HDIP000516,SKU-BAD-1064,3,515000.0,5.0,77000.0,1468000.0
958,HDIP000516,SKU-BAD-1087,1,731000.0,0.0,0.0,731000.0
959,HDIP000516,SKU-DIR-1004,1,419000.0,10.0,42000.0,377000.0
960,HDIP000517,SKU-NOW-1026,1,240000.0,10.0,24000.0,216000.0
961,HDIP000517,SKU-DKM-1038,1,228000.0,0.0,0.0,228000.0
962,HDIP000517,SKU-NOW-1085,2,210000.0,10.0,42000.0,378000.0
963,HDIP000518,SKU-TEE-1016,1,220000.0,5.0,11000.0,209000.0
964,HDIP000518,SKU-NOW-1050,1,245000.0,0.0,0.0,245000.0
965,HDIP000518,SKU-BAD-1058,1,430000.0,10.0,43000.0,387000.0
966,HDIP000519,SKU-BAD-1018,1,494000.0,5.0,25000.0,469000.0
967,HDIP000519,SKU-TEE-1040,1,172000.0,10.0,17000.0,155000.0
968,HDIP000520,SKU-TSU-1110,1,633000.0,5.0,32000.0,601000.0
969,HDIP000520,SKU-COO-1021,1,112000.0,10.0,11000.0,101000.0
970,HDIP000521,SKU-DIR-1004,1,419000.0,0.0,0.0,419000.0
971,HDIP000522,SKU-NOW-1081,1,420000.0,0.0,0.0,420000.0
972,HDIP000522,SKU-DIR-1044,3,443000.0,5.0,66000.0,1263000.0
973,HDIP000522,SKU-TEE-1049,1,226000.0,15.0,34000.0,192000.0
974,HDIP000523,SKU-DIR-1117,1,397000.0,0.0,0.0,397000.0
975,HDIP000523,SKU-NOW-1089,1,313000.0,0.0,0.0,313000.0
976,HDIP000524,SKU-BAD-1055,1,472000.0,5.0,24000.0,448000.0
977,HDIP000524,SKU-NOW-1073,1,216000.0,15.0,32000.0,184000.0
978,HDIP000525,SKU-SWE-1042,1,535000.0,5.0,27000.0,508000.0
979,HDIP000525,SKU-BAD-1074,1,487000.0,15.0,73000.0,414000.0
980,HDIP000526,SKU-TEE-1039,1,301000.0,5.0,15000.0,286000.0
981,HDIP000527,SKU-DIR-1007,1,631000.0,10.0,63000.0,568000.0
982,HDIP000528,SKU-DIR-1035,1,555000.0,10.0,56000.0,499000.0
983,HDIP000528,SKU-NOW-1009,1,277000.0,0.0,0.0,277000.0
984,HDIP000529,SKU-SWE-1070,1,718000.0,5.0,36000.0,682000.0
985,HDIP000530,SKU-TSU-1071,2,610000.0,15.0,183000.0,1037000.0
986,HDIP000530,SKU-SWE-1024,1,753000.0,0.0,0.0,753000.0
987,HDIP000531,SKU-DIR-1082,1,382000.0,10.0,38000.0,344000.0
988,HDIP000532,SKU-DIR-1047,1,320000.0,0.0,0.0,320000.0
989,HDIP000532,SKU-DIR-1060,1,655000.0,0.0,0.0,655000.0
990,HDIP000533,SKU-DIR-1035,1,555000.0,0.0,0.0,555000.0
991,HDIP000533,SKU-DIR-1106,1,353000.0,0.0,0.0,353000.0
992,HDIP000533,SKU-COO-1037,1,132000.0,0.0,0.0,132000.0
993,HDIP000534,SKU-TSU-1072,1,352000.0,0.0,0.0,352000.0
994,HDIP000534,SKU-COO-1056,1,275000.0,0.0,0.0,275000.0
995,HDIP000535,SKU-DIR-1006,1,416000.0,0.0,0.0,416000.0
996,HDIP000535,SKU-DIR-1093,1,544000.0,0.0,0.0,544000.0
997,HDIP000536,SKU-COO-1086,1,365000.0,15.0,55000.0,310000.0
998,HDIP000536,SKU-NOW-1085,2,210000.0,0.0,0.0,420000.0
999,HDIP000536,SKU-SWE-1114,1,615000.0,15.0,92000.0,523000.0
1000,HDIP000537,SKU-NOW-1012,1,355000.0,0.0,0.0,355000.0
1001,HDIP000537,SKU-TEE-1031,1,290000.0,10.0,29000.0,261000.0
1002,HDIP000538,SKU-DIR-1014,1,715000.0,0.0,0.0,715000.0
1003,HDIP000539,SKU-TSU-1048,2,485000.0,0.0,0.0,970000.0
1004,HDIP000539,SKU-BAD-1090,1,475000.0,5.0,24000.0,451000.0
1005,HDIP000540,SKU-TSU-1048,1,485000.0,15.0,73000.0,412000.0
1006,HDIP000540,SKU-DIR-1106,3,353000.0,10.0,106000.0,953000.0
1007,HDIP000541,SKU-NOW-1050,1,245000.0,15.0,37000.0,208000.0
1008,HDIP000542,SKU-NOW-1050,3,245000.0,0.0,0.0,735000.0
1009,HDIP000542,SKU-SWE-1002,1,401000.0,0.0,0.0,401000.0
1010,HDIP000542,SKU-DIR-1117,1,397000.0,0.0,0.0,397000.0
1011,HDIP000543,SKU-TEE-1036,2,296000.0,5.0,30000.0,562000.0
1012,HDIP000543,SKU-BAD-1111,1,611000.0,5.0,31000.0,580000.0
1013,HDIP000543,SKU-SWE-1011,2,375000.0,0.0,0.0,750000.0
1014,HDIP000544,SKU-SWE-1046,1,566000.0,10.0,57000.0,509000.0
1015,HDIP000544,SKU-DIR-1054,1,349000.0,5.0,17000.0,332000.0
1016,HDIP000545,SKU-DKM-1102,1,454000.0,5.0,23000.0,431000.0
1017,HDIP000545,SKU-COO-1083,1,284000.0,0.0,0.0,284000.0
1018,HDIP000546,SKU-TSU-1092,3,708000.0,15.0,319000.0,1805000.0
1019,HDIP000547,SKU-TEE-1112,1,339000.0,0.0,0.0,339000.0
1020,HDIP000547,SKU-DIR-1095,1,388000.0,0.0,0.0,388000.0
1021,HDIP000548,SKU-DIR-1113,1,595000.0,10.0,60000.0,535000.0
1022,HDIP000549,SKU-DIR-1060,2,655000.0,0.0,0.0,1310000.0
1023,HDIP000549,SKU-NOW-1026,1,240000.0,5.0,12000.0,228000.0
1024,HDIP000549,SKU-TSU-1034,1,385000.0,0.0,0.0,385000.0
1025,HDIP000549,SKU-BAD-1090,1,475000.0,0.0,0.0,475000.0
1026,HDIP000550,SKU-DIR-1119,1,693000.0,0.0,0.0,693000.0
1027,HDIP000550,SKU-TEE-1059,1,177000.0,0.0,0.0,177000.0
1028,HDIP000550,SKU-DIR-1106,1,353000.0,0.0,0.0,353000.0
1029,HDIP000551,SKU-TEE-1027,1,339000.0,0.0,0.0,339000.0
1030,HDIP000552,SKU-DIR-1004,1,419000.0,5.0,21000.0,398000.0
1031,HDIP000552,SKU-DKM-1038,2,228000.0,0.0,0.0,456000.0
1032,HDIP000552,SKU-TSU-1034,1,385000.0,15.0,58000.0,327000.0
1033,HDIP000553,SKU-NOW-1089,1,313000.0,5.0,16000.0,297000.0
1034,HDIP000553,SKU-TEE-1051,1,201000.0,15.0,30000.0,171000.0
1035,HDIP000553,SKU-TEE-1088,1,274000.0,0.0,0.0,274000.0
1036,HDIP000554,SKU-DKM-1061,2,205000.0,10.0,41000.0,369000.0
1037,HDIP000554,SKU-DIR-1117,1,397000.0,0.0,0.0,397000.0
1038,HDIP000554,SKU-SWE-1046,1,566000.0,10.0,57000.0,509000.0
1039,HDIP000554,SKU-NOW-1078,1,415000.0,0.0,0.0,415000.0
1040,HDIP000555,SKU-TSU-1034,1,385000.0,0.0,0.0,385000.0
1041,HDIP000555,SKU-TEE-1022,2,252000.0,0.0,0.0,504000.0
1042,HDIP000556,SKU-TSU-1015,1,292000.0,0.0,0.0,292000.0
1043,HDIP000557,SKU-DIR-1113,1,595000.0,0.0,0.0,595000.0
1044,HDIP000558,SKU-THE-1063,3,472000.0,10.0,142000.0,1274000.0
1045,HDIP000558,SKU-NOW-1098,2,393000.0,15.0,118000.0,668000.0
1046,HDIP000559,SKU-SWE-1024,1,753000.0,0.0,0.0,753000.0
1047,HDIP000560,SKU-DIR-1119,3,693000.0,10.0,208000.0,1871000.0
1048,HDIP000560,SKU-BAD-1064,1,515000.0,5.0,26000.0,489000.0
1049,HDIP000560,SKU-DIR-1006,1,416000.0,15.0,62000.0,354000.0
1050,HDIP000560,SKU-BAD-1057,2,664000.0,0.0,0.0,1328000.0
1051,HDIP000560,SKU-SWE-1046,1,566000.0,0.0,0.0,566000.0
1052,HDIP000561,SKU-NOW-1085,1,210000.0,0.0,0.0,210000.0
1053,HDIP000561,SKU-THE-1075,1,503000.0,10.0,50000.0,453000.0
1054,HDIP000562,SKU-BAD-1087,1,731000.0,0.0,0.0,731000.0
1055,HDIP000562,SKU-THE-1013,1,387000.0,15.0,58000.0,329000.0
1056,HDIP000562,SKU-SWE-1114,1,615000.0,0.0,0.0,615000.0
1057,HDIP000563,SKU-TEE-1059,2,177000.0,15.0,53000.0,301000.0
1058,HDIP000564,SKU-DIR-1006,1,416000.0,5.0,21000.0,395000.0
1059,HDIP000565,SKU-DIR-1007,2,631000.0,0.0,0.0,1262000.0
1060,HDIP000566,SKU-COO-1033,1,281000.0,5.0,14000.0,267000.0
1061,HDIP000567,SKU-NOW-1052,1,425000.0,15.0,64000.0,361000.0
1062,HDIP000568,SKU-THE-1118,2,434000.0,10.0,87000.0,781000.0
1063,HDIP000568,SKU-TEE-1040,1,172000.0,15.0,26000.0,146000.0
1064,HDIP000569,SKU-NOW-1050,1,245000.0,10.0,24000.0,221000.0
1065,HDIP000570,SKU-COO-1056,1,275000.0,0.0,0.0,275000.0
1066,HDIP000570,SKU-NOW-1081,1,420000.0,5.0,21000.0,399000.0
1067,HDIP000571,SKU-THE-1068,1,496000.0,5.0,25000.0,471000.0
1068,HDIP000571,SKU-NOW-1081,1,420000.0,5.0,21000.0,399000.0
1069,HDIP000571,SKU-COO-1083,1,284000.0,0.0,0.0,284000.0
1070,HDIP000571,SKU-SWE-1011,1,375000.0,0.0,0.0,375000.0
1071,HDIP000572,SKU-THE-1118,1,434000.0,10.0,43000.0,391000.0
1072,HDIP000572,SKU-DIR-1006,1,416000.0,0.0,0.0,416000.0
1073,HDIP000573,SKU-THE-1075,1,503000.0,10.0,50000.0,453000.0
1074,HDIP000574,SKU-SWE-1024,2,753000.0,0.0,0.0,1506000.0
1075,HDIP000575,SKU-DIR-1093,1,544000.0,15.0,82000.0,462000.0
1076,HDIP000576,SKU-TEE-1112,1,339000.0,15.0,51000.0,288000.0
1077,HDIP000576,SKU-DIR-1104,3,605000.0,0.0,0.0,1815000.0
1078,HDIP000576,SKU-SWE-1024,2,753000.0,0.0,0.0,1506000.0
1079,HDIP000576,SKU-DIR-1028,1,536000.0,0.0,0.0,536000.0
1080,HDIP000577,SKU-TEE-1059,1,177000.0,15.0,27000.0,150000.0
1081,HDIP000577,SKU-NOW-1089,3,313000.0,10.0,94000.0,845000.0
1082,HDIP000578,SKU-NOW-1089,1,313000.0,0.0,0.0,313000.0
1083,HDIP000578,SKU-BAD-1087,1,731000.0,0.0,0.0,731000.0
1084,HDIP000579,SKU-TEE-1027,1,339000.0,0.0,0.0,339000.0
1085,HDIP000579,SKU-TEE-1062,1,326000.0,15.0,49000.0,277000.0
1086,HDIP000579,SKU-DKM-1084,2,625000.0,10.0,125000.0,1125000.0
1087,HDIP000580,SKU-TEE-1003,1,244000.0,0.0,0.0,244000.0
1088,HDIP000580,SKU-TSU-1015,1,292000.0,5.0,15000.0,277000.0
1089,HDIP000581,SKU-NOW-1073,2,216000.0,5.0,22000.0,410000.0
1090,HDIP000582,SKU-DIR-1109,1,341000.0,0.0,0.0,341000.0
1091,HDIP000582,SKU-BAD-1064,1,515000.0,5.0,26000.0,489000.0
1092,HDIP000582,SKU-DIR-1095,1,388000.0,10.0,39000.0,349000.0
1093,HDIP000582,SKU-THE-1075,1,503000.0,15.0,75000.0,428000.0
1094,HDIP000582,SKU-SWE-1077,2,418000.0,5.0,42000.0,794000.0
1095,HDIP000583,SKU-COO-1041,1,371000.0,0.0,0.0,371000.0
1096,HDIP000584,SKU-COO-1083,1,284000.0,5.0,14000.0,270000.0
1097,HDIP000584,SKU-DKM-1045,1,524000.0,0.0,0.0,524000.0
1098,HDIP000585,SKU-THE-1076,1,352000.0,10.0,35000.0,317000.0
1099,HDIP000585,SKU-DIR-1117,2,397000.0,15.0,119000.0,675000.0
1100,HDIP000586,SKU-TEE-1107,1,179000.0,5.0,9000.0,170000.0
1101,HDIP000586,SKU-BAD-1087,1,731000.0,0.0,0.0,731000.0
1102,HDIP000586,SKU-DKM-1084,1,625000.0,0.0,0.0,625000.0
1103,HDIP000586,SKU-DIR-1095,1,388000.0,0.0,0.0,388000.0
1104,HDIP000587,SKU-THE-1063,1,472000.0,5.0,24000.0,448000.0
1105,HDIP000588,SKU-SWE-1046,1,566000.0,10.0,57000.0,509000.0
1106,HDIP000588,SKU-DIR-1113,1,595000.0,0.0,0.0,595000.0
1107,HDIP000588,SKU-TSU-1034,1,385000.0,0.0,0.0,385000.0
1108,HDIP000588,SKU-BAD-1087,1,731000.0,0.0,0.0,731000.0
1109,HDIP000588,SKU-COO-1021,1,112000.0,5.0,6000.0,106000.0
1110,HDIP000589,SKU-TSU-1072,1,352000.0,15.0,53000.0,299000.0
1111,HDIP000589,SKU-DIR-1035,2,555000.0,10.0,111000.0,999000.0
1112,HDIP000589,SKU-TEE-1115,1,227000.0,15.0,34000.0,193000.0
1113,HDIP000590,SKU-SWE-1101,1,757000.0,10.0,76000.0,681000.0
1114,HDIP000590,SKU-COO-1079,1,368000.0,15.0,55000.0,313000.0
1115,HDIP000590,SKU-TSU-1110,1,633000.0,0.0,0.0,633000.0
1116,HDIP000590,SKU-DIR-1014,2,715000.0,0.0,0.0,1430000.0
1117,HDIP000590,SKU-DIR-1106,1,353000.0,15.0,53000.0,300000.0
1118,HDIP000591,SKU-DIR-1047,1,320000.0,0.0,0.0,320000.0
1119,HDIP000592,SKU-DIR-1104,1,605000.0,0.0,0.0,605000.0
1120,HDIP000593,SKU-DIR-1054,1,349000.0,0.0,0.0,349000.0
1121,HDIP000593,SKU-DIR-1047,1,320000.0,10.0,32000.0,288000.0
1122,HDIP000594,SKU-TEE-1115,1,227000.0,0.0,0.0,227000.0
1123,HDIP000594,SKU-TEE-1059,2,177000.0,5.0,18000.0,336000.0
1124,HDIP000594,SKU-TSU-1110,1,633000.0,0.0,0.0,633000.0
1125,HDIP000594,SKU-TSU-1067,1,608000.0,10.0,61000.0,547000.0
1126,HDIP000595,SKU-TEE-1022,1,252000.0,15.0,38000.0,214000.0
1127,HDIP000595,SKU-COO-1056,1,275000.0,10.0,28000.0,247000.0
1128,HDIP000595,SKU-DIR-1008,1,432000.0,15.0,65000.0,367000.0
1129,HDIP000595,SKU-TEE-1051,3,201000.0,15.0,90000.0,513000.0
1130,HDIP000595,SKU-NOW-1098,2,393000.0,0.0,0.0,786000.0
1131,HDIP000596,SKU-COO-1041,1,371000.0,0.0,0.0,371000.0
1132,HDIP000596,SKU-DIR-1117,2,397000.0,10.0,79000.0,715000.0
1133,HDIP000597,SKU-DKM-1080,1,498000.0,0.0,0.0,498000.0
1134,HDIP000597,SKU-SWE-1101,2,757000.0,15.0,227000.0,1287000.0
1135,HDIP000597,SKU-DKM-1084,1,625000.0,0.0,0.0,625000.0
1136,HDIP000598,SKU-DIR-1093,1,544000.0,0.0,0.0,544000.0
1137,HDIP000599,SKU-TEE-1040,1,172000.0,15.0,26000.0,146000.0
1138,HDIP000599,SKU-TSU-1067,1,608000.0,0.0,0.0,608000.0
1139,HDIP000600,SKU-DIR-1065,1,426000.0,0.0,0.0,426000.0
1140,HDIP000600,SKU-TSU-1015,1,292000.0,10.0,29000.0,263000.0
1141,HDIP000601,SKU-BAD-1074,1,487000.0,5.0,24000.0,463000.0
1142,HDIP000602,SKU-COO-1037,1,132000.0,15.0,20000.0,112000.0
1143,HDIP000603,SKU-TEE-1032,1,278000.0,10.0,28000.0,250000.0
1144,HDIP000603,SKU-DIR-1014,1,715000.0,0.0,0.0,715000.0
1145,HDIP000604,SKU-SWE-1011,1,375000.0,0.0,0.0,375000.0
1146,HDIP000604,SKU-NOW-1012,1,355000.0,5.0,18000.0,337000.0
1147,HDIP000604,SKU-DIR-1008,1,432000.0,15.0,65000.0,367000.0
1148,HDIP000605,SKU-THE-1075,1,503000.0,5.0,25000.0,478000.0
1149,HDIP000605,SKU-BAD-1064,1,515000.0,5.0,26000.0,489000.0
1150,HDIP000605,SKU-DIR-1082,1,382000.0,5.0,19000.0,363000.0
1151,HDIP000606,SKU-COO-1017,1,85000.0,10.0,8000.0,77000.0
1152,HDIP000606,SKU-DKM-1091,1,657000.0,0.0,0.0,657000.0
1153,HDIP000607,SKU-TEE-1016,1,220000.0,0.0,0.0,220000.0
1154,HDIP000607,SKU-NOW-1078,1,415000.0,0.0,0.0,415000.0
1155,HDIP000607,SKU-TSU-1110,1,633000.0,0.0,0.0,633000.0
1156,HDIP000607,SKU-THE-1053,1,675000.0,0.0,0.0,675000.0
1157,HDIP000608,SKU-THE-1076,1,352000.0,0.0,0.0,352000.0
1158,HDIP000609,SKU-DKM-1045,1,524000.0,0.0,0.0,524000.0
1159,HDIP000610,SKU-SWE-1101,1,757000.0,10.0,76000.0,681000.0
1160,HDIP000610,SKU-TEE-1049,1,226000.0,0.0,0.0,226000.0
1161,HDIP000610,SKU-DKM-1061,1,205000.0,5.0,10000.0,195000.0
1162,HDIP000610,SKU-TEE-1107,1,179000.0,15.0,27000.0,152000.0
1163,HDIP000611,SKU-COO-1086,1,365000.0,5.0,18000.0,347000.0
1164,HDIP000611,SKU-DKM-1080,1,498000.0,0.0,0.0,498000.0
1165,HDIP000611,SKU-THE-1053,3,675000.0,5.0,101000.0,1924000.0
1166,HDIP000612,SKU-DKM-1102,1,454000.0,10.0,45000.0,409000.0
1167,HDIP000612,SKU-NOW-1099,1,356000.0,15.0,53000.0,303000.0
1168,HDIP000613,SKU-TSU-1067,1,608000.0,0.0,0.0,608000.0
1169,HDIP000613,SKU-NOW-1025,1,438000.0,10.0,44000.0,394000.0
1170,HDIP000613,SKU-BAD-1097,1,438000.0,0.0,0.0,438000.0
1171,HDIP000613,SKU-DKM-1061,1,205000.0,0.0,0.0,205000.0
1172,HDIP000614,SKU-BAD-1069,1,415000.0,5.0,21000.0,394000.0
1173,HDIP000615,SKU-DIR-1054,1,349000.0,10.0,35000.0,314000.0
1174,HDIP000616,SKU-SWE-1070,1,718000.0,0.0,0.0,718000.0
1175,HDIP000616,SKU-TEE-1022,1,252000.0,5.0,13000.0,239000.0
1176,HDIP000616,SKU-COO-1037,1,132000.0,0.0,0.0,132000.0
1177,HDIP000616,SKU-SWE-1019,1,423000.0,0.0,0.0,423000.0
1178,HDIP000616,SKU-SWE-1024,1,753000.0,15.0,113000.0,640000.0
1179,HDIP000617,SKU-TEE-1115,1,227000.0,5.0,11000.0,216000.0
1180,HDIP000618,SKU-BAD-1097,1,438000.0,0.0,0.0,438000.0
1181,HDIP000618,SKU-DIR-1065,1,426000.0,0.0,0.0,426000.0
1182,HDIP000619,SKU-DIR-1082,1,382000.0,0.0,0.0,382000.0
1183,HDIP000620,SKU-TSU-1072,1,352000.0,0.0,0.0,352000.0
1184,HDIP000621,SKU-DIR-1065,3,426000.0,0.0,0.0,1278000.0
1185,HDIP000621,SKU-TEE-1027,1,339000.0,0.0,0.0,339000.0
1186,HDIP000621,SKU-SWE-1101,1,757000.0,10.0,76000.0,681000.0
1187,HDIP000622,SKU-TEE-1107,1,179000.0,0.0,0.0,179000.0
1188,HDIP000622,SKU-DKM-1080,1,498000.0,5.0,25000.0,473000.0
1189,HDIP000622,SKU-DKM-1038,1,228000.0,0.0,0.0,228000.0
1190,HDIP000623,SKU-TEE-1066,1,230000.0,15.0,34000.0,196000.0
1191,HDIP000623,SKU-COO-1037,1,132000.0,0.0,0.0,132000.0
1192,HDIP000624,SKU-DIR-1093,2,544000.0,0.0,0.0,1088000.0
1193,HDIP000624,SKU-TSU-1072,1,352000.0,0.0,0.0,352000.0
1194,HDIP000624,SKU-TEE-1036,2,296000.0,0.0,0.0,592000.0
1195,HDIP000625,SKU-NOW-1085,3,210000.0,0.0,0.0,630000.0
1196,HDIP000626,SKU-BAD-1018,1,494000.0,0.0,0.0,494000.0
1197,HDIP000626,SKU-COO-1083,2,284000.0,15.0,85000.0,483000.0
1198,HDIP000626,SKU-DIR-1119,1,693000.0,10.0,69000.0,624000.0
1199,HDIP000626,SKU-BAD-1001,2,447000.0,15.0,134000.0,760000.0
1200,HDIP000627,SKU-DKM-1084,1,625000.0,15.0,94000.0,531000.0
1201,HDIP000627,SKU-TEE-1010,1,240000.0,0.0,0.0,240000.0
1202,HDIP000627,SKU-BAD-1069,1,415000.0,5.0,21000.0,394000.0
1203,HDIP000628,SKU-TSU-1048,2,485000.0,5.0,48000.0,922000.0
1204,HDIP000629,SKU-DKM-1091,1,657000.0,10.0,66000.0,591000.0
1205,HDIP000629,SKU-SWE-1046,1,566000.0,15.0,85000.0,481000.0
1206,HDIP000630,SKU-TEE-1116,1,270000.0,10.0,27000.0,243000.0
1207,HDIP000631,SKU-TEE-1036,1,296000.0,5.0,15000.0,281000.0
1208,HDIP000632,SKU-COO-1017,1,85000.0,0.0,0.0,85000.0
1209,HDIP000633,SKU-BAD-1087,1,731000.0,15.0,110000.0,621000.0
1210,HDIP000634,SKU-BAD-1055,1,472000.0,15.0,71000.0,401000.0
1211,HDIP000635,SKU-TSU-1067,1,608000.0,0.0,0.0,608000.0
1212,HDIP000636,SKU-DIR-1054,1,349000.0,0.0,0.0,349000.0
1213,HDIP000637,SKU-DIR-1104,1,605000.0,15.0,91000.0,514000.0
1214,HDIP000637,SKU-DIR-1004,1,419000.0,0.0,0.0,419000.0
1215,HDIP000637,SKU-DIR-1095,2,388000.0,0.0,0.0,776000.0
1216,HDIP000638,SKU-COO-1056,2,275000.0,10.0,55000.0,495000.0
1217,HDIP000639,SKU-TEE-1031,3,290000.0,0.0,0.0,870000.0
1218,HDIP000640,SKU-DKM-1080,1,498000.0,5.0,25000.0,473000.0
1219,HDIP000640,SKU-BAD-1057,1,664000.0,0.0,0.0,664000.0
1220,HDIP000640,SKU-NOW-1098,3,393000.0,0.0,0.0,1179000.0
1221,HDIP000641,SKU-DIR-1008,1,432000.0,0.0,0.0,432000.0
1222,HDIP000641,SKU-THE-1118,1,434000.0,5.0,22000.0,412000.0
1223,HDIP000641,SKU-SWE-1103,1,683000.0,15.0,102000.0,581000.0
1224,HDIP000642,SKU-DKM-1080,1,498000.0,0.0,0.0,498000.0
1225,HDIP000643,SKU-DKM-1102,1,454000.0,10.0,45000.0,409000.0
1226,HDIP000644,SKU-DKM-1043,1,592000.0,0.0,0.0,592000.0
1227,HDIP000644,SKU-THE-1076,1,352000.0,15.0,53000.0,299000.0
1228,HDIP000645,SKU-COO-1033,1,281000.0,15.0,42000.0,239000.0
1229,HDIP000645,SKU-SWE-1046,1,566000.0,0.0,0.0,566000.0
1230,HDIP000646,SKU-THE-1075,1,503000.0,15.0,75000.0,428000.0
1231,HDIP000647,SKU-TEE-1040,1,172000.0,0.0,0.0,172000.0
1232,HDIP000648,SKU-DIR-1065,2,426000.0,10.0,85000.0,767000.0
1233,HDIP000649,SKU-NOW-1026,1,240000.0,0.0,0.0,240000.0
1234,HDIP000649,SKU-SWE-1101,1,757000.0,15.0,114000.0,643000.0
1235,HDIP000650,SKU-DIR-1054,1,349000.0,5.0,17000.0,332000.0
1236,HDIP000650,SKU-DKM-1043,2,592000.0,0.0,0.0,1184000.0
1237,HDIP000651,SKU-DIR-1060,1,655000.0,5.0,33000.0,622000.0
1238,HDIP000651,SKU-DKM-1080,1,498000.0,0.0,0.0,498000.0
1239,HDIP000652,SKU-TEE-1010,1,240000.0,10.0,24000.0,216000.0
1240,HDIP000653,SKU-DIR-1117,1,397000.0,0.0,0.0,397000.0
1241,HDIP000653,SKU-NOW-1098,1,393000.0,0.0,0.0,393000.0
1242,HDIP000654,SKU-TSU-1071,1,610000.0,0.0,0.0,610000.0
1243,HDIP000655,SKU-BAD-1087,1,731000.0,15.0,110000.0,621000.0
1244,HDIP000656,SKU-TSU-1048,1,485000.0,0.0,0.0,485000.0
1245,HDIP000656,SKU-DIR-1104,2,605000.0,10.0,121000.0,1089000.0
1246,HDIP000657,SKU-COO-1017,1,85000.0,5.0,4000.0,81000.0
1247,HDIP000657,SKU-DKM-1102,1,454000.0,0.0,0.0,454000.0
1248,HDIP000657,SKU-NOW-1025,1,438000.0,15.0,66000.0,372000.0
1249,HDIP000658,SKU-DKM-1038,1,228000.0,0.0,0.0,228000.0
1250,HDIP000658,SKU-DKM-1102,1,454000.0,0.0,0.0,454000.0
1251,HDIP000658,SKU-TEE-1020,2,190000.0,10.0,38000.0,342000.0
1252,HDIP000659,SKU-COO-1079,1,368000.0,15.0,55000.0,313000.0
1253,HDIP000659,SKU-NOW-1009,1,277000.0,0.0,0.0,277000.0
1254,HDIP000659,SKU-TEE-1022,1,252000.0,5.0,13000.0,239000.0
1255,HDIP000660,SKU-BAD-1064,1,515000.0,5.0,26000.0,489000.0
1256,HDIP000660,SKU-DKM-1061,1,205000.0,10.0,20000.0,185000.0
1257,HDIP000661,SKU-TEE-1031,1,290000.0,5.0,14000.0,276000.0
1258,HDIP000661,SKU-TEE-1051,2,201000.0,10.0,40000.0,362000.0
1259,HDIP000662,SKU-SWE-1011,1,375000.0,10.0,38000.0,337000.0
1260,HDIP000663,SKU-DIR-1044,1,443000.0,5.0,22000.0,421000.0
1261,HDIP000663,SKU-BAD-1055,1,472000.0,5.0,24000.0,448000.0
1262,HDIP000664,SKU-TSU-1034,1,385000.0,0.0,0.0,385000.0
1263,HDIP000665,SKU-DIR-1119,1,693000.0,0.0,0.0,693000.0
1264,HDIP000665,SKU-TSU-1030,1,306000.0,0.0,0.0,306000.0
1265,HDIP000665,SKU-THE-1013,1,387000.0,15.0,58000.0,329000.0
1266,HDIP000666,SKU-NOW-1078,3,415000.0,15.0,187000.0,1058000.0
1267,HDIP000667,SKU-SWE-1101,1,757000.0,15.0,114000.0,643000.0
1268,HDIP000667,SKU-NOW-1052,1,425000.0,15.0,64000.0,361000.0
1269,HDIP000667,SKU-DIR-1106,1,353000.0,0.0,0.0,353000.0
1270,HDIP000668,SKU-THE-1076,1,352000.0,5.0,18000.0,334000.0
1271,HDIP000669,SKU-BAD-1055,1,472000.0,5.0,24000.0,448000.0
1272,HDIP000669,SKU-NOW-1099,1,356000.0,10.0,36000.0,320000.0
1273,HDIP000669,SKU-BAD-1090,1,475000.0,0.0,0.0,475000.0
1274,HDIP000670,SKU-TEE-1107,1,179000.0,5.0,9000.0,170000.0
1275,HDIP000670,SKU-SWE-1046,1,566000.0,5.0,28000.0,538000.0
1276,HDIP000670,SKU-DIR-1044,1,443000.0,15.0,66000.0,377000.0
1277,HDIP000671,SKU-TEE-1005,1,133000.0,0.0,0.0,133000.0
1278,HDIP000671,SKU-DIR-1119,1,693000.0,10.0,69000.0,624000.0
1279,HDIP000672,SKU-TEE-1051,1,201000.0,5.0,10000.0,191000.0
1280,HDIP000673,SKU-TEE-1039,1,301000.0,15.0,45000.0,256000.0
1281,HDIP000673,SKU-NOW-1012,1,355000.0,0.0,0.0,355000.0
1282,HDIP000674,SKU-NOW-1050,1,245000.0,0.0,0.0,245000.0
1283,HDIP000675,SKU-TSU-1067,1,608000.0,0.0,0.0,608000.0
1284,HDIP000676,SKU-TEE-1062,1,326000.0,0.0,0.0,326000.0
1285,HDIP000676,SKU-TSU-1096,1,405000.0,0.0,0.0,405000.0
1286,HDIP000677,SKU-BAD-1074,2,487000.0,10.0,97000.0,877000.0
1287,HDIP000678,SKU-BAD-1001,3,447000.0,5.0,67000.0,1274000.0
1288,HDIP000679,SKU-DIR-1113,1,595000.0,15.0,89000.0,506000.0
1289,HDIP000679,SKU-THE-1063,1,472000.0,15.0,71000.0,401000.0
1290,HDIP000679,SKU-TEE-1059,2,177000.0,5.0,18000.0,336000.0
1291,HDIP000679,SKU-DIR-1060,1,655000.0,15.0,98000.0,557000.0
1292,HDIP000680,SKU-TEE-1116,1,270000.0,5.0,14000.0,256000.0
1293,HDIP000681,SKU-THE-1013,1,387000.0,0.0,0.0,387000.0
1294,HDIP000681,SKU-TEE-1051,1,201000.0,0.0,0.0,201000.0
1295,HDIP000682,SKU-DIR-1093,1,544000.0,5.0,27000.0,517000.0
1296,HDIP000682,SKU-TEE-1116,1,270000.0,10.0,27000.0,243000.0
1297,HDIP000683,SKU-TEE-1022,1,252000.0,10.0,25000.0,227000.0
1298,HDIP000684,SKU-TSU-1096,1,405000.0,0.0,0.0,405000.0
1299,HDIP000685,SKU-BAD-1018,1,494000.0,5.0,25000.0,469000.0
1300,HDIP000685,SKU-SWE-1042,1,535000.0,0.0,0.0,535000.0
1301,HDIP000686,SKU-DIR-1106,1,353000.0,0.0,0.0,353000.0
1302,HDIP000687,SKU-BAD-1069,1,415000.0,0.0,0.0,415000.0
1303,HDIP000688,SKU-SWE-1046,1,566000.0,15.0,85000.0,481000.0
1304,HDIP000689,SKU-DIR-1108,2,400000.0,15.0,120000.0,680000.0
1305,HDIP000689,SKU-DIR-1082,1,382000.0,15.0,57000.0,325000.0
1306,HDIP000690,SKU-BAD-1001,1,447000.0,5.0,22000.0,425000.0
1307,HDIP000691,SKU-DIR-1054,1,349000.0,0.0,0.0,349000.0
1308,HDIP000692,SKU-DIR-1113,1,595000.0,15.0,89000.0,506000.0
1309,HDIP000693,SKU-BAD-1105,1,403000.0,15.0,60000.0,343000.0
1310,HDIP000693,SKU-SWE-1042,1,535000.0,0.0,0.0,535000.0
1311,HDIP000694,SKU-DIR-1014,1,715000.0,0.0,0.0,715000.0
1312,HDIP000695,SKU-TEE-1059,1,177000.0,15.0,27000.0,150000.0
1313,HDIP000696,SKU-DIR-1028,1,536000.0,10.0,54000.0,482000.0
1314,HDIP000697,SKU-THE-1013,1,387000.0,15.0,58000.0,329000.0
1315,HDIP000698,SKU-DIR-1082,1,382000.0,15.0,57000.0,325000.0
1316,HDIP000699,SKU-DIR-1117,1,397000.0,5.0,20000.0,377000.0
1317,HDIP000700,SKU-COO-1079,1,368000.0,0.0,0.0,368000.0
1318,HDIP000701,SKU-DIR-1008,1,432000.0,0.0,0.0,432000.0
1319,HDIP000701,SKU-BAD-1018,1,494000.0,5.0,25000.0,469000.0
1320,HDIP000702,SKU-DKM-1043,1,592000.0,15.0,89000.0,503000.0
1321,HDIP000702,SKU-BAD-1018,1,494000.0,0.0,0.0,494000.0
1322,HDIP000703,SKU-NOW-1094,1,308000.0,0.0,0.0,308000.0
1323,HDIP000704,SKU-BAD-1090,1,475000.0,5.0,24000.0,451000.0
1324,HDIP000704,SKU-DIR-1093,1,544000.0,0.0,0.0,544000.0
1325,HDIP000704,SKU-THE-1029,1,475000.0,0.0,0.0,475000.0
1326,HDIP000705,SKU-SWE-1019,1,423000.0,0.0,0.0,423000.0
1327,HDIP000705,SKU-TEE-1027,1,339000.0,0.0,0.0,339000.0
1328,HDIP000706,SKU-DIR-1093,1,544000.0,5.0,27000.0,517000.0
1329,HDIP000707,SKU-DIR-1082,1,382000.0,5.0,19000.0,363000.0
1330,HDIP000707,SKU-NOW-1026,1,240000.0,0.0,0.0,240000.0
1331,HDIP000708,SKU-COO-1079,1,368000.0,0.0,0.0,368000.0
1332,HDIP000709,SKU-NOW-1098,1,393000.0,10.0,39000.0,354000.0
1333,HDIP000709,SKU-DIR-1117,1,397000.0,15.0,60000.0,337000.0
1334,HDIP000709,SKU-THE-1118,1,434000.0,5.0,22000.0,412000.0
1335,HDIP000710,SKU-TEE-1062,1,326000.0,15.0,49000.0,277000.0
1336,HDIP000710,SKU-TEE-1010,1,240000.0,0.0,0.0,240000.0
1337,HDIP000711,SKU-DIR-1119,2,693000.0,15.0,208000.0,1178000.0
1338,HDIP000711,SKU-DIR-1054,1,349000.0,5.0,17000.0,332000.0
1339,HDIP000712,SKU-THE-1118,2,434000.0,0.0,0.0,868000.0
1340,HDIP000712,SKU-TEE-1016,1,220000.0,5.0,11000.0,209000.0
1341,HDIP000712,SKU-NOW-1050,3,245000.0,15.0,110000.0,625000.0
1342,HDIP000713,SKU-DKM-1084,2,625000.0,15.0,188000.0,1062000.0
1343,HDIP000713,SKU-NOW-1050,1,245000.0,5.0,12000.0,233000.0
1344,HDIP000714,SKU-COO-1083,1,284000.0,5.0,14000.0,270000.0
1345,HDIP000714,SKU-SWE-1019,2,423000.0,0.0,0.0,846000.0
1346,HDIP000715,SKU-NOW-1099,1,356000.0,15.0,53000.0,303000.0
1347,HDIP000716,SKU-NOW-1025,1,438000.0,5.0,22000.0,416000.0
1348,HDIP000716,SKU-DIR-1113,1,595000.0,0.0,0.0,595000.0
1349,HDIP000717,SKU-BAD-1097,2,438000.0,0.0,0.0,876000.0
1350,HDIP000717,SKU-DIR-1113,1,595000.0,10.0,60000.0,535000.0
1351,HDIP000718,SKU-BAD-1001,2,447000.0,0.0,0.0,894000.0
1352,HDIP000718,SKU-TEE-1022,1,252000.0,15.0,38000.0,214000.0
1353,HDIP000719,SKU-TEE-1022,1,252000.0,15.0,38000.0,214000.0
1354,HDIP000719,SKU-BAD-1023,1,751000.0,5.0,38000.0,713000.0
1355,HDIP000720,SKU-DIR-1008,1,432000.0,0.0,0.0,432000.0
1356,HDIP000721,SKU-TEE-1022,1,252000.0,0.0,0.0,252000.0
1357,HDIP000721,SKU-SWE-1011,1,375000.0,0.0,0.0,375000.0
1358,HDIP000721,SKU-DKM-1038,1,228000.0,0.0,0.0,228000.0
1359,HDIP000722,SKU-BAD-1097,3,438000.0,15.0,197000.0,1117000.0
1360,HDIP000723,SKU-TSU-1067,3,608000.0,0.0,0.0,1824000.0
1361,HDIP000724,SKU-TEE-1088,2,274000.0,0.0,0.0,548000.0
1362,HDIP000725,SKU-SWE-1046,1,566000.0,0.0,0.0,566000.0
1363,HDIP000725,SKU-TEE-1112,1,339000.0,15.0,51000.0,288000.0
1364,HDIP000726,SKU-TEE-1112,1,339000.0,15.0,51000.0,288000.0
1365,HDIP000726,SKU-THE-1068,1,496000.0,0.0,0.0,496000.0
1366,HDIP000727,SKU-NOW-1085,1,210000.0,15.0,32000.0,178000.0
1367,HDIP000727,SKU-NOW-1025,3,438000.0,0.0,0.0,1314000.0
1368,HDIP000728,SKU-TSU-1030,1,306000.0,15.0,46000.0,260000.0
1369,HDIP000728,SKU-NOW-1078,1,415000.0,0.0,0.0,415000.0
1370,HDIP000729,SKU-DKM-1038,1,228000.0,0.0,0.0,228000.0
1371,HDIP000729,SKU-NOW-1078,2,415000.0,10.0,83000.0,747000.0
1372,HDIP000730,SKU-BAD-1087,3,731000.0,5.0,110000.0,2083000.0
1373,HDIP000731,SKU-TEE-1022,1,252000.0,15.0,38000.0,214000.0
1374,HDIP000732,SKU-DIR-1119,1,693000.0,5.0,35000.0,658000.0
1375,HDIP000733,SKU-COO-1086,1,365000.0,15.0,55000.0,310000.0
1376,HDIP000733,SKU-TEE-1016,1,220000.0,15.0,33000.0,187000.0
1377,HDIP000733,SKU-BAD-1018,1,494000.0,0.0,0.0,494000.0
1378,HDIP000733,SKU-DIR-1119,2,693000.0,10.0,139000.0,1247000.0
1379,HDIP000734,SKU-SWE-1101,3,757000.0,5.0,114000.0,2157000.0
1380,HDIP000734,SKU-TSU-1072,2,352000.0,0.0,0.0,704000.0
1381,HDIP000735,SKU-DIR-1095,1,388000.0,0.0,0.0,388000.0
1382,HDIP000736,SKU-BAD-1074,1,487000.0,10.0,49000.0,438000.0
1383,HDIP000736,SKU-DIR-1095,1,388000.0,5.0,19000.0,369000.0
1384,HDIP000736,SKU-BAD-1001,3,447000.0,0.0,0.0,1341000.0
1385,HDIP000736,SKU-TEE-1040,1,172000.0,15.0,26000.0,146000.0
1386,HDIP000737,SKU-SWE-1002,1,401000.0,5.0,20000.0,381000.0
1387,HDIP000738,SKU-TEE-1059,1,177000.0,0.0,0.0,177000.0
1388,HDIP000738,SKU-SWE-1019,1,423000.0,15.0,63000.0,360000.0
1389,HDIP000739,SKU-DIR-1109,1,341000.0,5.0,17000.0,324000.0
1390,HDIP000740,SKU-DIR-1104,1,605000.0,15.0,91000.0,514000.0
1391,HDIP000741,SKU-NOW-1100,1,229000.0,0.0,0.0,229000.0
1392,HDIP000741,SKU-BAD-1023,3,751000.0,15.0,338000.0,1915000.0
1393,HDIP000741,SKU-TSU-1110,2,633000.0,0.0,0.0,1266000.0
1394,HDIP000741,SKU-THE-1063,3,472000.0,10.0,142000.0,1274000.0
1395,HDIP000742,SKU-BAD-1097,1,438000.0,15.0,66000.0,372000.0
1396,HDIP000742,SKU-TEE-1051,2,201000.0,15.0,60000.0,342000.0
1397,HDIP000742,SKU-TEE-1010,2,240000.0,5.0,24000.0,456000.0
1398,HDIP000742,SKU-THE-1068,1,496000.0,0.0,0.0,496000.0
1399,HDIP000742,SKU-NOW-1094,1,308000.0,10.0,31000.0,277000.0
1400,HDIP000743,SKU-BAD-1057,1,664000.0,0.0,0.0,664000.0
1401,HDIP000743,SKU-BAD-1090,1,475000.0,15.0,71000.0,404000.0
1402,HDIP000744,SKU-BAD-1074,1,487000.0,0.0,0.0,487000.0
1403,HDIP000744,SKU-DIR-1014,1,715000.0,5.0,36000.0,679000.0
1404,HDIP000745,SKU-DKM-1061,1,205000.0,0.0,0.0,205000.0
1405,HDIP000746,SKU-NOW-1081,1,420000.0,0.0,0.0,420000.0
1406,HDIP000746,SKU-DIR-1093,1,544000.0,0.0,0.0,544000.0
1407,HDIP000746,SKU-NOW-1052,1,425000.0,0.0,0.0,425000.0
1408,HDIP000746,SKU-TEE-1032,1,278000.0,5.0,14000.0,264000.0
1409,HDIP000747,SKU-DKM-1084,1,625000.0,0.0,0.0,625000.0
1410,HDIP000748,SKU-DIR-1117,1,397000.0,10.0,40000.0,357000.0
1411,HDIP000748,SKU-TEE-1066,1,230000.0,10.0,23000.0,207000.0
1412,HDIP000749,SKU-COO-1083,1,284000.0,0.0,0.0,284000.0
1413,HDIP000750,SKU-BAD-1111,1,611000.0,5.0,31000.0,580000.0
1414,HDIP000750,SKU-DKM-1102,2,454000.0,0.0,0.0,908000.0
1415,HDIP000751,SKU-DIR-1108,1,400000.0,15.0,60000.0,340000.0
1416,HDIP000752,SKU-SWE-1077,1,418000.0,0.0,0.0,418000.0
1417,HDIP000753,SKU-BAD-1074,1,487000.0,0.0,0.0,487000.0
1418,HDIP000754,SKU-DIR-1065,1,426000.0,15.0,64000.0,362000.0
1419,HDIP000754,SKU-TEE-1039,1,301000.0,0.0,0.0,301000.0
1420,HDIP000754,SKU-DIR-1047,1,320000.0,10.0,32000.0,288000.0
1421,HDIP000754,SKU-SWE-1070,2,718000.0,0.0,0.0,1436000.0
1422,HDIP000754,SKU-TEE-1022,1,252000.0,5.0,13000.0,239000.0
1423,HDIP000755,SKU-SWE-1046,1,566000.0,0.0,0.0,566000.0
1424,HDIP000755,SKU-NOW-1078,1,415000.0,15.0,62000.0,353000.0
1425,HDIP000756,SKU-TEE-1107,1,179000.0,0.0,0.0,179000.0
1426,HDIP000757,SKU-NOW-1094,1,308000.0,0.0,0.0,308000.0
1427,HDIP000758,SKU-SWE-1011,2,375000.0,15.0,112000.0,638000.0
1428,HDIP000759,SKU-NOW-1094,1,308000.0,15.0,46000.0,262000.0
1429,HDIP000760,SKU-TEE-1020,1,190000.0,5.0,10000.0,180000.0
1430,HDIP000761,SKU-BAD-1069,1,415000.0,10.0,42000.0,373000.0
1431,HDIP000762,SKU-DKM-1043,1,592000.0,0.0,0.0,592000.0
1432,HDIP000763,SKU-THE-1029,1,475000.0,10.0,48000.0,427000.0
1433,HDIP000763,SKU-TEE-1049,1,226000.0,0.0,0.0,226000.0
1434,HDIP000763,SKU-DIR-1014,1,715000.0,5.0,36000.0,679000.0
1435,HDIP000763,SKU-SWE-1101,1,757000.0,0.0,0.0,757000.0
1436,HDIP000763,SKU-DIR-1119,1,693000.0,0.0,0.0,693000.0
1437,HDIP000764,SKU-BAD-1097,1,438000.0,0.0,0.0,438000.0
1438,HDIP000765,SKU-COO-1017,1,85000.0,10.0,8000.0,77000.0
1439,HDIP000765,SKU-TSU-1034,1,385000.0,15.0,58000.0,327000.0
1440,HDIP000766,SKU-DIR-1093,1,544000.0,0.0,0.0,544000.0
1441,HDIP000767,SKU-SWE-1046,1,566000.0,10.0,57000.0,509000.0
1442,HDIP000768,SKU-TSU-1110,1,633000.0,0.0,0.0,633000.0
1443,HDIP000769,SKU-TEE-1031,2,290000.0,0.0,0.0,580000.0
1444,HDIP000770,SKU-SWE-1002,1,401000.0,15.0,60000.0,341000.0
1445,HDIP000770,SKU-BAD-1055,1,472000.0,5.0,24000.0,448000.0
1446,HDIP000770,SKU-BAD-1087,1,731000.0,15.0,110000.0,621000.0
1447,HDIP000771,SKU-DIR-1117,1,397000.0,15.0,60000.0,337000.0
1448,HDIP000771,SKU-TEE-1107,1,179000.0,10.0,18000.0,161000.0
1449,HDIP000772,SKU-TEE-1022,2,252000.0,10.0,50000.0,454000.0
1450,HDIP000772,SKU-BAD-1087,2,731000.0,0.0,0.0,1462000.0
1451,HDIP000773,SKU-BAD-1055,1,472000.0,0.0,0.0,472000.0
1452,HDIP000773,SKU-BAD-1064,1,515000.0,15.0,77000.0,438000.0
1453,HDIP000773,SKU-TEE-1049,1,226000.0,10.0,23000.0,203000.0
1454,HDIP000773,SKU-TEE-1022,2,252000.0,0.0,0.0,504000.0
1455,HDIP000774,SKU-DIR-1095,1,388000.0,5.0,19000.0,369000.0
1456,HDIP000775,SKU-TEE-1115,1,227000.0,0.0,0.0,227000.0
1457,HDIP000775,SKU-DKM-1080,1,498000.0,0.0,0.0,498000.0
1458,HDIP000775,SKU-DIR-1109,1,341000.0,0.0,0.0,341000.0
1459,HDIP000775,SKU-THE-1063,1,472000.0,15.0,71000.0,401000.0
1460,HDIP000776,SKU-NOW-1026,1,240000.0,10.0,24000.0,216000.0
1461,HDIP000777,SKU-NOW-1085,1,210000.0,5.0,10000.0,200000.0
1462,HDIP000778,SKU-BAD-1069,1,415000.0,5.0,21000.0,394000.0
1463,HDIP000778,SKU-DIR-1104,1,605000.0,5.0,30000.0,575000.0
1464,HDIP000778,SKU-DIR-1035,1,555000.0,0.0,0.0,555000.0
1465,HDIP000779,SKU-COO-1037,1,132000.0,5.0,7000.0,125000.0
1466,HDIP000780,SKU-TEE-1062,3,326000.0,0.0,0.0,978000.0
1467,HDIP000780,SKU-COO-1086,1,365000.0,10.0,36000.0,329000.0
1468,HDIP000781,SKU-NOW-1100,1,229000.0,15.0,34000.0,195000.0
1469,HDIP000781,SKU-DIR-1113,2,595000.0,5.0,60000.0,1130000.0
1470,HDIP000781,SKU-NOW-1052,1,425000.0,0.0,0.0,425000.0
1471,HDIP000782,SKU-TEE-1031,2,290000.0,5.0,29000.0,551000.0
1472,HDIP000782,SKU-DIR-1007,3,631000.0,15.0,284000.0,1609000.0
1473,HDIP000782,SKU-BAD-1087,1,731000.0,5.0,37000.0,694000.0
1474,HDIP000783,SKU-TEE-1020,1,190000.0,0.0,0.0,190000.0
1475,HDIP000784,SKU-TEE-1032,1,278000.0,0.0,0.0,278000.0
1476,HDIP000784,SKU-COO-1086,1,365000.0,10.0,36000.0,329000.0
1477,HDIP000784,SKU-DIR-1106,1,353000.0,0.0,0.0,353000.0
1478,HDIP000784,SKU-BAD-1055,3,472000.0,10.0,142000.0,1274000.0
1479,HDIP000784,SKU-NOW-1026,1,240000.0,0.0,0.0,240000.0
1480,HDIP000785,SKU-NOW-1025,2,438000.0,5.0,44000.0,832000.0
1481,HDIP000786,SKU-THE-1068,1,496000.0,15.0,74000.0,422000.0
1482,HDIP000787,SKU-BAD-1055,1,472000.0,0.0,0.0,472000.0
1483,HDIP000788,SKU-TEE-1032,2,278000.0,0.0,0.0,556000.0
1484,HDIP000788,SKU-COO-1041,1,371000.0,0.0,0.0,371000.0
1485,HDIP000789,SKU-DIR-1117,1,397000.0,0.0,0.0,397000.0
1486,HDIP000789,SKU-NOW-1078,1,415000.0,5.0,21000.0,394000.0
1487,HDIP000790,SKU-TEE-1088,1,274000.0,0.0,0.0,274000.0
1488,HDIP000790,SKU-TSU-1071,1,610000.0,15.0,92000.0,518000.0
1489,HDIP000791,SKU-TEE-1036,1,296000.0,5.0,15000.0,281000.0
1490,HDIP000792,SKU-DIR-1117,2,397000.0,0.0,0.0,794000.0
1491,HDIP000793,SKU-DKM-1080,1,498000.0,0.0,0.0,498000.0
1492,HDIP000793,SKU-DIR-1044,1,443000.0,0.0,0.0,443000.0
1493,HDIP000793,SKU-TEE-1039,1,301000.0,0.0,0.0,301000.0
1494,HDIP000793,SKU-DIR-1093,1,544000.0,15.0,82000.0,462000.0
1495,HDIP000794,SKU-BAD-1058,1,430000.0,5.0,22000.0,408000.0
1496,HDIP000794,SKU-NOW-1081,1,420000.0,5.0,21000.0,399000.0
1497,HDIP000794,SKU-TSU-1092,1,708000.0,10.0,71000.0,637000.0
1498,HDIP000795,SKU-NOW-1073,1,216000.0,15.0,32000.0,184000.0
1499,HDIP000796,SKU-TEE-1112,3,339000.0,0.0,0.0,1017000.0
1500,HDIP000796,SKU-TEE-1066,1,230000.0,10.0,23000.0,207000.0
1501,HDIP000797,SKU-TEE-1027,1,339000.0,10.0,34000.0,305000.0
1502,HDIP000797,SKU-SWE-1024,1,753000.0,15.0,113000.0,640000.0
1503,HDIP000798,SKU-THE-1029,1,475000.0,0.0,0.0,475000.0
1504,HDIP000799,SKU-DKM-1038,1,228000.0,0.0,0.0,228000.0
1505,HDIP000799,SKU-DIR-1006,2,416000.0,0.0,0.0,832000.0
1506,HDIP000800,SKU-DKM-1045,1,524000.0,0.0,0.0,524000.0
1507,HDIP000801,SKU-THE-1053,1,675000.0,0.0,0.0,675000.0
1508,HDIP000801,SKU-TEE-1115,3,227000.0,15.0,102000.0,579000.0
1509,HDIP000802,SKU-TEE-1003,1,244000.0,10.0,24000.0,220000.0
1510,HDIP000803,SKU-COO-1033,1,281000.0,0.0,0.0,281000.0
1511,HDIP000803,SKU-TEE-1112,2,339000.0,0.0,0.0,678000.0
1512,HDIP000803,SKU-NOW-1081,1,420000.0,0.0,0.0,420000.0
1513,HDIP000803,SKU-DIR-1082,1,382000.0,5.0,19000.0,363000.0
1514,HDIP000804,SKU-TEE-1062,1,326000.0,0.0,0.0,326000.0
1515,HDIP000805,SKU-NOW-1094,1,308000.0,0.0,0.0,308000.0
1516,HDIP000805,SKU-SWE-1024,1,753000.0,0.0,0.0,753000.0
1517,HDIP000806,SKU-BAD-1055,1,472000.0,15.0,71000.0,401000.0
1518,HDIP000807,SKU-DIR-1104,1,605000.0,5.0,30000.0,575000.0
1519,HDIP000807,SKU-SWE-1002,1,401000.0,0.0,0.0,401000.0
1520,HDIP000808,SKU-NOW-1099,1,356000.0,0.0,0.0,356000.0
1521,HDIP000809,SKU-BAD-1105,2,403000.0,0.0,0.0,806000.0
1522,HDIP000809,SKU-DIR-1044,1,443000.0,5.0,22000.0,421000.0
1523,HDIP000810,SKU-TEE-1020,1,190000.0,10.0,19000.0,171000.0
1524,HDIP000811,SKU-DIR-1014,1,715000.0,5.0,36000.0,679000.0
1525,HDIP000811,SKU-SWE-1070,1,718000.0,0.0,0.0,718000.0
1526,HDIP000811,SKU-DKM-1038,1,228000.0,5.0,11000.0,217000.0
1527,HDIP000812,SKU-DIR-1113,1,595000.0,15.0,89000.0,506000.0
1528,HDIP000813,SKU-COO-1037,1,132000.0,10.0,13000.0,119000.0
1529,HDIP000814,SKU-BAD-1023,1,751000.0,10.0,75000.0,676000.0
1530,HDIP000814,SKU-BAD-1055,1,472000.0,5.0,24000.0,448000.0
1531,HDIP000815,SKU-DIR-1014,1,715000.0,5.0,36000.0,679000.0
1532,HDIP000816,SKU-BAD-1111,1,611000.0,0.0,0.0,611000.0
1533,HDIP000816,SKU-DIR-1120,1,510000.0,5.0,26000.0,484000.0
1534,HDIP000816,SKU-TEE-1020,1,190000.0,5.0,10000.0,180000.0
1535,HDIP000817,SKU-SWE-1042,3,535000.0,0.0,0.0,1605000.0
1536,HDIP000818,SKU-THE-1053,1,675000.0,0.0,0.0,675000.0
1537,HDIP000818,SKU-NOW-1078,1,415000.0,15.0,62000.0,353000.0
1538,HDIP000819,SKU-BAD-1064,1,515000.0,0.0,0.0,515000.0
1539,HDIP000819,SKU-BAD-1069,1,415000.0,10.0,42000.0,373000.0
1540,HDIP000820,SKU-TEE-1031,1,290000.0,0.0,0.0,290000.0
1541,HDIP000820,SKU-DIR-1047,1,320000.0,5.0,16000.0,304000.0
1542,HDIP000821,SKU-BAD-1111,1,611000.0,5.0,31000.0,580000.0
1543,HDIP000821,SKU-NOW-1100,1,229000.0,10.0,23000.0,206000.0
1544,HDIP000821,SKU-BAD-1105,3,403000.0,5.0,60000.0,1149000.0
1545,HDIP000822,SKU-TEE-1016,1,220000.0,5.0,11000.0,209000.0
1546,HDIP000822,SKU-BAD-1090,1,475000.0,15.0,71000.0,404000.0
1547,HDIP000823,SKU-TEE-1010,2,240000.0,0.0,0.0,480000.0
1548,HDIP000823,SKU-TEE-1062,1,326000.0,0.0,0.0,326000.0
1549,HDIP000824,SKU-BAD-1105,1,403000.0,0.0,0.0,403000.0
1550,HDIP000824,SKU-DIR-1054,1,349000.0,0.0,0.0,349000.0
1551,HDIP000825,SKU-BAD-1057,1,664000.0,0.0,0.0,664000.0
1552,HDIP000825,SKU-SWE-1101,1,757000.0,0.0,0.0,757000.0
1553,HDIP000826,SKU-SWE-1002,2,401000.0,15.0,120000.0,682000.0
1554,HDIP000826,SKU-TEE-1051,2,201000.0,5.0,20000.0,382000.0
1555,HDIP000827,SKU-BAD-1055,1,472000.0,0.0,0.0,472000.0
1556,HDIP000827,SKU-DIR-1120,1,510000.0,0.0,0.0,510000.0
1557,HDIP000828,SKU-DIR-1106,1,353000.0,10.0,35000.0,318000.0
1558,HDIP000829,SKU-DKM-1084,1,625000.0,5.0,31000.0,594000.0
1559,HDIP000829,SKU-COO-1083,1,284000.0,0.0,0.0,284000.0
1560,HDIP000830,SKU-DIR-1047,1,320000.0,0.0,0.0,320000.0
1561,HDIP000831,SKU-SWE-1077,1,418000.0,0.0,0.0,418000.0
1562,HDIP000832,SKU-SWE-1011,3,375000.0,10.0,112000.0,1013000.0
1563,HDIP000833,SKU-NOW-1012,2,355000.0,0.0,0.0,710000.0
1564,HDIP000834,SKU-TEE-1051,1,201000.0,0.0,0.0,201000.0
1565,HDIP000835,SKU-NOW-1100,1,229000.0,5.0,11000.0,218000.0
1566,HDIP000835,SKU-TEE-1020,1,190000.0,0.0,0.0,190000.0
1567,HDIP000836,SKU-NOW-1081,1,420000.0,15.0,63000.0,357000.0
1568,HDIP000837,SKU-COO-1021,3,112000.0,10.0,34000.0,302000.0
1569,HDIP000837,SKU-DIR-1065,1,426000.0,0.0,0.0,426000.0
1570,HDIP000837,SKU-TSU-1067,1,608000.0,0.0,0.0,608000.0
1571,HDIP000838,SKU-TSU-1092,1,708000.0,5.0,35000.0,673000.0
1572,HDIP000839,SKU-NOW-1073,2,216000.0,0.0,0.0,432000.0
1573,HDIP000839,SKU-NOW-1081,1,420000.0,0.0,0.0,420000.0
1574,HDIP000839,SKU-BAD-1064,1,515000.0,0.0,0.0,515000.0
1575,HDIP000839,SKU-THE-1013,1,387000.0,5.0,19000.0,368000.0
1576,HDIP000840,SKU-BAD-1074,1,487000.0,0.0,0.0,487000.0
1577,HDIP000841,SKU-COO-1033,2,281000.0,0.0,0.0,562000.0
1578,HDIP000841,SKU-NOW-1098,3,393000.0,5.0,59000.0,1120000.0
1579,HDIP000841,SKU-DIR-1113,1,595000.0,0.0,0.0,595000.0
1580,HDIP000841,SKU-BAD-1057,1,664000.0,10.0,66000.0,598000.0
1581,HDIP000841,SKU-DKM-1084,2,625000.0,0.0,0.0,1250000.0
1582,HDIP000842,SKU-TEE-1088,1,274000.0,5.0,14000.0,260000.0
1583,HDIP000843,SKU-TEE-1032,2,278000.0,0.0,0.0,556000.0
1584,HDIP000843,SKU-BAD-1090,1,475000.0,0.0,0.0,475000.0
1585,HDIP000844,SKU-THE-1029,1,475000.0,0.0,0.0,475000.0
1586,HDIP000844,SKU-NOW-1050,1,245000.0,5.0,12000.0,233000.0
1587,HDIP000844,SKU-TEE-1112,1,339000.0,5.0,17000.0,322000.0
1588,HDIP000845,SKU-NOW-1026,1,240000.0,0.0,0.0,240000.0
1589,HDIP000845,SKU-NOW-1052,3,425000.0,5.0,64000.0,1211000.0
1590,HDIP000845,SKU-DKM-1043,1,592000.0,15.0,89000.0,503000.0
1591,HDIP000846,SKU-DKM-1061,1,205000.0,0.0,0.0,205000.0
1592,HDIP000846,SKU-SWE-1019,1,423000.0,10.0,42000.0,381000.0
1593,HDIP000847,SKU-DIR-1028,1,536000.0,0.0,0.0,536000.0
1594,HDIP000847,SKU-DIR-1007,1,631000.0,0.0,0.0,631000.0
1595,HDIP000847,SKU-TEE-1112,1,339000.0,0.0,0.0,339000.0
1596,HDIP000847,SKU-TEE-1003,1,244000.0,0.0,0.0,244000.0
1597,HDIP000847,SKU-NOW-1098,1,393000.0,15.0,59000.0,334000.0
1598,HDIP000848,SKU-DIR-1007,1,631000.0,5.0,32000.0,599000.0
1599,HDIP000849,SKU-DIR-1054,1,349000.0,10.0,35000.0,314000.0
1600,HDIP000850,SKU-TSU-1072,1,352000.0,0.0,0.0,352000.0
1601,HDIP000850,SKU-SWE-1101,1,757000.0,10.0,76000.0,681000.0
1602,HDIP000850,SKU-TEE-1115,1,227000.0,0.0,0.0,227000.0
1603,HDIP000851,SKU-TEE-1059,2,177000.0,5.0,18000.0,336000.0
1604,HDIP000852,SKU-DIR-1093,1,544000.0,5.0,27000.0,517000.0
1605,HDIP000853,SKU-TSU-1096,3,405000.0,5.0,61000.0,1154000.0
1606,HDIP000854,SKU-TEE-1027,3,339000.0,15.0,153000.0,864000.0
1607,HDIP000855,SKU-TEE-1040,1,172000.0,0.0,0.0,172000.0
1608,HDIP000856,SKU-TEE-1107,1,179000.0,10.0,18000.0,161000.0
1609,HDIP000857,SKU-BAD-1023,1,751000.0,0.0,0.0,751000.0
1610,HDIP000858,SKU-BAD-1090,2,475000.0,0.0,0.0,950000.0
1611,HDIP000858,SKU-DKM-1080,3,498000.0,0.0,0.0,1494000.0
1612,HDIP000859,SKU-TSU-1096,1,405000.0,10.0,40000.0,365000.0
1613,HDIP000860,SKU-TSU-1110,1,633000.0,5.0,32000.0,601000.0
1614,HDIP000860,SKU-DIR-1054,1,349000.0,0.0,0.0,349000.0
1615,HDIP000861,SKU-DIR-1106,1,353000.0,15.0,53000.0,300000.0
1616,HDIP000862,SKU-DIR-1035,1,555000.0,0.0,0.0,555000.0
1617,HDIP000862,SKU-DIR-1113,2,595000.0,5.0,60000.0,1130000.0
1618,HDIP000863,SKU-TEE-1020,1,190000.0,10.0,19000.0,171000.0
1619,HDIP000864,SKU-TEE-1051,1,201000.0,15.0,30000.0,171000.0
1620,HDIP000865,SKU-DIR-1082,1,382000.0,15.0,57000.0,325000.0
1621,HDIP000866,SKU-THE-1013,1,387000.0,0.0,0.0,387000.0
1622,HDIP000867,SKU-NOW-1081,2,420000.0,0.0,0.0,840000.0
1623,HDIP000867,SKU-THE-1118,2,434000.0,0.0,0.0,868000.0
1624,HDIP000867,SKU-TSU-1034,1,385000.0,0.0,0.0,385000.0
1625,HDIP000868,SKU-DKM-1091,1,657000.0,0.0,0.0,657000.0
1626,HDIP000869,SKU-NOW-1100,1,229000.0,15.0,34000.0,195000.0
1627,HDIP000869,SKU-SWE-1046,2,566000.0,0.0,0.0,1132000.0
1628,HDIP000870,SKU-NOW-1085,1,210000.0,0.0,0.0,210000.0
1629,HDIP000870,SKU-DIR-1007,1,631000.0,15.0,95000.0,536000.0
1630,HDIP000870,SKU-TEE-1036,3,296000.0,0.0,0.0,888000.0
1631,HDIP000871,SKU-COO-1037,1,132000.0,0.0,0.0,132000.0
1632,HDIP000872,SKU-THE-1063,1,472000.0,5.0,24000.0,448000.0
1633,HDIP000873,SKU-TEE-1049,1,226000.0,5.0,11000.0,215000.0
1634,HDIP000873,SKU-SWE-1114,2,615000.0,0.0,0.0,1230000.0
1635,HDIP000874,SKU-DIR-1044,3,443000.0,5.0,66000.0,1263000.0
1636,HDIP000875,SKU-COO-1033,1,281000.0,10.0,28000.0,253000.0
1637,HDIP000875,SKU-DIR-1119,1,693000.0,0.0,0.0,693000.0
1638,HDIP000876,SKU-TSU-1015,1,292000.0,0.0,0.0,292000.0
1639,HDIP000876,SKU-TEE-1116,1,270000.0,15.0,40000.0,230000.0
1640,HDIP000876,SKU-DIR-1028,1,536000.0,0.0,0.0,536000.0
1641,HDIP000877,SKU-TSU-1071,1,610000.0,5.0,30000.0,580000.0
1642,HDIP000878,SKU-NOW-1026,1,240000.0,15.0,36000.0,204000.0
1643,HDIP000879,SKU-TEE-1027,3,339000.0,5.0,51000.0,966000.0
1644,HDIP000880,SKU-DKM-1080,1,498000.0,0.0,0.0,498000.0
1645,HDIP000880,SKU-DIR-1014,1,715000.0,0.0,0.0,715000.0
1646,HDIP000880,SKU-NOW-1078,2,415000.0,0.0,0.0,830000.0
1647,HDIP000881,SKU-DKM-1038,2,228000.0,15.0,68000.0,388000.0
1648,HDIP000881,SKU-NOW-1078,3,415000.0,10.0,124000.0,1121000.0
1649,HDIP000882,SKU-BAD-1055,1,472000.0,0.0,0.0,472000.0
1650,HDIP000882,SKU-DKM-1102,1,454000.0,0.0,0.0,454000.0
1651,HDIP000882,SKU-SWE-1024,1,753000.0,0.0,0.0,753000.0
1652,HDIP000883,SKU-DIR-1028,1,536000.0,0.0,0.0,536000.0
1653,HDIP000883,SKU-DIR-1060,2,655000.0,10.0,131000.0,1179000.0
1654,HDIP000884,SKU-DIR-1014,1,715000.0,10.0,72000.0,643000.0
1655,HDIP000884,SKU-TSU-1072,2,352000.0,15.0,106000.0,598000.0
1656,HDIP000885,SKU-COO-1056,2,275000.0,0.0,0.0,550000.0
1657,HDIP000885,SKU-COO-1041,1,371000.0,5.0,19000.0,352000.0
1658,HDIP000886,SKU-TEE-1022,1,252000.0,10.0,25000.0,227000.0
1659,HDIP000887,SKU-SWE-1101,2,757000.0,0.0,0.0,1514000.0
1660,HDIP000888,SKU-THE-1118,1,434000.0,0.0,0.0,434000.0
1661,HDIP000888,SKU-THE-1068,1,496000.0,0.0,0.0,496000.0
1662,HDIP000888,SKU-DIR-1006,2,416000.0,5.0,42000.0,790000.0
1663,HDIP000889,SKU-NOW-1100,1,229000.0,10.0,23000.0,206000.0
1664,HDIP000890,SKU-COO-1083,1,284000.0,0.0,0.0,284000.0
1665,HDIP000890,SKU-DIR-1117,2,397000.0,0.0,0.0,794000.0
1666,HDIP000891,SKU-SWE-1042,2,535000.0,15.0,160000.0,910000.0
1667,HDIP000892,SKU-DIR-1104,2,605000.0,10.0,121000.0,1089000.0
1668,HDIP000892,SKU-TSU-1048,3,485000.0,15.0,218000.0,1237000.0
1669,HDIP000893,SKU-TEE-1039,1,301000.0,0.0,0.0,301000.0
1670,HDIP000894,SKU-THE-1075,1,503000.0,0.0,0.0,503000.0
1671,HDIP000894,SKU-TEE-1059,1,177000.0,5.0,9000.0,168000.0
1672,HDIP000894,SKU-TEE-1016,1,220000.0,15.0,33000.0,187000.0
1673,HDIP000894,SKU-COO-1017,1,85000.0,10.0,8000.0,77000.0
1674,HDIP000895,SKU-SWE-1042,1,535000.0,0.0,0.0,535000.0
1675,HDIP000895,SKU-NOW-1099,1,356000.0,0.0,0.0,356000.0
1676,HDIP000895,SKU-NOW-1094,1,308000.0,0.0,0.0,308000.0
1677,HDIP000895,SKU-TEE-1062,1,326000.0,15.0,49000.0,277000.0
1678,HDIP000895,SKU-THE-1029,2,475000.0,15.0,142000.0,808000.0
1679,HDIP000896,SKU-DIR-1028,1,536000.0,5.0,27000.0,509000.0
1680,HDIP000897,SKU-NOW-1098,2,393000.0,0.0,0.0,786000.0
1681,HDIP000897,SKU-THE-1068,1,496000.0,15.0,74000.0,422000.0
1682,HDIP000897,SKU-TEE-1066,1,230000.0,10.0,23000.0,207000.0
1683,HDIP000898,SKU-TEE-1112,1,339000.0,0.0,0.0,339000.0
1684,HDIP000898,SKU-DKM-1080,1,498000.0,0.0,0.0,498000.0
1685,HDIP000898,SKU-TEE-1066,1,230000.0,10.0,23000.0,207000.0
1686,HDIP000898,SKU-NOW-1026,1,240000.0,0.0,0.0,240000.0
1687,HDIP000898,SKU-NOW-1100,1,229000.0,0.0,0.0,229000.0
1688,HDIP000899,SKU-DKM-1061,1,205000.0,5.0,10000.0,195000.0
1689,HDIP000900,SKU-DIR-1028,1,536000.0,10.0,54000.0,482000.0
1690,HDIP000901,SKU-THE-1013,1,387000.0,5.0,19000.0,368000.0
1691,HDIP000902,SKU-TEE-1036,1,296000.0,5.0,15000.0,281000.0
1692,HDIP000903,SKU-TSU-1015,1,292000.0,0.0,0.0,292000.0
1693,HDIP000903,SKU-THE-1029,1,475000.0,0.0,0.0,475000.0
1694,HDIP000904,SKU-BAD-1090,1,475000.0,0.0,0.0,475000.0
1695,HDIP000904,SKU-TSU-1092,1,708000.0,15.0,106000.0,602000.0
1696,HDIP000904,SKU-NOW-1052,1,425000.0,0.0,0.0,425000.0
1697,HDIP000905,SKU-COO-1037,1,132000.0,0.0,0.0,132000.0
1698,HDIP000905,SKU-NOW-1094,1,308000.0,15.0,46000.0,262000.0
1699,HDIP000906,SKU-TEE-1088,1,274000.0,0.0,0.0,274000.0
1700,HDIP000907,SKU-TEE-1003,1,244000.0,0.0,0.0,244000.0
1701,HDIP000908,SKU-THE-1075,1,503000.0,0.0,0.0,503000.0
1702,HDIP000908,SKU-BAD-1001,1,447000.0,0.0,0.0,447000.0
1703,HDIP000908,SKU-THE-1063,1,472000.0,0.0,0.0,472000.0
1704,HDIP000908,SKU-TEE-1112,2,339000.0,10.0,68000.0,610000.0
1705,HDIP000909,SKU-SWE-1103,1,683000.0,5.0,34000.0,649000.0
1706,HDIP000910,SKU-COO-1033,1,281000.0,0.0,0.0,281000.0
1707,HDIP000910,SKU-DIR-1047,1,320000.0,0.0,0.0,320000.0
1708,HDIP000911,SKU-TEE-1088,1,274000.0,15.0,41000.0,233000.0
1709,HDIP000912,SKU-DIR-1004,1,419000.0,15.0,63000.0,356000.0
1710,HDIP000913,SKU-TEE-1049,2,226000.0,15.0,68000.0,384000.0
1711,HDIP000913,SKU-DIR-1082,1,382000.0,5.0,19000.0,363000.0
1712,HDIP000913,SKU-DIR-1014,3,715000.0,10.0,214000.0,1931000.0
1713,HDIP000913,SKU-TEE-1036,1,296000.0,15.0,44000.0,252000.0
1714,HDIP000914,SKU-TEE-1036,1,296000.0,15.0,44000.0,252000.0
1715,HDIP000914,SKU-TEE-1040,1,172000.0,10.0,17000.0,155000.0
1716,HDIP000914,SKU-NOW-1025,1,438000.0,5.0,22000.0,416000.0
1717,HDIP000914,SKU-DIR-1006,1,416000.0,0.0,0.0,416000.0
1718,HDIP000915,SKU-TEE-1020,3,190000.0,10.0,57000.0,513000.0
1719,HDIP000915,SKU-TSU-1067,1,608000.0,0.0,0.0,608000.0
1720,HDIP000916,SKU-DIR-1006,1,416000.0,10.0,42000.0,374000.0
1721,HDIP000917,SKU-NOW-1085,2,210000.0,0.0,0.0,420000.0
1722,HDIP000918,SKU-TSU-1092,1,708000.0,10.0,71000.0,637000.0
1723,HDIP000918,SKU-DIR-1035,2,555000.0,0.0,0.0,1110000.0
1724,HDIP000918,SKU-SWE-1019,1,423000.0,5.0,21000.0,402000.0
1725,HDIP000918,SKU-NOW-1094,2,308000.0,0.0,0.0,616000.0
1726,HDIP000919,SKU-THE-1013,1,387000.0,0.0,0.0,387000.0
1727,HDIP000919,SKU-TEE-1115,1,227000.0,5.0,11000.0,216000.0
1728,HDIP000919,SKU-TSU-1034,1,385000.0,0.0,0.0,385000.0
1729,HDIP000919,SKU-THE-1118,2,434000.0,0.0,0.0,868000.0
1730,HDIP000920,SKU-NOW-1026,1,240000.0,0.0,0.0,240000.0
1731,HDIP000921,SKU-TEE-1049,2,226000.0,5.0,23000.0,429000.0
1732,HDIP000921,SKU-SWE-1101,1,757000.0,10.0,76000.0,681000.0
1733,HDIP000922,SKU-BAD-1055,1,472000.0,5.0,24000.0,448000.0
1734,HDIP000922,SKU-DIR-1060,1,655000.0,10.0,66000.0,589000.0
1735,HDIP000923,SKU-TEE-1039,1,301000.0,10.0,30000.0,271000.0
1736,HDIP000923,SKU-SWE-1101,1,757000.0,10.0,76000.0,681000.0
1737,HDIP000924,SKU-TEE-1051,1,201000.0,5.0,10000.0,191000.0
1738,HDIP000924,SKU-COO-1017,2,85000.0,10.0,17000.0,153000.0
1739,HDIP000924,SKU-NOW-1052,1,425000.0,0.0,0.0,425000.0
1740,HDIP000925,SKU-THE-1013,2,387000.0,10.0,77000.0,697000.0
1741,HDIP000926,SKU-BAD-1087,1,731000.0,0.0,0.0,731000.0
1742,HDIP000926,SKU-TEE-1066,1,230000.0,10.0,23000.0,207000.0
1743,HDIP000927,SKU-BAD-1087,1,731000.0,0.0,0.0,731000.0
1744,HDIP000928,SKU-NOW-1026,1,240000.0,0.0,0.0,240000.0
1745,HDIP000928,SKU-TSU-1015,1,292000.0,0.0,0.0,292000.0
1746,HDIP000929,SKU-TEE-1107,1,179000.0,0.0,0.0,179000.0
1747,HDIP000929,SKU-DIR-1065,2,426000.0,0.0,0.0,852000.0
1748,HDIP000930,SKU-TEE-1088,1,274000.0,0.0,0.0,274000.0
1749,HDIP000930,SKU-BAD-1057,1,664000.0,15.0,100000.0,564000.0
1750,HDIP000930,SKU-TSU-1110,1,633000.0,0.0,0.0,633000.0
1751,HDIP000931,SKU-DKM-1038,1,228000.0,10.0,23000.0,205000.0
1752,HDIP000931,SKU-COO-1086,1,365000.0,15.0,55000.0,310000.0
1753,HDIP000932,SKU-BAD-1105,1,403000.0,0.0,0.0,403000.0
1754,HDIP000932,SKU-BAD-1055,1,472000.0,10.0,47000.0,425000.0
1755,HDIP000933,SKU-TEE-1115,1,227000.0,0.0,0.0,227000.0
1756,HDIP000933,SKU-NOW-1085,2,210000.0,0.0,0.0,420000.0
1757,HDIP000934,SKU-COO-1021,1,112000.0,10.0,11000.0,101000.0
1758,HDIP000935,SKU-BAD-1023,1,751000.0,15.0,113000.0,638000.0
1759,HDIP000935,SKU-DKM-1084,1,625000.0,0.0,0.0,625000.0
1760,HDIP000936,SKU-NOW-1085,1,210000.0,15.0,32000.0,178000.0
1761,HDIP000936,SKU-TEE-1039,1,301000.0,5.0,15000.0,286000.0
1762,HDIP000936,SKU-DIR-1119,1,693000.0,0.0,0.0,693000.0
1763,HDIP000937,SKU-SWE-1042,1,535000.0,10.0,54000.0,481000.0
1764,HDIP000938,SKU-TSU-1110,1,633000.0,0.0,0.0,633000.0
1765,HDIP000939,SKU-TSU-1030,3,306000.0,15.0,138000.0,780000.0
1766,HDIP000940,SKU-DIR-1054,1,349000.0,0.0,0.0,349000.0
1767,HDIP000940,SKU-DIR-1119,1,693000.0,15.0,104000.0,589000.0
1768,HDIP000940,SKU-NOW-1009,1,277000.0,0.0,0.0,277000.0
1769,HDIP000941,SKU-BAD-1090,1,475000.0,0.0,0.0,475000.0
1770,HDIP000942,SKU-BAD-1057,1,664000.0,0.0,0.0,664000.0
1771,HDIP000943,SKU-DIR-1004,1,419000.0,15.0,63000.0,356000.0
1772,HDIP000944,SKU-THE-1053,1,675000.0,0.0,0.0,675000.0
1773,HDIP000945,SKU-TEE-1027,1,339000.0,5.0,17000.0,322000.0
1774,HDIP000946,SKU-BAD-1057,1,664000.0,0.0,0.0,664000.0
1775,HDIP000946,SKU-BAD-1055,1,472000.0,0.0,0.0,472000.0
1776,HDIP000946,SKU-NOW-1081,1,420000.0,0.0,0.0,420000.0
1777,HDIP000947,SKU-DKM-1043,1,592000.0,0.0,0.0,592000.0
1778,HDIP000947,SKU-TEE-1003,2,244000.0,0.0,0.0,488000.0
1779,HDIP000948,SKU-TEE-1010,2,240000.0,10.0,48000.0,432000.0
1780,HDIP000948,SKU-BAD-1069,1,415000.0,5.0,21000.0,394000.0
1781,HDIP000948,SKU-BAD-1074,1,487000.0,10.0,49000.0,438000.0
1782,HDIP000948,SKU-TEE-1031,1,290000.0,0.0,0.0,290000.0
1783,HDIP000949,SKU-DIR-1054,1,349000.0,0.0,0.0,349000.0
1784,HDIP000950,SKU-NOW-1085,1,210000.0,0.0,0.0,210000.0
1785,HDIP000950,SKU-DIR-1117,2,397000.0,10.0,79000.0,715000.0
1786,HDIP000950,SKU-DIR-1113,2,595000.0,15.0,178000.0,1012000.0
1787,HDIP000950,SKU-DIR-1008,2,432000.0,0.0,0.0,864000.0
1788,HDIP000951,SKU-TEE-1062,1,326000.0,0.0,0.0,326000.0
1789,HDIP000951,SKU-COO-1017,1,85000.0,10.0,8000.0,77000.0
1790,HDIP000951,SKU-DIR-1035,1,555000.0,0.0,0.0,555000.0
1791,HDIP000952,SKU-DIR-1004,1,419000.0,10.0,42000.0,377000.0
1792,HDIP000952,SKU-NOW-1100,2,229000.0,15.0,69000.0,389000.0
1793,HDIP000952,SKU-SWE-1101,1,757000.0,0.0,0.0,757000.0
1794,HDIP000952,SKU-DIR-1104,1,605000.0,0.0,0.0,605000.0
1795,HDIP000953,SKU-BAD-1055,1,472000.0,0.0,0.0,472000.0
1796,HDIP000954,SKU-DIR-1044,1,443000.0,0.0,0.0,443000.0
1797,HDIP000955,SKU-TSU-1096,1,405000.0,10.0,40000.0,365000.0
1798,HDIP000956,SKU-TEE-1010,1,240000.0,0.0,0.0,240000.0
1799,HDIP000956,SKU-DIR-1008,1,432000.0,0.0,0.0,432000.0
1800,HDIP000956,SKU-COO-1017,1,85000.0,0.0,0.0,85000.0
1801,HDIP000957,SKU-NOW-1085,1,210000.0,10.0,21000.0,189000.0
1802,HDIP000957,SKU-TEE-1010,1,240000.0,15.0,36000.0,204000.0
1803,HDIP000958,SKU-NOW-1100,1,229000.0,10.0,23000.0,206000.0
1804,HDIP000958,SKU-TSU-1071,2,610000.0,0.0,0.0,1220000.0
1805,HDIP000958,SKU-DKM-1038,1,228000.0,10.0,23000.0,205000.0
1806,HDIP000958,SKU-TEE-1112,1,339000.0,0.0,0.0,339000.0
1807,HDIP000959,SKU-DIR-1117,1,397000.0,10.0,40000.0,357000.0
1808,HDIP000960,SKU-DIR-1093,2,544000.0,0.0,0.0,1088000.0
1809,HDIP000961,SKU-TEE-1003,1,244000.0,10.0,24000.0,220000.0
1810,HDIP000961,SKU-BAD-1064,1,515000.0,0.0,0.0,515000.0
1811,HDIP000961,SKU-DIR-1108,1,400000.0,10.0,40000.0,360000.0
1812,HDIP000961,SKU-TEE-1005,1,133000.0,0.0,0.0,133000.0
1813,HDIP000962,SKU-SWE-1024,1,753000.0,10.0,75000.0,678000.0
1814,HDIP000963,SKU-DIR-1117,1,397000.0,0.0,0.0,397000.0
1815,HDIP000963,SKU-NOW-1078,2,415000.0,10.0,83000.0,747000.0
1816,HDIP000963,SKU-BAD-1097,1,438000.0,0.0,0.0,438000.0
1817,HDIP000963,SKU-TEE-1115,1,227000.0,10.0,23000.0,204000.0
1818,HDIP000964,SKU-DIR-1093,1,544000.0,10.0,54000.0,490000.0
1819,HDIP000964,SKU-DIR-1120,1,510000.0,10.0,51000.0,459000.0
1820,HDIP000965,SKU-DIR-1060,1,655000.0,0.0,0.0,655000.0
1821,HDIP000965,SKU-TSU-1096,1,405000.0,15.0,61000.0,344000.0
1822,HDIP000965,SKU-DIR-1119,3,693000.0,0.0,0.0,2079000.0
1823,HDIP000965,SKU-TEE-1031,3,290000.0,10.0,87000.0,783000.0
1824,HDIP000966,SKU-DIR-1047,1,320000.0,15.0,48000.0,272000.0
1825,HDIP000966,SKU-DIR-1035,2,555000.0,10.0,111000.0,999000.0
1826,HDIP000967,SKU-DIR-1109,1,341000.0,5.0,17000.0,324000.0
1827,HDIP000967,SKU-BAD-1023,1,751000.0,0.0,0.0,751000.0
1828,HDIP000967,SKU-BAD-1057,3,664000.0,5.0,100000.0,1892000.0
1829,HDIP000968,SKU-SWE-1011,2,375000.0,10.0,75000.0,675000.0
1830,HDIP000968,SKU-TEE-1036,1,296000.0,0.0,0.0,296000.0
1831,HDIP000969,SKU-COO-1017,1,85000.0,10.0,8000.0,77000.0
1832,HDIP000969,SKU-TSU-1030,1,306000.0,0.0,0.0,306000.0
1833,HDIP000969,SKU-NOW-1081,1,420000.0,0.0,0.0,420000.0
1834,HDIP000970,SKU-TSU-1092,1,708000.0,15.0,106000.0,602000.0
1835,HDIP000971,SKU-DIR-1006,1,416000.0,0.0,0.0,416000.0
1836,HDIP000971,SKU-SWE-1077,1,418000.0,5.0,21000.0,397000.0
1837,HDIP000972,SKU-TSU-1048,2,485000.0,15.0,146000.0,824000.0
1838,HDIP000973,SKU-SWE-1042,1,535000.0,0.0,0.0,535000.0
1839,HDIP000974,SKU-DKM-1038,1,228000.0,0.0,0.0,228000.0
1840,HDIP000974,SKU-DKM-1080,1,498000.0,0.0,0.0,498000.0
1841,HDIP000975,SKU-TEE-1066,1,230000.0,10.0,23000.0,207000.0
1842,HDIP000975,SKU-TSU-1092,1,708000.0,0.0,0.0,708000.0
1843,HDIP000975,SKU-NOW-1100,1,229000.0,10.0,23000.0,206000.0
1844,HDIP000976,SKU-DKM-1084,3,625000.0,0.0,0.0,1875000.0
1845,HDIP000976,SKU-SWE-1011,1,375000.0,10.0,38000.0,337000.0
1846,HDIP000976,SKU-TEE-1010,1,240000.0,15.0,36000.0,204000.0
1847,HDIP000977,SKU-NOW-1085,1,210000.0,0.0,0.0,210000.0
1848,HDIP000977,SKU-THE-1068,1,496000.0,10.0,50000.0,446000.0
1849,HDIP000978,SKU-COO-1041,1,371000.0,0.0,0.0,371000.0
1850,HDIP000979,SKU-TSU-1072,1,352000.0,0.0,0.0,352000.0
1851,HDIP000980,SKU-TSU-1030,2,306000.0,0.0,0.0,612000.0
1852,HDIP000980,SKU-NOW-1073,2,216000.0,0.0,0.0,432000.0
1853,HDIP000980,SKU-DIR-1106,1,353000.0,5.0,18000.0,335000.0
1854,HDIP000981,SKU-DIR-1044,1,443000.0,5.0,22000.0,421000.0
1855,HDIP000981,SKU-COO-1041,1,371000.0,0.0,0.0,371000.0
1856,HDIP000981,SKU-TEE-1016,1,220000.0,15.0,33000.0,187000.0
1857,HDIP000982,SKU-DIR-1054,1,349000.0,10.0,35000.0,314000.0
1858,HDIP000983,SKU-DIR-1004,3,419000.0,0.0,0.0,1257000.0
1859,HDIP000983,SKU-NOW-1089,1,313000.0,10.0,31000.0,282000.0
1860,HDIP000983,SKU-TEE-1022,2,252000.0,5.0,25000.0,479000.0
1861,HDIP000984,SKU-TEE-1016,2,220000.0,0.0,0.0,440000.0
1862,HDIP000984,SKU-DIR-1044,1,443000.0,10.0,44000.0,399000.0
1863,HDIP000985,SKU-DIR-1117,1,397000.0,5.0,20000.0,377000.0
1864,HDIP000985,SKU-THE-1053,1,675000.0,5.0,34000.0,641000.0
1865,HDIP000985,SKU-NOW-1081,1,420000.0,15.0,63000.0,357000.0
1866,HDIP000985,SKU-BAD-1058,1,430000.0,10.0,43000.0,387000.0
1867,HDIP000986,SKU-TEE-1059,1,177000.0,0.0,0.0,177000.0
1868,HDIP000986,SKU-TEE-1049,1,226000.0,10.0,23000.0,203000.0
1869,HDIP000987,SKU-DIR-1007,1,631000.0,10.0,63000.0,568000.0
1870,HDIP000987,SKU-NOW-1073,1,216000.0,5.0,11000.0,205000.0
1871,HDIP000988,SKU-DIR-1006,3,416000.0,0.0,0.0,1248000.0
1872,HDIP000988,SKU-BAD-1105,1,403000.0,0.0,0.0,403000.0
1873,HDIP000988,SKU-DIR-1095,1,388000.0,10.0,39000.0,349000.0
1874,HDIP000988,SKU-DIR-1113,1,595000.0,0.0,0.0,595000.0
1875,HDIP000989,SKU-THE-1029,1,475000.0,0.0,0.0,475000.0
1876,HDIP000989,SKU-SWE-1114,3,615000.0,0.0,0.0,1845000.0
1877,HDIP000990,SKU-DIR-1108,1,400000.0,0.0,0.0,400000.0
1878,HDIP000991,SKU-TEE-1107,2,179000.0,0.0,0.0,358000.0
1879,HDIP000992,SKU-TEE-1107,1,179000.0,0.0,0.0,179000.0
1880,HDIP000992,SKU-TEE-1059,1,177000.0,0.0,0.0,177000.0
1881,HDIP000993,SKU-TEE-1036,1,296000.0,0.0,0.0,296000.0
1882,HDIP000993,SKU-NOW-1094,2,308000.0,15.0,92000.0,524000.0
1883,HDIP000993,SKU-COO-1086,1,365000.0,15.0,55000.0,310000.0
1884,HDIP000994,SKU-NOW-1081,1,420000.0,15.0,63000.0,357000.0
1885,HDIP000995,SKU-DIR-1120,1,510000.0,10.0,51000.0,459000.0
1886,HDIP000996,SKU-NOW-1081,1,420000.0,0.0,0.0,420000.0
1887,HDIP000996,SKU-SWE-1002,1,401000.0,0.0,0.0,401000.0
1888,HDIP000996,SKU-TEE-1032,1,278000.0,5.0,14000.0,264000.0
1889,HDIP000996,SKU-BAD-1018,2,494000.0,15.0,148000.0,840000.0
1890,HDIP000997,SKU-TSU-1110,1,633000.0,0.0,0.0,633000.0
1891,HDIP000997,SKU-DIR-1093,1,544000.0,10.0,54000.0,490000.0
1892,HDIP000997,SKU-TSU-1096,1,405000.0,0.0,0.0,405000.0
1893,HDIP000997,SKU-DIR-1028,1,536000.0,15.0,80000.0,456000.0
1894,HDIP000998,SKU-TEE-1062,1,326000.0,0.0,0.0,326000.0
1895,HDIP000998,SKU-THE-1068,2,496000.0,0.0,0.0,992000.0
1896,HDIP000999,SKU-SWE-1070,1,718000.0,0.0,0.0,718000.0
1897,HDIP000999,SKU-TEE-1062,1,326000.0,0.0,0.0,326000.0
1898,HDIP001000,SKU-DIR-1060,3,655000.0,15.0,295000.0,1670000.0
1899,HDIP001001,SKU-TEE-1062,2,326000.0,10.0,65000.0,587000.0
1900,HDIP001001,SKU-DIR-1108,1,400000.0,0.0,0.0,400000.0
1901,HDIP001001,SKU-DIR-1104,1,605000.0,0.0,0.0,605000.0
1902,HDIP001002,SKU-SWE-1042,1,535000.0,5.0,27000.0,508000.0
1903,HDIP001002,SKU-TSU-1034,1,385000.0,5.0,19000.0,366000.0
1904,HDIP001003,SKU-THE-1029,1,475000.0,0.0,0.0,475000.0
1905,HDIP001003,SKU-DIR-1044,1,443000.0,5.0,22000.0,421000.0
1906,HDIP001004,SKU-TSU-1015,1,292000.0,10.0,29000.0,263000.0
1907,HDIP001004,SKU-COO-1079,1,368000.0,15.0,55000.0,313000.0
1908,HDIP001004,SKU-DKM-1043,1,592000.0,5.0,30000.0,562000.0
1909,HDIP001005,SKU-TSU-1071,1,610000.0,0.0,0.0,610000.0
1910,HDIP001005,SKU-NOW-1009,1,277000.0,0.0,0.0,277000.0
1911,HDIP001005,SKU-DKM-1084,3,625000.0,10.0,188000.0,1687000.0
1912,HDIP001006,SKU-DKM-1043,1,592000.0,0.0,0.0,592000.0
1913,HDIP001006,SKU-THE-1053,1,675000.0,0.0,0.0,675000.0
1914,HDIP001006,SKU-DIR-1028,1,536000.0,10.0,54000.0,482000.0
1915,HDIP001006,SKU-TSU-1071,1,610000.0,5.0,30000.0,580000.0
1916,HDIP001007,SKU-NOW-1081,1,420000.0,0.0,0.0,420000.0
1917,HDIP001008,SKU-COO-1017,1,85000.0,0.0,0.0,85000.0
1918,HDIP001008,SKU-BAD-1105,2,403000.0,0.0,0.0,806000.0
1919,HDIP001009,SKU-TSU-1096,2,405000.0,10.0,81000.0,729000.0
1920,HDIP001010,SKU-NOW-1078,2,415000.0,0.0,0.0,830000.0
1921,HDIP001011,SKU-NOW-1026,1,240000.0,15.0,36000.0,204000.0
1922,HDIP001012,SKU-THE-1053,1,675000.0,5.0,34000.0,641000.0
1923,HDIP001013,SKU-BAD-1064,1,515000.0,0.0,0.0,515000.0
1924,HDIP001014,SKU-DIR-1004,1,419000.0,5.0,21000.0,398000.0
1925,HDIP001014,SKU-TEE-1051,1,201000.0,10.0,20000.0,181000.0
1926,HDIP001015,SKU-SWE-1011,1,375000.0,5.0,19000.0,356000.0
1927,HDIP001015,SKU-THE-1013,1,387000.0,0.0,0.0,387000.0
1928,HDIP001015,SKU-TSU-1072,1,352000.0,10.0,35000.0,317000.0
1929,HDIP001016,SKU-BAD-1064,1,515000.0,0.0,0.0,515000.0
1930,HDIP001017,SKU-DIR-1035,1,555000.0,5.0,28000.0,527000.0
1931,HDIP001017,SKU-NOW-1089,1,313000.0,0.0,0.0,313000.0
1932,HDIP001017,SKU-TEE-1027,3,339000.0,0.0,0.0,1017000.0
1933,HDIP001018,SKU-BAD-1055,1,472000.0,0.0,0.0,472000.0
1934,HDIP001018,SKU-BAD-1090,1,475000.0,15.0,71000.0,404000.0
1935,HDIP001018,SKU-TEE-1010,1,240000.0,0.0,0.0,240000.0
1936,HDIP001018,SKU-TEE-1049,1,226000.0,0.0,0.0,226000.0
1937,HDIP001019,SKU-TEE-1112,1,339000.0,5.0,17000.0,322000.0
1938,HDIP001020,SKU-DIR-1113,1,595000.0,0.0,0.0,595000.0
1939,HDIP001020,SKU-BAD-1087,1,731000.0,0.0,0.0,731000.0
1940,HDIP001021,SKU-TEE-1027,1,339000.0,15.0,51000.0,288000.0
1941,HDIP001021,SKU-SWE-1103,1,683000.0,10.0,68000.0,615000.0
1942,HDIP001022,SKU-DIR-1093,1,544000.0,15.0,82000.0,462000.0
1943,HDIP001022,SKU-TSU-1110,2,633000.0,0.0,0.0,1266000.0
1944,HDIP001022,SKU-DIR-1119,1,693000.0,0.0,0.0,693000.0
1945,HDIP001022,SKU-BAD-1018,1,494000.0,0.0,0.0,494000.0
1946,HDIP001023,SKU-BAD-1069,1,415000.0,0.0,0.0,415000.0
1947,HDIP001023,SKU-TEE-1059,1,177000.0,10.0,18000.0,159000.0
1948,HDIP001024,SKU-SWE-1002,2,401000.0,0.0,0.0,802000.0
1949,HDIP001025,SKU-NOW-1052,1,425000.0,10.0,42000.0,383000.0
1950,HDIP001025,SKU-DIR-1120,1,510000.0,0.0,0.0,510000.0
1951,HDIP001026,SKU-TSU-1034,1,385000.0,0.0,0.0,385000.0
1952,HDIP001027,SKU-TSU-1110,1,633000.0,15.0,95000.0,538000.0
1953,HDIP001027,SKU-THE-1076,2,352000.0,15.0,106000.0,598000.0
1954,HDIP001028,SKU-NOW-1012,1,355000.0,5.0,18000.0,337000.0
1955,HDIP001028,SKU-DIR-1119,2,693000.0,0.0,0.0,1386000.0
1956,HDIP001028,SKU-SWE-1103,1,683000.0,0.0,0.0,683000.0
1957,HDIP001028,SKU-COO-1079,1,368000.0,5.0,18000.0,350000.0
1958,HDIP001028,SKU-SWE-1019,1,423000.0,5.0,21000.0,402000.0
1959,HDIP001029,SKU-TEE-1049,1,226000.0,5.0,11000.0,215000.0
1960,HDIP001029,SKU-NOW-1100,1,229000.0,10.0,23000.0,206000.0
1961,HDIP001030,SKU-DIR-1082,1,382000.0,5.0,19000.0,363000.0
1962,HDIP001030,SKU-TEE-1107,1,179000.0,5.0,9000.0,170000.0
1963,HDIP001030,SKU-TEE-1036,1,296000.0,0.0,0.0,296000.0
1964,HDIP001030,SKU-TSU-1092,1,708000.0,10.0,71000.0,637000.0
1965,HDIP001031,SKU-TSU-1110,1,633000.0,15.0,95000.0,538000.0
1966,HDIP001031,SKU-DIR-1060,1,655000.0,10.0,66000.0,589000.0
1967,HDIP001031,SKU-NOW-1099,1,356000.0,0.0,0.0,356000.0
1968,HDIP001032,SKU-THE-1068,1,496000.0,10.0,50000.0,446000.0
1969,HDIP001033,SKU-SWE-1002,1,401000.0,15.0,60000.0,341000.0
1970,HDIP001033,SKU-NOW-1078,1,415000.0,5.0,21000.0,394000.0
1971,HDIP001034,SKU-DIR-1008,3,432000.0,0.0,0.0,1296000.0
1972,HDIP001035,SKU-TSU-1096,2,405000.0,10.0,81000.0,729000.0
1973,HDIP001036,SKU-BAD-1023,2,751000.0,0.0,0.0,1502000.0
1974,HDIP001036,SKU-TEE-1112,1,339000.0,0.0,0.0,339000.0
1975,HDIP001037,SKU-TSU-1110,1,633000.0,0.0,0.0,633000.0
1976,HDIP001038,SKU-DIR-1109,2,341000.0,0.0,0.0,682000.0
1977,HDIP001038,SKU-TEE-1116,2,270000.0,10.0,54000.0,486000.0
1978,HDIP001038,SKU-COO-1041,1,371000.0,0.0,0.0,371000.0
1979,HDIP001039,SKU-COO-1086,1,365000.0,10.0,36000.0,329000.0
1980,HDIP001039,SKU-DIR-1008,1,432000.0,0.0,0.0,432000.0
1981,HDIP001039,SKU-NOW-1009,1,277000.0,5.0,14000.0,263000.0
1982,HDIP001040,SKU-TSU-1096,2,405000.0,0.0,0.0,810000.0
1983,HDIP001041,SKU-NOW-1073,2,216000.0,0.0,0.0,432000.0
1984,HDIP001042,SKU-NOW-1012,1,355000.0,10.0,36000.0,319000.0
1985,HDIP001043,SKU-TSU-1048,1,485000.0,15.0,73000.0,412000.0
1986,HDIP001044,SKU-DIR-1095,1,388000.0,5.0,19000.0,369000.0
1987,HDIP001044,SKU-COO-1017,1,85000.0,0.0,0.0,85000.0
1988,HDIP001045,SKU-NOW-1025,1,438000.0,0.0,0.0,438000.0
1989,HDIP001046,SKU-THE-1063,1,472000.0,0.0,0.0,472000.0
1990,HDIP001047,SKU-TEE-1088,1,274000.0,10.0,27000.0,247000.0
1991,HDIP001047,SKU-TEE-1107,1,179000.0,10.0,18000.0,161000.0
1992,HDIP001047,SKU-TEE-1022,1,252000.0,15.0,38000.0,214000.0
1993,HDIP001048,SKU-BAD-1090,3,475000.0,10.0,142000.0,1283000.0
1994,HDIP001049,SKU-TSU-1034,1,385000.0,0.0,0.0,385000.0
1995,HDIP001050,SKU-THE-1076,1,352000.0,10.0,35000.0,317000.0
1996,HDIP001051,SKU-NOW-1081,2,420000.0,0.0,0.0,840000.0
1997,HDIP001051,SKU-SWE-1046,1,566000.0,5.0,28000.0,538000.0
1998,HDIP001052,SKU-TEE-1040,1,172000.0,0.0,0.0,172000.0
1999,HDIP001052,SKU-COO-1021,1,112000.0,10.0,11000.0,101000.0
2000,HDIP001052,SKU-DIR-1060,1,655000.0,10.0,66000.0,589000.0
2001,HDIP001052,SKU-SWE-1070,1,718000.0,15.0,108000.0,610000.0
2002,HDIP001053,SKU-SWE-1077,1,418000.0,5.0,21000.0,397000.0
2003,HDIP001053,SKU-DIR-1044,1,443000.0,0.0,0.0,443000.0
2004,HDIP001054,SKU-NOW-1052,1,425000.0,0.0,0.0,425000.0
2005,HDIP001054,SKU-THE-1076,2,352000.0,15.0,106000.0,598000.0
2006,HDIP001054,SKU-DIR-1004,2,419000.0,0.0,0.0,838000.0
2007,HDIP001054,SKU-COO-1021,3,112000.0,10.0,34000.0,302000.0
2008,HDIP001055,SKU-TEE-1040,1,172000.0,5.0,9000.0,163000.0
2009,HDIP001055,SKU-DKM-1102,1,454000.0,0.0,0.0,454000.0
2010,HDIP001055,SKU-NOW-1099,1,356000.0,0.0,0.0,356000.0
2011,HDIP001055,SKU-SWE-1019,2,423000.0,0.0,0.0,846000.0
2012,HDIP001055,SKU-SWE-1103,1,683000.0,0.0,0.0,683000.0
2013,HDIP001056,SKU-TSU-1072,2,352000.0,0.0,0.0,704000.0
2014,HDIP001057,SKU-TEE-1088,1,274000.0,5.0,14000.0,260000.0
2015,HDIP001057,SKU-TEE-1051,1,201000.0,5.0,10000.0,191000.0
2016,HDIP001058,SKU-NOW-1098,2,393000.0,5.0,39000.0,747000.0
2017,HDIP001059,SKU-BAD-1069,1,415000.0,15.0,62000.0,353000.0
2018,HDIP001059,SKU-TEE-1010,1,240000.0,10.0,24000.0,216000.0
2019,HDIP001060,SKU-TSU-1048,1,485000.0,0.0,0.0,485000.0
2020,HDIP001060,SKU-DIR-1047,1,320000.0,5.0,16000.0,304000.0
2021,HDIP001060,SKU-DIR-1044,2,443000.0,15.0,133000.0,753000.0
2022,HDIP001061,SKU-COO-1056,1,275000.0,5.0,14000.0,261000.0
2023,HDIP001062,SKU-BAD-1087,2,731000.0,0.0,0.0,1462000.0
2024,HDIP001063,SKU-TEE-1107,1,179000.0,0.0,0.0,179000.0
2025,HDIP001063,SKU-DIR-1014,1,715000.0,15.0,107000.0,608000.0
2026,HDIP001064,SKU-COO-1017,1,85000.0,5.0,4000.0,81000.0
2027,HDIP001065,SKU-DIR-1007,1,631000.0,0.0,0.0,631000.0
2028,HDIP001066,SKU-TSU-1092,1,708000.0,0.0,0.0,708000.0
2029,HDIP001066,SKU-DKM-1043,1,592000.0,0.0,0.0,592000.0
2030,HDIP001066,SKU-DIR-1109,3,341000.0,10.0,102000.0,921000.0
2031,HDIP001067,SKU-DIR-1120,1,510000.0,0.0,0.0,510000.0
2032,HDIP001068,SKU-DIR-1060,1,655000.0,0.0,0.0,655000.0
2033,HDIP001069,SKU-DIR-1044,1,443000.0,0.0,0.0,443000.0
2034,HDIP001070,SKU-BAD-1058,1,430000.0,15.0,64000.0,366000.0
2035,HDIP001071,SKU-TEE-1051,1,201000.0,10.0,20000.0,181000.0
2036,HDIP001071,SKU-TEE-1032,1,278000.0,15.0,42000.0,236000.0
2037,HDIP001072,SKU-TEE-1059,1,177000.0,0.0,0.0,177000.0
2038,HDIP001073,SKU-TEE-1005,1,133000.0,15.0,20000.0,113000.0
2039,HDIP001074,SKU-DIR-1082,1,382000.0,5.0,19000.0,363000.0
2040,HDIP001075,SKU-COO-1056,1,275000.0,0.0,0.0,275000.0
2041,HDIP001075,SKU-TSU-1015,3,292000.0,10.0,88000.0,788000.0
2042,HDIP001075,SKU-DKM-1102,1,454000.0,0.0,0.0,454000.0
2043,HDIP001076,SKU-COO-1056,1,275000.0,0.0,0.0,275000.0
2044,HDIP001076,SKU-TEE-1036,1,296000.0,15.0,44000.0,252000.0
2045,HDIP001076,SKU-TSU-1096,1,405000.0,5.0,20000.0,385000.0
2046,HDIP001077,SKU-TEE-1003,1,244000.0,15.0,37000.0,207000.0
2047,HDIP001078,SKU-THE-1029,1,475000.0,0.0,0.0,475000.0
2048,HDIP001079,SKU-DIR-1082,1,382000.0,5.0,19000.0,363000.0
2049,HDIP001079,SKU-SWE-1077,1,418000.0,10.0,42000.0,376000.0
2050,HDIP001080,SKU-TEE-1020,1,190000.0,0.0,0.0,190000.0
2051,HDIP001080,SKU-DIR-1060,1,655000.0,0.0,0.0,655000.0
2052,HDIP001080,SKU-TSU-1110,1,633000.0,0.0,0.0,633000.0
2053,HDIP001081,SKU-TSU-1072,1,352000.0,15.0,53000.0,299000.0
2054,HDIP001081,SKU-DKM-1045,3,524000.0,0.0,0.0,1572000.0
2055,HDIP001082,SKU-DIR-1004,1,419000.0,0.0,0.0,419000.0
2056,HDIP001082,SKU-TEE-1020,1,190000.0,10.0,19000.0,171000.0
2057,HDIP001083,SKU-THE-1063,1,472000.0,10.0,47000.0,425000.0
2058,HDIP001083,SKU-TEE-1031,1,290000.0,10.0,29000.0,261000.0
2059,HDIP001084,SKU-BAD-1074,1,487000.0,15.0,73000.0,414000.0
2060,HDIP001084,SKU-DKM-1038,3,228000.0,10.0,68000.0,616000.0
2061,HDIP001084,SKU-BAD-1023,1,751000.0,0.0,0.0,751000.0
2062,HDIP001084,SKU-BAD-1111,1,611000.0,10.0,61000.0,550000.0
2063,HDIP001084,SKU-COO-1021,1,112000.0,0.0,0.0,112000.0
2064,HDIP001085,SKU-BAD-1069,1,415000.0,5.0,21000.0,394000.0
2065,HDIP001085,SKU-TEE-1051,1,201000.0,5.0,10000.0,191000.0
2066,HDIP001086,SKU-BAD-1069,2,415000.0,5.0,42000.0,788000.0
2067,HDIP001087,SKU-DIR-1054,1,349000.0,0.0,0.0,349000.0
2068,HDIP001087,SKU-THE-1053,1,675000.0,0.0,0.0,675000.0
2069,HDIP001088,SKU-SWE-1042,1,535000.0,5.0,27000.0,508000.0
2070,HDIP001088,SKU-COO-1079,1,368000.0,0.0,0.0,368000.0
2071,HDIP001088,SKU-TEE-1032,1,278000.0,10.0,28000.0,250000.0
2072,HDIP001088,SKU-TEE-1022,2,252000.0,15.0,76000.0,428000.0
2073,HDIP001089,SKU-DIR-1093,1,544000.0,5.0,27000.0,517000.0
2074,HDIP001089,SKU-TEE-1112,2,339000.0,0.0,0.0,678000.0
2075,HDIP001090,SKU-DIR-1060,1,655000.0,15.0,98000.0,557000.0
2076,HDIP001091,SKU-TSU-1015,1,292000.0,0.0,0.0,292000.0
2077,HDIP001091,SKU-SWE-1103,2,683000.0,0.0,0.0,1366000.0
2078,HDIP001092,SKU-TEE-1088,1,274000.0,10.0,27000.0,247000.0
2079,HDIP001092,SKU-BAD-1087,3,731000.0,5.0,110000.0,2083000.0
2080,HDIP001093,SKU-NOW-1078,3,415000.0,15.0,187000.0,1058000.0
2081,HDIP001093,SKU-COO-1083,1,284000.0,5.0,14000.0,270000.0
2082,HDIP001094,SKU-TSU-1092,2,708000.0,15.0,212000.0,1204000.0
2083,HDIP001095,SKU-TSU-1034,1,385000.0,10.0,38000.0,347000.0
2084,HDIP001096,SKU-SWE-1019,1,423000.0,5.0,21000.0,402000.0
2085,HDIP001096,SKU-DIR-1117,1,397000.0,0.0,0.0,397000.0
2086,HDIP001097,SKU-THE-1063,1,472000.0,0.0,0.0,472000.0
2087,HDIP001097,SKU-BAD-1097,1,438000.0,5.0,22000.0,416000.0
2088,HDIP001097,SKU-TEE-1032,1,278000.0,5.0,14000.0,264000.0
2089,HDIP001098,SKU-SWE-1019,1,423000.0,0.0,0.0,423000.0
2090,HDIP001098,SKU-TSU-1067,1,608000.0,15.0,91000.0,517000.0
2091,HDIP001098,SKU-COO-1037,1,132000.0,15.0,20000.0,112000.0
2092,HDIP001099,SKU-BAD-1087,1,731000.0,15.0,110000.0,621000.0
2093,HDIP001099,SKU-DKM-1038,1,228000.0,10.0,23000.0,205000.0
2094,HDIP001100,SKU-DIR-1028,1,536000.0,0.0,0.0,536000.0
2095,HDIP001101,SKU-TEE-1116,3,270000.0,15.0,122000.0,688000.0
2096,HDIP001101,SKU-TEE-1022,1,252000.0,10.0,25000.0,227000.0
2097,HDIP001102,SKU-TEE-1112,1,339000.0,5.0,17000.0,322000.0
2098,HDIP001102,SKU-THE-1068,2,496000.0,0.0,0.0,992000.0
2099,HDIP001103,SKU-TEE-1020,1,190000.0,15.0,28000.0,162000.0
2100,HDIP001104,SKU-DIR-1117,2,397000.0,15.0,119000.0,675000.0
2101,HDIP001104,SKU-DIR-1082,2,382000.0,10.0,76000.0,688000.0
2102,HDIP001105,SKU-THE-1013,3,387000.0,10.0,116000.0,1045000.0
2103,HDIP001106,SKU-DIR-1008,1,432000.0,15.0,65000.0,367000.0
2104,HDIP001106,SKU-BAD-1058,1,430000.0,15.0,64000.0,366000.0
2105,HDIP001106,SKU-NOW-1073,2,216000.0,0.0,0.0,432000.0
2106,HDIP001106,SKU-TSU-1067,1,608000.0,5.0,30000.0,578000.0
2107,HDIP001106,SKU-TEE-1032,1,278000.0,10.0,28000.0,250000.0
2108,HDIP001107,SKU-THE-1118,2,434000.0,0.0,0.0,868000.0
2109,HDIP001107,SKU-NOW-1009,1,277000.0,0.0,0.0,277000.0
2110,HDIP001108,SKU-BAD-1069,1,415000.0,0.0,0.0,415000.0
2111,HDIP001108,SKU-DIR-1113,1,595000.0,0.0,0.0,595000.0
2112,HDIP001109,SKU-THE-1013,1,387000.0,10.0,39000.0,348000.0
2113,HDIP001109,SKU-SWE-1070,1,718000.0,10.0,72000.0,646000.0
2114,HDIP001110,SKU-NOW-1025,1,438000.0,5.0,22000.0,416000.0
2115,HDIP001110,SKU-THE-1076,3,352000.0,0.0,0.0,1056000.0
2116,HDIP001110,SKU-DIR-1104,1,605000.0,10.0,60000.0,545000.0
2117,HDIP001111,SKU-TEE-1066,3,230000.0,0.0,0.0,690000.0
2118,HDIP001111,SKU-COO-1037,1,132000.0,10.0,13000.0,119000.0
2119,HDIP001112,SKU-TSU-1015,2,292000.0,5.0,29000.0,555000.0
2120,HDIP001112,SKU-BAD-1097,1,438000.0,10.0,44000.0,394000.0
2121,HDIP001113,SKU-BAD-1087,2,731000.0,5.0,73000.0,1389000.0
2122,HDIP001113,SKU-TEE-1039,1,301000.0,15.0,45000.0,256000.0
2123,HDIP001113,SKU-THE-1013,1,387000.0,0.0,0.0,387000.0
2124,HDIP001114,SKU-TEE-1040,1,172000.0,10.0,17000.0,155000.0
2125,HDIP001115,SKU-TEE-1020,1,190000.0,5.0,10000.0,180000.0
2126,HDIP001115,SKU-SWE-1042,1,535000.0,0.0,0.0,535000.0
2127,HDIP001116,SKU-SWE-1101,1,757000.0,0.0,0.0,757000.0
2128,HDIP001116,SKU-DIR-1054,1,349000.0,0.0,0.0,349000.0
2129,HDIP001117,SKU-SWE-1046,2,566000.0,0.0,0.0,1132000.0
2130,HDIP001118,SKU-BAD-1001,1,447000.0,5.0,22000.0,425000.0
2131,HDIP001118,SKU-NOW-1098,1,393000.0,0.0,0.0,393000.0
2132,HDIP001118,SKU-NOW-1052,3,425000.0,0.0,0.0,1275000.0
2133,HDIP001119,SKU-TSU-1048,1,485000.0,5.0,24000.0,461000.0
2134,HDIP001120,SKU-DKM-1080,2,498000.0,0.0,0.0,996000.0
2135,HDIP001120,SKU-DIR-1065,1,426000.0,0.0,0.0,426000.0
2136,HDIP001120,SKU-BAD-1057,1,664000.0,5.0,33000.0,631000.0
2137,HDIP001121,SKU-DIR-1117,1,397000.0,0.0,0.0,397000.0
2138,HDIP001121,SKU-DKM-1091,3,657000.0,10.0,197000.0,1774000.0
2139,HDIP001122,SKU-TSU-1048,1,485000.0,0.0,0.0,485000.0
2140,HDIP001123,SKU-NOW-1094,1,308000.0,0.0,0.0,308000.0
2141,HDIP001123,SKU-THE-1053,1,675000.0,10.0,68000.0,607000.0
2142,HDIP001123,SKU-DIR-1106,1,353000.0,0.0,0.0,353000.0
2143,HDIP001123,SKU-TEE-1020,1,190000.0,10.0,19000.0,171000.0
2144,HDIP001123,SKU-TEE-1112,1,339000.0,0.0,0.0,339000.0
2145,HDIP001124,SKU-NOW-1099,1,356000.0,15.0,53000.0,303000.0
2146,HDIP001125,SKU-DIR-1060,1,655000.0,0.0,0.0,655000.0
2147,HDIP001126,SKU-TSU-1096,2,405000.0,0.0,0.0,810000.0
2148,HDIP001127,SKU-SWE-1103,1,683000.0,10.0,68000.0,615000.0
2149,HDIP001127,SKU-DIR-1007,1,631000.0,10.0,63000.0,568000.0
2150,HDIP001127,SKU-TEE-1107,1,179000.0,0.0,0.0,179000.0
2151,HDIP001128,SKU-DKM-1043,1,592000.0,15.0,89000.0,503000.0
2152,HDIP001129,SKU-SWE-1103,2,683000.0,0.0,0.0,1366000.0
2153,HDIP001129,SKU-TEE-1066,1,230000.0,5.0,12000.0,218000.0
2154,HDIP001130,SKU-DIR-1060,2,655000.0,15.0,196000.0,1114000.0
2155,HDIP001130,SKU-BAD-1058,1,430000.0,0.0,0.0,430000.0
2156,HDIP001130,SKU-SWE-1114,1,615000.0,15.0,92000.0,523000.0
2157,HDIP001131,SKU-NOW-1052,1,425000.0,5.0,21000.0,404000.0
2158,HDIP001131,SKU-BAD-1074,1,487000.0,0.0,0.0,487000.0
2159,HDIP001131,SKU-DKM-1038,1,228000.0,0.0,0.0,228000.0
2160,HDIP001132,SKU-DKM-1084,1,625000.0,10.0,62000.0,563000.0
2161,HDIP001132,SKU-COO-1086,2,365000.0,15.0,110000.0,620000.0
2162,HDIP001133,SKU-THE-1013,1,387000.0,10.0,39000.0,348000.0
2163,HDIP001134,SKU-SWE-1042,1,535000.0,0.0,0.0,535000.0
2164,HDIP001134,SKU-TEE-1112,1,339000.0,0.0,0.0,339000.0
2165,HDIP001134,SKU-COO-1041,1,371000.0,0.0,0.0,371000.0
2166,HDIP001134,SKU-DIR-1119,1,693000.0,0.0,0.0,693000.0
2167,HDIP001135,SKU-TEE-1049,2,226000.0,15.0,68000.0,384000.0
2168,HDIP001135,SKU-DIR-1004,1,419000.0,0.0,0.0,419000.0
2169,HDIP001135,SKU-BAD-1057,1,664000.0,5.0,33000.0,631000.0
2170,HDIP001136,SKU-BAD-1023,1,751000.0,10.0,75000.0,676000.0
2171,HDIP001137,SKU-DIR-1095,3,388000.0,5.0,58000.0,1106000.0
2172,HDIP001137,SKU-NOW-1078,1,415000.0,0.0,0.0,415000.0
2173,HDIP001137,SKU-SWE-1046,1,566000.0,0.0,0.0,566000.0
2174,HDIP001137,SKU-TSU-1096,1,405000.0,10.0,40000.0,365000.0
2175,HDIP001138,SKU-NOW-1052,1,425000.0,0.0,0.0,425000.0
2176,HDIP001138,SKU-TSU-1110,2,633000.0,5.0,63000.0,1203000.0
2177,HDIP001138,SKU-THE-1013,2,387000.0,15.0,116000.0,658000.0
2178,HDIP001139,SKU-TEE-1003,1,244000.0,0.0,0.0,244000.0
2179,HDIP001139,SKU-TEE-1036,1,296000.0,0.0,0.0,296000.0
2180,HDIP001139,SKU-NOW-1094,1,308000.0,0.0,0.0,308000.0
2181,HDIP001140,SKU-DIR-1008,1,432000.0,15.0,65000.0,367000.0
2182,HDIP001140,SKU-SWE-1077,1,418000.0,0.0,0.0,418000.0
2183,HDIP001140,SKU-SWE-1103,1,683000.0,0.0,0.0,683000.0
2184,HDIP001141,SKU-DIR-1104,1,605000.0,0.0,0.0,605000.0
2185,HDIP001141,SKU-COO-1086,1,365000.0,0.0,0.0,365000.0
2186,HDIP001142,SKU-TSU-1034,1,385000.0,0.0,0.0,385000.0
2187,HDIP001142,SKU-DKM-1080,1,498000.0,5.0,25000.0,473000.0
2188,HDIP001142,SKU-SWE-1042,1,535000.0,0.0,0.0,535000.0
2189,HDIP001142,SKU-DIR-1004,2,419000.0,0.0,0.0,838000.0
2190,HDIP001143,SKU-SWE-1002,1,401000.0,0.0,0.0,401000.0
2191,HDIP001144,SKU-DIR-1054,2,349000.0,5.0,35000.0,663000.0
2192,HDIP001144,SKU-TSU-1110,1,633000.0,10.0,63000.0,570000.0
2193,HDIP001145,SKU-COO-1033,1,281000.0,0.0,0.0,281000.0
2194,HDIP001145,SKU-COO-1017,3,85000.0,15.0,38000.0,217000.0
2195,HDIP001145,SKU-SWE-1042,1,535000.0,5.0,27000.0,508000.0
2196,HDIP001146,SKU-TEE-1066,1,230000.0,0.0,0.0,230000.0
2197,HDIP001147,SKU-COO-1079,1,368000.0,0.0,0.0,368000.0
2198,HDIP001148,SKU-DIR-1060,1,655000.0,10.0,66000.0,589000.0
2199,HDIP001149,SKU-TSU-1048,1,485000.0,10.0,48000.0,437000.0
2200,HDIP001150,SKU-SWE-1024,1,753000.0,0.0,0.0,753000.0
2201,HDIP001150,SKU-SWE-1002,1,401000.0,0.0,0.0,401000.0
2202,HDIP001150,SKU-SWE-1019,1,423000.0,5.0,21000.0,402000.0
2203,HDIP001151,SKU-DIR-1028,1,536000.0,10.0,54000.0,482000.0
2204,HDIP001151,SKU-TEE-1059,1,177000.0,15.0,27000.0,150000.0
2205,HDIP001152,SKU-TEE-1115,1,227000.0,0.0,0.0,227000.0
2206,HDIP001153,SKU-DIR-1044,1,443000.0,0.0,0.0,443000.0
2207,HDIP001153,SKU-NOW-1098,1,393000.0,5.0,20000.0,373000.0
2208,HDIP001154,SKU-TEE-1059,2,177000.0,0.0,0.0,354000.0
2209,HDIP001155,SKU-COO-1056,1,275000.0,0.0,0.0,275000.0
2210,HDIP001156,SKU-TEE-1088,1,274000.0,0.0,0.0,274000.0
2211,HDIP001157,SKU-THE-1068,2,496000.0,0.0,0.0,992000.0
2212,HDIP001157,SKU-DIR-1007,1,631000.0,15.0,95000.0,536000.0
2213,HDIP001158,SKU-DIR-1082,1,382000.0,15.0,57000.0,325000.0
2214,HDIP001158,SKU-TSU-1110,1,633000.0,10.0,63000.0,570000.0
2215,HDIP001159,SKU-TEE-1116,1,270000.0,5.0,14000.0,256000.0
2216,HDIP001160,SKU-COO-1033,1,281000.0,15.0,42000.0,239000.0
2217,HDIP001161,SKU-THE-1053,1,675000.0,5.0,34000.0,641000.0
2218,HDIP001162,SKU-COO-1083,1,284000.0,0.0,0.0,284000.0
2219,HDIP001162,SKU-DIR-1054,2,349000.0,0.0,0.0,698000.0
2220,HDIP001162,SKU-TEE-1051,1,201000.0,0.0,0.0,201000.0
2221,HDIP001163,SKU-SWE-1019,1,423000.0,0.0,0.0,423000.0
2222,HDIP001164,SKU-NOW-1099,1,356000.0,0.0,0.0,356000.0
2223,HDIP001164,SKU-NOW-1081,1,420000.0,0.0,0.0,420000.0
2224,HDIP001165,SKU-DIR-1113,3,595000.0,15.0,268000.0,1517000.0
2225,HDIP001166,SKU-DIR-1060,1,655000.0,0.0,0.0,655000.0
2226,HDIP001167,SKU-NOW-1094,1,308000.0,10.0,31000.0,277000.0
2227,HDIP001168,SKU-COO-1056,1,275000.0,0.0,0.0,275000.0
2228,HDIP001168,SKU-DIR-1054,2,349000.0,15.0,105000.0,593000.0
2229,HDIP001168,SKU-DIR-1008,1,432000.0,0.0,0.0,432000.0
2230,HDIP001169,SKU-SWE-1011,1,375000.0,10.0,38000.0,337000.0
2231,HDIP001169,SKU-SWE-1002,1,401000.0,10.0,40000.0,361000.0
2232,HDIP001169,SKU-THE-1013,1,387000.0,0.0,0.0,387000.0
2233,HDIP001169,SKU-TSU-1092,1,708000.0,15.0,106000.0,602000.0
2234,HDIP001169,SKU-DIR-1104,1,605000.0,10.0,60000.0,545000.0
2235,HDIP001170,SKU-DIR-1014,1,715000.0,15.0,107000.0,608000.0
2236,HDIP001171,SKU-BAD-1087,1,731000.0,10.0,73000.0,658000.0
2237,HDIP001172,SKU-BAD-1057,1,664000.0,10.0,66000.0,598000.0
2238,HDIP001172,SKU-TSU-1110,1,633000.0,5.0,32000.0,601000.0
2239,HDIP001173,SKU-SWE-1024,1,753000.0,0.0,0.0,753000.0
2240,HDIP001174,SKU-DIR-1109,1,341000.0,15.0,51000.0,290000.0
2241,HDIP001174,SKU-TEE-1115,1,227000.0,0.0,0.0,227000.0
2242,HDIP001175,SKU-DIR-1082,1,382000.0,0.0,0.0,382000.0
2243,HDIP001175,SKU-TSU-1034,1,385000.0,10.0,38000.0,347000.0
2244,HDIP001176,SKU-BAD-1023,2,751000.0,0.0,0.0,1502000.0
2245,HDIP001176,SKU-DIR-1109,1,341000.0,10.0,34000.0,307000.0
2246,HDIP001176,SKU-BAD-1064,1,515000.0,0.0,0.0,515000.0
2247,HDIP001177,SKU-BAD-1064,1,515000.0,5.0,26000.0,489000.0
2248,HDIP001178,SKU-DIR-1104,1,605000.0,0.0,0.0,605000.0
2249,HDIP001179,SKU-TEE-1040,2,172000.0,15.0,52000.0,292000.0
2250,HDIP001180,SKU-BAD-1090,1,475000.0,0.0,0.0,475000.0
2251,HDIP001181,SKU-SWE-1019,1,423000.0,5.0,21000.0,402000.0
2252,HDIP001181,SKU-TSU-1092,1,708000.0,5.0,35000.0,673000.0
2253,HDIP001181,SKU-DIR-1044,1,443000.0,15.0,66000.0,377000.0
2254,HDIP001182,SKU-BAD-1057,1,664000.0,0.0,0.0,664000.0
2255,HDIP001182,SKU-DIR-1106,1,353000.0,0.0,0.0,353000.0
2256,HDIP001182,SKU-DIR-1006,2,416000.0,0.0,0.0,832000.0
2257,HDIP001182,SKU-TEE-1032,1,278000.0,0.0,0.0,278000.0
2258,HDIP001182,SKU-TSU-1071,1,610000.0,0.0,0.0,610000.0
2259,HDIP001183,SKU-TEE-1062,1,326000.0,10.0,33000.0,293000.0
2260,HDIP001183,SKU-DIR-1108,3,400000.0,0.0,0.0,1200000.0
2261,HDIP001183,SKU-BAD-1057,1,664000.0,10.0,66000.0,598000.0
2262,HDIP001184,SKU-DKM-1091,3,657000.0,0.0,0.0,1971000.0
2263,HDIP001184,SKU-DKM-1102,1,454000.0,0.0,0.0,454000.0
2264,HDIP001185,SKU-BAD-1018,3,494000.0,0.0,0.0,1482000.0
2265,HDIP001185,SKU-SWE-1042,1,535000.0,10.0,54000.0,481000.0
2266,HDIP001185,SKU-BAD-1111,1,611000.0,10.0,61000.0,550000.0
2267,HDIP001185,SKU-DIR-1106,1,353000.0,10.0,35000.0,318000.0
2268,HDIP001186,SKU-TSU-1092,1,708000.0,10.0,71000.0,637000.0
2269,HDIP001186,SKU-BAD-1090,2,475000.0,0.0,0.0,950000.0
2270,HDIP001187,SKU-BAD-1064,1,515000.0,0.0,0.0,515000.0
2271,HDIP001187,SKU-THE-1076,1,352000.0,5.0,18000.0,334000.0
2272,HDIP001188,SKU-SWE-1019,1,423000.0,15.0,63000.0,360000.0
2273,HDIP001188,SKU-NOW-1009,1,277000.0,0.0,0.0,277000.0
2274,HDIP001188,SKU-TEE-1088,2,274000.0,15.0,82000.0,466000.0
2275,HDIP001189,SKU-BAD-1018,1,494000.0,5.0,25000.0,469000.0
2276,HDIP001189,SKU-TEE-1051,1,201000.0,15.0,30000.0,171000.0
2277,HDIP001190,SKU-SWE-1070,3,718000.0,10.0,215000.0,1939000.0
2278,HDIP001191,SKU-NOW-1100,1,229000.0,10.0,23000.0,206000.0
2279,HDIP001191,SKU-TEE-1010,1,240000.0,0.0,0.0,240000.0
2280,HDIP001192,SKU-DIR-1119,1,693000.0,0.0,0.0,693000.0
2281,HDIP001193,SKU-TEE-1049,1,226000.0,0.0,0.0,226000.0
2282,HDIP001193,SKU-BAD-1090,1,475000.0,0.0,0.0,475000.0
2283,HDIP001193,SKU-DKM-1061,1,205000.0,15.0,31000.0,174000.0
2284,HDIP001194,SKU-NOW-1026,1,240000.0,15.0,36000.0,204000.0
2285,HDIP001195,SKU-TEE-1003,1,244000.0,10.0,24000.0,220000.0
2286,HDIP001195,SKU-DIR-1113,1,595000.0,0.0,0.0,595000.0
2287,HDIP001196,SKU-NOW-1050,1,245000.0,10.0,24000.0,221000.0
2288,HDIP001197,SKU-DKM-1080,1,498000.0,10.0,50000.0,448000.0
2289,HDIP001198,SKU-BAD-1074,2,487000.0,15.0,146000.0,828000.0
2290,HDIP001198,SKU-BAD-1023,2,751000.0,0.0,0.0,1502000.0
2291,HDIP001199,SKU-DIR-1120,2,510000.0,0.0,0.0,1020000.0
2292,HDIP001199,SKU-BAD-1069,2,415000.0,0.0,0.0,830000.0
2293,HDIP001200,SKU-TEE-1022,1,252000.0,0.0,0.0,252000.0
2294,HDIP001200,SKU-TEE-1116,1,270000.0,10.0,27000.0,243000.0
2295,HDIP001201,SKU-TSU-1015,1,292000.0,0.0,0.0,292000.0
2296,HDIP001201,SKU-COO-1086,1,365000.0,0.0,0.0,365000.0
2297,HDIP001201,SKU-TSU-1071,3,610000.0,5.0,92000.0,1738000.0
2298,HDIP001202,SKU-THE-1118,2,434000.0,15.0,130000.0,738000.0
2299,HDIP001202,SKU-TEE-1062,1,326000.0,10.0,33000.0,293000.0
2300,HDIP001202,SKU-DIR-1104,1,605000.0,10.0,60000.0,545000.0
2301,HDIP001202,SKU-DIR-1108,1,400000.0,15.0,60000.0,340000.0
2302,HDIP001203,SKU-COO-1083,1,284000.0,5.0,14000.0,270000.0
2303,HDIP001203,SKU-NOW-1026,1,240000.0,0.0,0.0,240000.0
2304,HDIP001203,SKU-COO-1037,2,132000.0,5.0,13000.0,251000.0
2305,HDIP001204,SKU-DIR-1014,1,715000.0,5.0,36000.0,679000.0
2306,HDIP001205,SKU-BAD-1090,2,475000.0,0.0,0.0,950000.0
2307,HDIP001205,SKU-DIR-1008,2,432000.0,0.0,0.0,864000.0
2308,HDIP001205,SKU-THE-1068,2,496000.0,15.0,149000.0,843000.0
2309,HDIP001206,SKU-BAD-1069,1,415000.0,0.0,0.0,415000.0
2310,HDIP001206,SKU-DIR-1004,1,419000.0,0.0,0.0,419000.0
2311,HDIP001207,SKU-THE-1068,1,496000.0,0.0,0.0,496000.0
2312,HDIP001207,SKU-DIR-1109,1,341000.0,0.0,0.0,341000.0
2313,HDIP001208,SKU-TEE-1010,1,240000.0,0.0,0.0,240000.0
2314,HDIP001208,SKU-TSU-1092,1,708000.0,10.0,71000.0,637000.0
2315,HDIP001209,SKU-TSU-1015,2,292000.0,15.0,88000.0,496000.0
2316,HDIP001209,SKU-DIR-1119,2,693000.0,0.0,0.0,1386000.0
2317,HDIP001209,SKU-DKM-1038,3,228000.0,5.0,34000.0,650000.0
2318,HDIP001209,SKU-BAD-1001,2,447000.0,0.0,0.0,894000.0
2319,HDIP001210,SKU-TSU-1034,2,385000.0,15.0,116000.0,654000.0
2320,HDIP001210,SKU-DIR-1113,1,595000.0,15.0,89000.0,506000.0
2321,HDIP001211,SKU-SWE-1002,1,401000.0,5.0,20000.0,381000.0
2322,HDIP001212,SKU-SWE-1002,1,401000.0,5.0,20000.0,381000.0
2323,HDIP001213,SKU-THE-1029,1,475000.0,0.0,0.0,475000.0
2324,HDIP001213,SKU-TEE-1010,1,240000.0,5.0,12000.0,228000.0
2325,HDIP001214,SKU-COO-1033,1,281000.0,0.0,0.0,281000.0
2326,HDIP001214,SKU-TEE-1088,1,274000.0,0.0,0.0,274000.0
2327,HDIP001214,SKU-TSU-1092,2,708000.0,0.0,0.0,1416000.0
2328,HDIP001214,SKU-DIR-1120,1,510000.0,0.0,0.0,510000.0
2329,HDIP001215,SKU-TSU-1067,3,608000.0,5.0,91000.0,1733000.0
2330,HDIP001216,SKU-SWE-1024,1,753000.0,0.0,0.0,753000.0
2331,HDIP001216,SKU-SWE-1011,1,375000.0,10.0,38000.0,337000.0
2332,HDIP001216,SKU-NOW-1098,1,393000.0,15.0,59000.0,334000.0
2333,HDIP001217,SKU-DIR-1093,1,544000.0,0.0,0.0,544000.0
2334,HDIP001217,SKU-COO-1041,1,371000.0,0.0,0.0,371000.0
2335,HDIP001217,SKU-DIR-1006,2,416000.0,0.0,0.0,832000.0
2336,HDIP001218,SKU-TEE-1020,2,190000.0,10.0,38000.0,342000.0
2337,HDIP001219,SKU-DIR-1093,1,544000.0,5.0,27000.0,517000.0
2338,HDIP001220,SKU-SWE-1019,3,423000.0,0.0,0.0,1269000.0
2339,HDIP001220,SKU-TSU-1071,1,610000.0,0.0,0.0,610000.0
2340,HDIP001221,SKU-SWE-1042,1,535000.0,0.0,0.0,535000.0
2341,HDIP001221,SKU-TSU-1048,1,485000.0,0.0,0.0,485000.0
2342,HDIP001222,SKU-TEE-1016,1,220000.0,0.0,0.0,220000.0
2343,HDIP001222,SKU-TSU-1110,1,633000.0,0.0,0.0,633000.0
2344,HDIP001222,SKU-THE-1029,1,475000.0,5.0,24000.0,451000.0
2345,HDIP001223,SKU-TSU-1096,1,405000.0,5.0,20000.0,385000.0
2346,HDIP001224,SKU-TEE-1116,1,270000.0,0.0,0.0,270000.0
2347,HDIP001224,SKU-TEE-1020,1,190000.0,0.0,0.0,190000.0
2348,HDIP001225,SKU-TSU-1048,1,485000.0,0.0,0.0,485000.0
2349,HDIP001225,SKU-DIR-1095,1,388000.0,5.0,19000.0,369000.0
2350,HDIP001225,SKU-TEE-1003,1,244000.0,10.0,24000.0,220000.0
2351,HDIP001226,SKU-NOW-1052,1,425000.0,5.0,21000.0,404000.0
2352,HDIP001227,SKU-DIR-1044,1,443000.0,0.0,0.0,443000.0
2353,HDIP001227,SKU-SWE-1042,1,535000.0,0.0,0.0,535000.0
2354,HDIP001228,SKU-NOW-1094,1,308000.0,5.0,15000.0,293000.0
2355,HDIP001228,SKU-NOW-1085,1,210000.0,5.0,10000.0,200000.0
2356,HDIP001228,SKU-SWE-1101,1,757000.0,0.0,0.0,757000.0
2357,HDIP001228,SKU-DKM-1080,1,498000.0,0.0,0.0,498000.0
2358,HDIP001229,SKU-TEE-1107,3,179000.0,10.0,54000.0,483000.0
2359,HDIP001230,SKU-COO-1021,1,112000.0,10.0,11000.0,101000.0
2360,HDIP001230,SKU-NOW-1085,1,210000.0,5.0,10000.0,200000.0
2361,HDIP001231,SKU-TSU-1096,1,405000.0,0.0,0.0,405000.0
2362,HDIP001232,SKU-DIR-1060,1,655000.0,15.0,98000.0,557000.0
2363,HDIP001233,SKU-NOW-1098,1,393000.0,15.0,59000.0,334000.0
2364,HDIP001233,SKU-COO-1079,2,368000.0,15.0,110000.0,626000.0
2365,HDIP001234,SKU-TEE-1112,1,339000.0,0.0,0.0,339000.0
2366,HDIP001234,SKU-DIR-1007,1,631000.0,0.0,0.0,631000.0
2367,HDIP001234,SKU-DKM-1043,3,592000.0,0.0,0.0,1776000.0
2368,HDIP001234,SKU-TSU-1110,2,633000.0,0.0,0.0,1266000.0
2369,HDIP001235,SKU-BAD-1023,1,751000.0,0.0,0.0,751000.0
2370,HDIP001236,SKU-BAD-1069,2,415000.0,5.0,42000.0,788000.0
2371,HDIP001237,SKU-TEE-1036,2,296000.0,0.0,0.0,592000.0
2372,HDIP001237,SKU-NOW-1089,3,313000.0,15.0,141000.0,798000.0
2373,HDIP001238,SKU-DKM-1061,1,205000.0,0.0,0.0,205000.0
2374,HDIP001238,SKU-TEE-1049,1,226000.0,0.0,0.0,226000.0
2375,HDIP001238,SKU-TEE-1062,2,326000.0,10.0,65000.0,587000.0
2376,HDIP001239,SKU-NOW-1073,3,216000.0,0.0,0.0,648000.0
2377,HDIP001239,SKU-DKM-1045,1,524000.0,0.0,0.0,524000.0
2378,HDIP001239,SKU-SWE-1114,1,615000.0,15.0,92000.0,523000.0
2379,HDIP001239,SKU-DIR-1044,1,443000.0,0.0,0.0,443000.0
2380,HDIP001240,SKU-DKM-1102,2,454000.0,0.0,0.0,908000.0
2381,HDIP001241,SKU-THE-1076,3,352000.0,0.0,0.0,1056000.0
2382,HDIP001241,SKU-DIR-1054,2,349000.0,0.0,0.0,698000.0
2383,HDIP001242,SKU-TEE-1022,1,252000.0,0.0,0.0,252000.0
2384,HDIP001243,SKU-TSU-1096,3,405000.0,15.0,182000.0,1033000.0
2385,HDIP001244,SKU-DIR-1119,1,693000.0,15.0,104000.0,589000.0
2386,HDIP001245,SKU-TEE-1049,1,226000.0,15.0,34000.0,192000.0
2387,HDIP001245,SKU-NOW-1050,1,245000.0,0.0,0.0,245000.0
2388,HDIP001245,SKU-TEE-1005,2,133000.0,5.0,13000.0,253000.0
2389,HDIP001245,SKU-NOW-1089,1,313000.0,0.0,0.0,313000.0
2390,HDIP001246,SKU-DIR-1035,2,555000.0,15.0,166000.0,944000.0
2391,HDIP001246,SKU-SWE-1011,1,375000.0,15.0,56000.0,319000.0
2392,HDIP001247,SKU-DIR-1104,1,605000.0,0.0,0.0,605000.0
2393,HDIP001247,SKU-NOW-1098,1,393000.0,0.0,0.0,393000.0
2394,HDIP001247,SKU-DIR-1014,1,715000.0,0.0,0.0,715000.0
2395,HDIP001248,SKU-DKM-1080,1,498000.0,5.0,25000.0,473000.0
2396,HDIP001248,SKU-TEE-1010,1,240000.0,0.0,0.0,240000.0
2397,HDIP001248,SKU-TEE-1020,1,190000.0,0.0,0.0,190000.0
2398,HDIP001249,SKU-TSU-1096,2,405000.0,0.0,0.0,810000.0
2399,HDIP001250,SKU-TSU-1030,1,306000.0,5.0,15000.0,291000.0
2400,HDIP001250,SKU-TEE-1027,1,339000.0,10.0,34000.0,305000.0
2401,HDIP001250,SKU-DIR-1007,1,631000.0,0.0,0.0,631000.0
2402,HDIP001251,SKU-BAD-1087,1,731000.0,0.0,0.0,731000.0
2403,HDIP001252,SKU-NOW-1026,1,240000.0,10.0,24000.0,216000.0
2404,HDIP001253,SKU-DIR-1109,1,341000.0,0.0,0.0,341000.0
2405,HDIP001254,SKU-DIR-1065,1,426000.0,5.0,21000.0,405000.0
2406,HDIP001254,SKU-DIR-1082,1,382000.0,0.0,0.0,382000.0
2407,HDIP001255,SKU-COO-1021,1,112000.0,0.0,0.0,112000.0
2408,HDIP001256,SKU-NOW-1098,2,393000.0,5.0,39000.0,747000.0
2409,HDIP001257,SKU-THE-1118,1,434000.0,10.0,43000.0,391000.0
2410,HDIP001257,SKU-DIR-1047,1,320000.0,0.0,0.0,320000.0
2411,HDIP001258,SKU-DIR-1104,1,605000.0,5.0,30000.0,575000.0
2412,HDIP001259,SKU-TEE-1022,1,252000.0,0.0,0.0,252000.0
2413,HDIP001260,SKU-DIR-1109,2,341000.0,5.0,34000.0,648000.0
2414,HDIP001260,SKU-NOW-1052,1,425000.0,15.0,64000.0,361000.0
2415,HDIP001260,SKU-DIR-1060,1,655000.0,5.0,33000.0,622000.0
2416,HDIP001260,SKU-TEE-1112,2,339000.0,0.0,0.0,678000.0
2417,HDIP001261,SKU-SWE-1002,1,401000.0,15.0,60000.0,341000.0
2418,HDIP001262,SKU-TEE-1051,1,201000.0,0.0,0.0,201000.0
2419,HDIP001263,SKU-TEE-1107,3,179000.0,10.0,54000.0,483000.0
2420,HDIP001264,SKU-TSU-1110,1,633000.0,15.0,95000.0,538000.0
2421,HDIP001265,SKU-NOW-1078,1,415000.0,10.0,42000.0,373000.0
2422,HDIP001265,SKU-DKM-1038,2,228000.0,0.0,0.0,456000.0
2423,HDIP001266,SKU-TEE-1040,1,172000.0,5.0,9000.0,163000.0
2424,HDIP001267,SKU-TSU-1048,2,485000.0,0.0,0.0,970000.0
2425,HDIP001268,SKU-DIR-1054,1,349000.0,0.0,0.0,349000.0
2426,HDIP001269,SKU-BAD-1074,1,487000.0,0.0,0.0,487000.0
2427,HDIP001269,SKU-DKM-1102,2,454000.0,0.0,0.0,908000.0
2428,HDIP001270,SKU-TEE-1032,1,278000.0,0.0,0.0,278000.0
2429,HDIP001270,SKU-THE-1063,1,472000.0,0.0,0.0,472000.0
2430,HDIP001270,SKU-NOW-1073,1,216000.0,0.0,0.0,216000.0
2431,HDIP001271,SKU-TEE-1116,2,270000.0,15.0,81000.0,459000.0
2432,HDIP001271,SKU-TEE-1115,1,227000.0,5.0,11000.0,216000.0
2433,HDIP001272,SKU-NOW-1100,1,229000.0,0.0,0.0,229000.0
2434,HDIP001273,SKU-TEE-1062,1,326000.0,0.0,0.0,326000.0
2435,HDIP001273,SKU-TSU-1072,1,352000.0,0.0,0.0,352000.0
2436,HDIP001273,SKU-SWE-1019,1,423000.0,10.0,42000.0,381000.0
2437,HDIP001274,SKU-DIR-1008,1,432000.0,0.0,0.0,432000.0
2438,HDIP001275,SKU-BAD-1105,2,403000.0,0.0,0.0,806000.0
2439,HDIP001276,SKU-COO-1083,1,284000.0,0.0,0.0,284000.0
2440,HDIP001277,SKU-TSU-1072,1,352000.0,0.0,0.0,352000.0
2441,HDIP001277,SKU-COO-1021,1,112000.0,0.0,0.0,112000.0
2442,HDIP001278,SKU-THE-1076,1,352000.0,0.0,0.0,352000.0
2443,HDIP001279,SKU-COO-1041,2,371000.0,5.0,37000.0,705000.0
2444,HDIP001280,SKU-SWE-1042,1,535000.0,0.0,0.0,535000.0
2445,HDIP001281,SKU-DIR-1008,1,432000.0,5.0,22000.0,410000.0
2446,HDIP001281,SKU-DIR-1093,1,544000.0,0.0,0.0,544000.0
2447,HDIP001281,SKU-TSU-1092,1,708000.0,0.0,0.0,708000.0
2448,HDIP001282,SKU-SWE-1046,1,566000.0,0.0,0.0,566000.0
2449,HDIP001282,SKU-DIR-1044,1,443000.0,10.0,44000.0,399000.0
2450,HDIP001282,SKU-SWE-1011,1,375000.0,5.0,19000.0,356000.0
2451,HDIP001283,SKU-BAD-1058,1,430000.0,0.0,0.0,430000.0
2452,HDIP001283,SKU-COO-1021,1,112000.0,0.0,0.0,112000.0
2453,HDIP001283,SKU-TSU-1015,1,292000.0,10.0,29000.0,263000.0
2454,HDIP001284,SKU-DIR-1006,1,416000.0,0.0,0.0,416000.0
2455,HDIP001284,SKU-THE-1029,3,475000.0,0.0,0.0,1425000.0
2456,HDIP001285,SKU-NOW-1098,1,393000.0,0.0,0.0,393000.0
2457,HDIP001286,SKU-THE-1076,1,352000.0,0.0,0.0,352000.0
2458,HDIP001287,SKU-TSU-1048,2,485000.0,0.0,0.0,970000.0
2459,HDIP001287,SKU-TEE-1066,1,230000.0,0.0,0.0,230000.0
2460,HDIP001288,SKU-TSU-1048,1,485000.0,0.0,0.0,485000.0
2461,HDIP001289,SKU-TEE-1115,1,227000.0,0.0,0.0,227000.0
2462,HDIP001290,SKU-DKM-1084,1,625000.0,5.0,31000.0,594000.0
2463,HDIP001290,SKU-COO-1086,1,365000.0,0.0,0.0,365000.0
2464,HDIP001291,SKU-NOW-1073,1,216000.0,0.0,0.0,216000.0
2465,HDIP001292,SKU-DIR-1007,1,631000.0,0.0,0.0,631000.0
2466,HDIP001293,SKU-DIR-1028,2,536000.0,0.0,0.0,1072000.0
2467,HDIP001294,SKU-TEE-1051,1,201000.0,5.0,10000.0,191000.0
2468,HDIP001294,SKU-NOW-1078,1,415000.0,10.0,42000.0,373000.0
2469,HDIP001295,SKU-SWE-1114,2,615000.0,10.0,123000.0,1107000.0
2470,HDIP001295,SKU-BAD-1001,1,447000.0,0.0,0.0,447000.0
2471,HDIP001296,SKU-COO-1021,1,112000.0,0.0,0.0,112000.0
2472,HDIP001296,SKU-THE-1013,1,387000.0,5.0,19000.0,368000.0
2473,HDIP001297,SKU-TEE-1005,2,133000.0,0.0,0.0,266000.0
2474,HDIP001298,SKU-TSU-1096,2,405000.0,5.0,40000.0,770000.0
2475,HDIP001298,SKU-TEE-1088,1,274000.0,0.0,0.0,274000.0
2476,HDIP001298,SKU-DKM-1102,1,454000.0,0.0,0.0,454000.0
2477,HDIP001298,SKU-DIR-1004,1,419000.0,10.0,42000.0,377000.0
2478,HDIP001299,SKU-NOW-1089,1,313000.0,0.0,0.0,313000.0
2479,HDIP001300,SKU-TEE-1107,1,179000.0,0.0,0.0,179000.0
2480,HDIP001300,SKU-DIR-1060,1,655000.0,0.0,0.0,655000.0
2481,HDIP001301,SKU-NOW-1026,1,240000.0,15.0,36000.0,204000.0
2482,HDIP001301,SKU-SWE-1103,1,683000.0,0.0,0.0,683000.0
2483,HDIP001302,SKU-TEE-1107,1,179000.0,15.0,27000.0,152000.0
2484,HDIP001302,SKU-TSU-1110,1,633000.0,0.0,0.0,633000.0
2485,HDIP001302,SKU-COO-1056,1,275000.0,15.0,41000.0,234000.0
2486,HDIP001303,SKU-DKM-1061,1,205000.0,15.0,31000.0,174000.0
2487,HDIP001303,SKU-SWE-1070,2,718000.0,15.0,215000.0,1221000.0
2488,HDIP001304,SKU-THE-1075,1,503000.0,5.0,25000.0,478000.0
2489,HDIP001305,SKU-THE-1053,3,675000.0,0.0,0.0,2025000.0
2490,HDIP001305,SKU-DIR-1047,1,320000.0,0.0,0.0,320000.0
2491,HDIP001306,SKU-BAD-1111,2,611000.0,0.0,0.0,1222000.0
2492,HDIP001306,SKU-TEE-1088,1,274000.0,15.0,41000.0,233000.0
2493,HDIP001306,SKU-TEE-1022,1,252000.0,0.0,0.0,252000.0
2494,HDIP001307,SKU-DKM-1102,1,454000.0,5.0,23000.0,431000.0
2495,HDIP001307,SKU-TEE-1027,2,339000.0,10.0,68000.0,610000.0
2496,HDIP001307,SKU-DIR-1106,1,353000.0,10.0,35000.0,318000.0
2497,HDIP001307,SKU-NOW-1089,1,313000.0,0.0,0.0,313000.0
2498,HDIP001307,SKU-TEE-1051,1,201000.0,10.0,20000.0,181000.0
2499,HDIP001308,SKU-SWE-1042,2,535000.0,0.0,0.0,1070000.0
2500,HDIP001308,SKU-NOW-1094,1,308000.0,5.0,15000.0,293000.0
2501,HDIP001309,SKU-TSU-1096,1,405000.0,0.0,0.0,405000.0
2502,HDIP001309,SKU-THE-1053,1,675000.0,15.0,101000.0,574000.0
2503,HDIP001310,SKU-TEE-1115,3,227000.0,0.0,0.0,681000.0
2504,HDIP001310,SKU-DKM-1102,1,454000.0,0.0,0.0,454000.0
2505,HDIP001311,SKU-SWE-1070,3,718000.0,0.0,0.0,2154000.0
2506,HDIP001311,SKU-DIR-1082,1,382000.0,0.0,0.0,382000.0
2507,HDIP001311,SKU-THE-1013,1,387000.0,0.0,0.0,387000.0
2508,HDIP001312,SKU-TEE-1016,1,220000.0,0.0,0.0,220000.0
2509,HDIP001313,SKU-TSU-1048,1,485000.0,5.0,24000.0,461000.0
2510,HDIP001314,SKU-TEE-1005,1,133000.0,0.0,0.0,133000.0
2511,HDIP001314,SKU-BAD-1064,1,515000.0,5.0,26000.0,489000.0
2512,HDIP001315,SKU-DKM-1080,1,498000.0,15.0,75000.0,423000.0
2513,HDIP001315,SKU-DIR-1113,1,595000.0,0.0,0.0,595000.0
2514,HDIP001316,SKU-NOW-1012,1,355000.0,15.0,53000.0,302000.0
2515,HDIP001317,SKU-DKM-1061,1,205000.0,0.0,0.0,205000.0
2516,HDIP001318,SKU-THE-1013,1,387000.0,10.0,39000.0,348000.0
2517,HDIP001318,SKU-SWE-1002,2,401000.0,0.0,0.0,802000.0
2518,HDIP001319,SKU-BAD-1090,1,475000.0,10.0,48000.0,427000.0
2519,HDIP001319,SKU-NOW-1073,1,216000.0,0.0,0.0,216000.0
2520,HDIP001320,SKU-BAD-1058,1,430000.0,0.0,0.0,430000.0
2521,HDIP001321,SKU-TEE-1020,3,190000.0,0.0,0.0,570000.0
2522,HDIP001322,SKU-TSU-1096,2,405000.0,0.0,0.0,810000.0
2523,HDIP001323,SKU-TEE-1088,1,274000.0,5.0,14000.0,260000.0
2524,HDIP001324,SKU-BAD-1018,1,494000.0,10.0,49000.0,445000.0
2525,HDIP001325,SKU-COO-1056,1,275000.0,15.0,41000.0,234000.0
2526,HDIP001325,SKU-TEE-1003,1,244000.0,10.0,24000.0,220000.0
2527,HDIP001325,SKU-DKM-1091,1,657000.0,5.0,33000.0,624000.0
2528,HDIP001326,SKU-NOW-1012,1,355000.0,15.0,53000.0,302000.0
2529,HDIP001327,SKU-DIR-1113,1,595000.0,10.0,60000.0,535000.0
2530,HDIP001327,SKU-BAD-1018,1,494000.0,0.0,0.0,494000.0
2531,HDIP001327,SKU-TEE-1016,1,220000.0,10.0,22000.0,198000.0
2532,HDIP001327,SKU-DIR-1004,1,419000.0,0.0,0.0,419000.0
2533,HDIP001328,SKU-TSU-1015,1,292000.0,0.0,0.0,292000.0
2534,HDIP001328,SKU-TSU-1072,1,352000.0,0.0,0.0,352000.0
2535,HDIP001329,SKU-COO-1086,1,365000.0,10.0,36000.0,329000.0
2536,HDIP001330,SKU-BAD-1111,1,611000.0,5.0,31000.0,580000.0
2537,HDIP001330,SKU-TEE-1062,1,326000.0,0.0,0.0,326000.0
2538,HDIP001330,SKU-SWE-1103,1,683000.0,5.0,34000.0,649000.0
2539,HDIP001330,SKU-DIR-1028,1,536000.0,15.0,80000.0,456000.0
2540,HDIP001331,SKU-SWE-1019,1,423000.0,10.0,42000.0,381000.0
2541,HDIP001331,SKU-BAD-1111,3,611000.0,0.0,0.0,1833000.0
2542,HDIP001331,SKU-NOW-1098,1,393000.0,0.0,0.0,393000.0
2543,HDIP001332,SKU-DIR-1106,1,353000.0,0.0,0.0,353000.0
2544,HDIP001332,SKU-TSU-1034,2,385000.0,5.0,38000.0,732000.0
2545,HDIP001332,SKU-THE-1053,1,675000.0,15.0,101000.0,574000.0
2546,HDIP001332,SKU-DIR-1008,1,432000.0,0.0,0.0,432000.0
2547,HDIP001333,SKU-DKM-1102,2,454000.0,15.0,136000.0,772000.0
2548,HDIP001333,SKU-TEE-1066,2,230000.0,15.0,69000.0,391000.0
2549,HDIP001334,SKU-TEE-1010,1,240000.0,5.0,12000.0,228000.0
2550,HDIP001334,SKU-COO-1056,1,275000.0,0.0,0.0,275000.0
2551,HDIP001335,SKU-TEE-1036,1,296000.0,0.0,0.0,296000.0
2552,HDIP001336,SKU-DKM-1061,1,205000.0,15.0,31000.0,174000.0
2553,HDIP001336,SKU-TEE-1066,1,230000.0,10.0,23000.0,207000.0
2554,HDIP001336,SKU-THE-1063,2,472000.0,10.0,94000.0,850000.0
2555,HDIP001337,SKU-NOW-1012,1,355000.0,0.0,0.0,355000.0
2556,HDIP001337,SKU-NOW-1089,1,313000.0,10.0,31000.0,282000.0
2557,HDIP001338,SKU-TEE-1112,1,339000.0,0.0,0.0,339000.0
2558,HDIP001338,SKU-COO-1037,2,132000.0,10.0,26000.0,238000.0
2559,HDIP001338,SKU-SWE-1077,1,418000.0,0.0,0.0,418000.0
2560,HDIP001338,SKU-TEE-1066,1,230000.0,0.0,0.0,230000.0
2561,HDIP001339,SKU-COO-1086,1,365000.0,10.0,36000.0,329000.0
2562,HDIP001339,SKU-NOW-1085,2,210000.0,0.0,0.0,420000.0
2563,HDIP001340,SKU-TSU-1071,1,610000.0,5.0,30000.0,580000.0
2564,HDIP001340,SKU-SWE-1042,1,535000.0,0.0,0.0,535000.0
2565,HDIP001341,SKU-DKM-1102,1,454000.0,0.0,0.0,454000.0
2566,HDIP001342,SKU-TEE-1062,1,326000.0,10.0,33000.0,293000.0
2567,HDIP001343,SKU-COO-1033,3,281000.0,10.0,84000.0,759000.0
2568,HDIP001343,SKU-TEE-1016,3,220000.0,0.0,0.0,660000.0
2569,HDIP001344,SKU-TSU-1071,2,610000.0,10.0,122000.0,1098000.0
2570,HDIP001344,SKU-THE-1075,1,503000.0,0.0,0.0,503000.0
2571,HDIP001345,SKU-DKM-1061,1,205000.0,0.0,0.0,205000.0
2572,HDIP001345,SKU-COO-1056,1,275000.0,0.0,0.0,275000.0
2573,HDIP001346,SKU-TEE-1036,1,296000.0,0.0,0.0,296000.0
2574,HDIP001346,SKU-DIR-1014,1,715000.0,15.0,107000.0,608000.0
2575,HDIP001346,SKU-TSU-1071,1,610000.0,0.0,0.0,610000.0
2576,HDIP001347,SKU-DKM-1080,1,498000.0,0.0,0.0,498000.0
2577,HDIP001348,SKU-SWE-1046,1,566000.0,10.0,57000.0,509000.0
2578,HDIP001348,SKU-DIR-1108,1,400000.0,0.0,0.0,400000.0
2579,HDIP001348,SKU-TEE-1031,1,290000.0,5.0,14000.0,276000.0
2580,HDIP001348,SKU-TEE-1020,1,190000.0,10.0,19000.0,171000.0
2581,HDIP001349,SKU-TEE-1016,2,220000.0,0.0,0.0,440000.0
2582,HDIP001349,SKU-THE-1013,1,387000.0,10.0,39000.0,348000.0
2583,HDIP001349,SKU-TEE-1032,1,278000.0,0.0,0.0,278000.0
2584,HDIP001350,SKU-COO-1056,2,275000.0,5.0,28000.0,522000.0
2585,HDIP001350,SKU-THE-1075,1,503000.0,0.0,0.0,503000.0
2586,HDIP001351,SKU-DIR-1095,2,388000.0,10.0,78000.0,698000.0
2587,HDIP001352,SKU-THE-1063,2,472000.0,0.0,0.0,944000.0
2588,HDIP001352,SKU-COO-1056,1,275000.0,5.0,14000.0,261000.0
2589,HDIP001352,SKU-DKM-1102,1,454000.0,5.0,23000.0,431000.0
2590,HDIP001353,SKU-SWE-1077,1,418000.0,5.0,21000.0,397000.0
2591,HDIP001353,SKU-DIR-1108,1,400000.0,5.0,20000.0,380000.0
2592,HDIP001354,SKU-TSU-1092,1,708000.0,0.0,0.0,708000.0
2593,HDIP001355,SKU-NOW-1073,1,216000.0,0.0,0.0,216000.0
2594,HDIP001355,SKU-TEE-1032,1,278000.0,0.0,0.0,278000.0
2595,HDIP001356,SKU-COO-1056,1,275000.0,5.0,14000.0,261000.0
2596,HDIP001357,SKU-DIR-1117,3,397000.0,5.0,60000.0,1131000.0
2597,HDIP001358,SKU-TEE-1049,1,226000.0,0.0,0.0,226000.0
2598,HDIP001358,SKU-DIR-1047,1,320000.0,0.0,0.0,320000.0
2599,HDIP001358,SKU-DIR-1007,1,631000.0,15.0,95000.0,536000.0
2600,HDIP001359,SKU-DKM-1038,2,228000.0,0.0,0.0,456000.0
2601,HDIP001359,SKU-SWE-1019,2,423000.0,0.0,0.0,846000.0
2602,HDIP001360,SKU-NOW-1012,1,355000.0,10.0,36000.0,319000.0
2603,HDIP001361,SKU-TEE-1115,2,227000.0,0.0,0.0,454000.0
2604,HDIP001361,SKU-TEE-1022,1,252000.0,0.0,0.0,252000.0
2605,HDIP001361,SKU-TEE-1031,1,290000.0,0.0,0.0,290000.0
2606,HDIP001361,SKU-TEE-1003,1,244000.0,0.0,0.0,244000.0
2607,HDIP001362,SKU-TEE-1020,2,190000.0,0.0,0.0,380000.0
2608,HDIP001362,SKU-BAD-1069,1,415000.0,0.0,0.0,415000.0
2609,HDIP001363,SKU-TEE-1115,1,227000.0,0.0,0.0,227000.0
2610,HDIP001363,SKU-DIR-1008,1,432000.0,0.0,0.0,432000.0
2611,HDIP001364,SKU-TEE-1036,1,296000.0,0.0,0.0,296000.0
2612,HDIP001364,SKU-DIR-1060,1,655000.0,15.0,98000.0,557000.0
2613,HDIP001365,SKU-TEE-1049,1,226000.0,0.0,0.0,226000.0
2614,HDIP001366,SKU-DIR-1093,2,544000.0,5.0,54000.0,1034000.0
2615,HDIP001366,SKU-NOW-1052,3,425000.0,10.0,128000.0,1147000.0
2616,HDIP001367,SKU-THE-1068,1,496000.0,5.0,25000.0,471000.0
2617,HDIP001367,SKU-DIR-1120,1,510000.0,0.0,0.0,510000.0
2618,HDIP001367,SKU-THE-1053,1,675000.0,10.0,68000.0,607000.0
2619,HDIP001368,SKU-TEE-1039,1,301000.0,0.0,0.0,301000.0
2620,HDIP001369,SKU-DIR-1082,1,382000.0,5.0,19000.0,363000.0
2621,HDIP001370,SKU-SWE-1019,1,423000.0,0.0,0.0,423000.0
2622,HDIP001371,SKU-TSU-1048,1,485000.0,0.0,0.0,485000.0
2623,HDIP001371,SKU-DIR-1113,1,595000.0,0.0,0.0,595000.0
2624,HDIP001372,SKU-DIR-1007,1,631000.0,5.0,32000.0,599000.0
2625,HDIP001373,SKU-TEE-1066,1,230000.0,0.0,0.0,230000.0
2626,HDIP001374,SKU-DIR-1065,1,426000.0,0.0,0.0,426000.0
2627,HDIP001375,SKU-TEE-1066,1,230000.0,10.0,23000.0,207000.0
2628,HDIP001376,SKU-TEE-1059,1,177000.0,0.0,0.0,177000.0
2629,HDIP001376,SKU-DKM-1045,1,524000.0,10.0,52000.0,472000.0
2630,HDIP001376,SKU-DKM-1080,1,498000.0,5.0,25000.0,473000.0
2631,HDIP001377,SKU-TSU-1071,1,610000.0,10.0,61000.0,549000.0
2632,HDIP001377,SKU-NOW-1094,1,308000.0,0.0,0.0,308000.0
2633,HDIP001378,SKU-DIR-1082,1,382000.0,0.0,0.0,382000.0
2634,HDIP001378,SKU-DIR-1035,1,555000.0,5.0,28000.0,527000.0
2635,HDIP001379,SKU-BAD-1018,1,494000.0,10.0,49000.0,445000.0
2636,HDIP001380,SKU-COO-1033,1,281000.0,0.0,0.0,281000.0
2637,HDIP001380,SKU-THE-1118,1,434000.0,0.0,0.0,434000.0
2638,HDIP001381,SKU-TEE-1022,1,252000.0,0.0,0.0,252000.0
2639,HDIP001381,SKU-DIR-1119,1,693000.0,5.0,35000.0,658000.0
2640,HDIP001382,SKU-TSU-1034,2,385000.0,15.0,116000.0,654000.0
2641,HDIP001382,SKU-BAD-1074,1,487000.0,15.0,73000.0,414000.0
2642,HDIP001382,SKU-TSU-1072,1,352000.0,0.0,0.0,352000.0
2643,HDIP001382,SKU-TSU-1071,1,610000.0,15.0,92000.0,518000.0
2644,HDIP001383,SKU-TEE-1003,1,244000.0,0.0,0.0,244000.0
2645,HDIP001384,SKU-THE-1076,1,352000.0,0.0,0.0,352000.0
2646,HDIP001385,SKU-TEE-1032,1,278000.0,0.0,0.0,278000.0
2647,HDIP001385,SKU-DIR-1060,1,655000.0,10.0,66000.0,589000.0
2648,HDIP001385,SKU-TEE-1116,1,270000.0,15.0,40000.0,230000.0
2649,HDIP001386,SKU-COO-1021,1,112000.0,15.0,17000.0,95000.0
2650,HDIP001387,SKU-COO-1056,1,275000.0,5.0,14000.0,261000.0
2651,HDIP001388,SKU-THE-1063,2,472000.0,5.0,47000.0,897000.0
2652,HDIP001389,SKU-COO-1037,2,132000.0,0.0,0.0,264000.0
2653,HDIP001389,SKU-TEE-1032,1,278000.0,0.0,0.0,278000.0
2654,HDIP001389,SKU-COO-1079,1,368000.0,0.0,0.0,368000.0
2655,HDIP001390,SKU-BAD-1064,1,515000.0,15.0,77000.0,438000.0
2656,HDIP001390,SKU-TEE-1115,1,227000.0,0.0,0.0,227000.0
2657,HDIP001391,SKU-DIR-1108,1,400000.0,15.0,60000.0,340000.0
2658,HDIP001392,SKU-TEE-1040,1,172000.0,0.0,0.0,172000.0
2659,HDIP001393,SKU-NOW-1025,2,438000.0,5.0,44000.0,832000.0
2660,HDIP001393,SKU-DKM-1102,1,454000.0,10.0,45000.0,409000.0
2661,HDIP001393,SKU-TEE-1022,1,252000.0,10.0,25000.0,227000.0
2662,HDIP001394,SKU-TSU-1110,1,633000.0,15.0,95000.0,538000.0
2663,HDIP001394,SKU-TSU-1034,1,385000.0,5.0,19000.0,366000.0
2664,HDIP001395,SKU-DIR-1044,1,443000.0,15.0,66000.0,377000.0
2665,HDIP001396,SKU-DKM-1091,2,657000.0,5.0,66000.0,1248000.0
2666,HDIP001397,SKU-TEE-1020,1,190000.0,0.0,0.0,190000.0
2667,HDIP001398,SKU-BAD-1058,1,430000.0,15.0,64000.0,366000.0
2668,HDIP001399,SKU-TSU-1092,1,708000.0,0.0,0.0,708000.0
2669,HDIP001399,SKU-TEE-1062,2,326000.0,15.0,98000.0,554000.0
2670,HDIP001400,SKU-TEE-1027,1,339000.0,0.0,0.0,339000.0
2671,HDIP001400,SKU-TEE-1115,1,227000.0,0.0,0.0,227000.0
2672,HDIP001400,SKU-DKM-1061,1,205000.0,0.0,0.0,205000.0
2673,HDIP001400,SKU-DKM-1084,2,625000.0,0.0,0.0,1250000.0
2674,HDIP001401,SKU-TEE-1051,1,201000.0,0.0,0.0,201000.0
2675,HDIP001401,SKU-SWE-1101,1,757000.0,0.0,0.0,757000.0
2676,HDIP001402,SKU-SWE-1101,1,757000.0,0.0,0.0,757000.0
2677,HDIP001403,SKU-BAD-1018,1,494000.0,10.0,49000.0,445000.0
2678,HDIP001404,SKU-NOW-1099,1,356000.0,0.0,0.0,356000.0
2679,HDIP001405,SKU-NOW-1099,2,356000.0,10.0,71000.0,641000.0
2680,HDIP001406,SKU-SWE-1114,3,615000.0,10.0,184000.0,1661000.0
2681,HDIP001406,SKU-THE-1068,2,496000.0,0.0,0.0,992000.0
2682,HDIP001407,SKU-THE-1076,3,352000.0,5.0,53000.0,1003000.0
2683,HDIP001407,SKU-TSU-1071,1,610000.0,0.0,0.0,610000.0
2684,HDIP001407,SKU-DKM-1038,1,228000.0,10.0,23000.0,205000.0
2685,HDIP001407,SKU-BAD-1069,1,415000.0,0.0,0.0,415000.0
2686,HDIP001408,SKU-TEE-1107,1,179000.0,15.0,27000.0,152000.0
2687,HDIP001408,SKU-THE-1076,2,352000.0,0.0,0.0,704000.0
2688,HDIP001408,SKU-THE-1029,1,475000.0,10.0,48000.0,427000.0
2689,HDIP001408,SKU-BAD-1058,1,430000.0,0.0,0.0,430000.0
2690,HDIP001409,SKU-BAD-1058,1,430000.0,0.0,0.0,430000.0
2691,HDIP001409,SKU-TEE-1031,2,290000.0,0.0,0.0,580000.0
2692,HDIP001409,SKU-TEE-1051,1,201000.0,10.0,20000.0,181000.0
2693,HDIP001409,SKU-BAD-1001,2,447000.0,0.0,0.0,894000.0
2694,HDIP001410,SKU-NOW-1085,3,210000.0,0.0,0.0,630000.0
2695,HDIP001410,SKU-DIR-1007,1,631000.0,10.0,63000.0,568000.0
2696,HDIP001410,SKU-BAD-1064,1,515000.0,0.0,0.0,515000.0
2697,HDIP001411,SKU-NOW-1026,1,240000.0,0.0,0.0,240000.0
2698,HDIP001411,SKU-SWE-1002,1,401000.0,0.0,0.0,401000.0
2699,HDIP001412,SKU-DKM-1038,1,228000.0,5.0,11000.0,217000.0
2700,HDIP001413,SKU-DIR-1120,1,510000.0,10.0,51000.0,459000.0
2701,HDIP001414,SKU-TSU-1110,3,633000.0,0.0,0.0,1899000.0
2702,HDIP001414,SKU-DIR-1120,1,510000.0,0.0,0.0,510000.0
2703,HDIP001414,SKU-BAD-1001,3,447000.0,0.0,0.0,1341000.0
2704,HDIP001415,SKU-TEE-1062,1,326000.0,0.0,0.0,326000.0
2705,HDIP001415,SKU-COO-1086,1,365000.0,0.0,0.0,365000.0
2706,HDIP001416,SKU-DIR-1117,2,397000.0,0.0,0.0,794000.0
2707,HDIP001416,SKU-DKM-1080,3,498000.0,0.0,0.0,1494000.0
2708,HDIP001417,SKU-DIR-1119,1,693000.0,0.0,0.0,693000.0
2709,HDIP001417,SKU-BAD-1097,1,438000.0,5.0,22000.0,416000.0
2710,HDIP001418,SKU-NOW-1025,1,438000.0,5.0,22000.0,416000.0
2711,HDIP001419,SKU-DIR-1120,1,510000.0,5.0,26000.0,484000.0
2712,HDIP001419,SKU-DIR-1117,1,397000.0,15.0,60000.0,337000.0
2713,HDIP001419,SKU-NOW-1100,1,229000.0,0.0,0.0,229000.0
2714,HDIP001420,SKU-COO-1086,2,365000.0,15.0,110000.0,620000.0
2715,HDIP001421,SKU-SWE-1011,1,375000.0,10.0,38000.0,337000.0
2716,HDIP001421,SKU-BAD-1018,1,494000.0,0.0,0.0,494000.0
2717,HDIP001421,SKU-DIR-1108,1,400000.0,5.0,20000.0,380000.0
2718,HDIP001422,SKU-TEE-1005,2,133000.0,0.0,0.0,266000.0
2719,HDIP001422,SKU-SWE-1101,1,757000.0,10.0,76000.0,681000.0
2720,HDIP001423,SKU-COO-1086,2,365000.0,0.0,0.0,730000.0
2721,HDIP001423,SKU-BAD-1018,1,494000.0,5.0,25000.0,469000.0
2722,HDIP001423,SKU-BAD-1090,3,475000.0,10.0,142000.0,1283000.0
2723,HDIP001423,SKU-TSU-1034,1,385000.0,5.0,19000.0,366000.0
2724,HDIP001424,SKU-COO-1037,1,132000.0,15.0,20000.0,112000.0
2725,HDIP001425,SKU-THE-1013,3,387000.0,0.0,0.0,1161000.0
2726,HDIP001426,SKU-SWE-1011,1,375000.0,0.0,0.0,375000.0
2727,HDIP001426,SKU-TSU-1030,2,306000.0,10.0,61000.0,551000.0
2728,HDIP001427,SKU-NOW-1085,1,210000.0,0.0,0.0,210000.0
2729,HDIP001427,SKU-TEE-1039,1,301000.0,5.0,15000.0,286000.0
2730,HDIP001427,SKU-THE-1013,1,387000.0,0.0,0.0,387000.0
2731,HDIP001427,SKU-TEE-1115,1,227000.0,0.0,0.0,227000.0
2732,HDIP001428,SKU-TEE-1062,1,326000.0,0.0,0.0,326000.0
2733,HDIP001429,SKU-TSU-1072,1,352000.0,0.0,0.0,352000.0
2734,HDIP001429,SKU-TEE-1115,1,227000.0,0.0,0.0,227000.0
2735,HDIP001430,SKU-NOW-1094,1,308000.0,15.0,46000.0,262000.0
2736,HDIP001430,SKU-DKM-1091,3,657000.0,15.0,296000.0,1675000.0
2737,HDIP001431,SKU-NOW-1094,2,308000.0,5.0,31000.0,585000.0
2738,HDIP001431,SKU-NOW-1100,1,229000.0,0.0,0.0,229000.0
2739,HDIP001432,SKU-THE-1068,1,496000.0,0.0,0.0,496000.0
2740,HDIP001433,SKU-COO-1079,2,368000.0,0.0,0.0,736000.0
2741,HDIP001434,SKU-TSU-1015,1,292000.0,0.0,0.0,292000.0
2742,HDIP001435,SKU-THE-1075,1,503000.0,15.0,75000.0,428000.0
2743,HDIP001435,SKU-TEE-1016,1,220000.0,0.0,0.0,220000.0
2744,HDIP001435,SKU-COO-1086,1,365000.0,15.0,55000.0,310000.0
2745,HDIP001436,SKU-TSU-1015,1,292000.0,15.0,44000.0,248000.0
2746,HDIP001437,SKU-DIR-1044,1,443000.0,0.0,0.0,443000.0
2747,HDIP001438,SKU-THE-1053,1,675000.0,10.0,68000.0,607000.0
2748,HDIP001439,SKU-SWE-1019,1,423000.0,15.0,63000.0,360000.0
2749,HDIP001439,SKU-TEE-1027,2,339000.0,15.0,102000.0,576000.0
2750,HDIP001439,SKU-NOW-1050,1,245000.0,5.0,12000.0,233000.0
2751,HDIP001440,SKU-COO-1021,1,112000.0,0.0,0.0,112000.0
2752,HDIP001441,SKU-COO-1037,1,132000.0,0.0,0.0,132000.0
2753,HDIP001442,SKU-THE-1068,1,496000.0,0.0,0.0,496000.0
2754,HDIP001442,SKU-NOW-1009,1,277000.0,5.0,14000.0,263000.0
2755,HDIP001442,SKU-THE-1076,1,352000.0,0.0,0.0,352000.0
2756,HDIP001443,SKU-TEE-1116,1,270000.0,0.0,0.0,270000.0
2757,HDIP001444,SKU-DIR-1093,1,544000.0,0.0,0.0,544000.0
2758,HDIP001445,SKU-TEE-1003,1,244000.0,0.0,0.0,244000.0
2759,HDIP001445,SKU-NOW-1009,1,277000.0,0.0,0.0,277000.0
2760,HDIP001446,SKU-THE-1068,1,496000.0,0.0,0.0,496000.0
2761,HDIP001446,SKU-BAD-1001,1,447000.0,15.0,67000.0,380000.0
2762,HDIP001447,SKU-SWE-1024,1,753000.0,15.0,113000.0,640000.0
2763,HDIP001447,SKU-DIR-1014,1,715000.0,0.0,0.0,715000.0
2764,HDIP001448,SKU-NOW-1078,1,415000.0,0.0,0.0,415000.0
2765,HDIP001448,SKU-NOW-1073,1,216000.0,10.0,22000.0,194000.0
2766,HDIP001449,SKU-NOW-1098,1,393000.0,0.0,0.0,393000.0
2767,HDIP001450,SKU-DIR-1014,2,715000.0,0.0,0.0,1430000.0
2768,HDIP001450,SKU-NOW-1073,1,216000.0,0.0,0.0,216000.0
2769,HDIP001451,SKU-TSU-1071,1,610000.0,0.0,0.0,610000.0
2770,HDIP001452,SKU-COO-1033,1,281000.0,10.0,28000.0,253000.0
2771,HDIP001453,SKU-NOW-1012,1,355000.0,0.0,0.0,355000.0
2772,HDIP001453,SKU-DIR-1044,1,443000.0,0.0,0.0,443000.0
2773,HDIP001453,SKU-DIR-1119,1,693000.0,10.0,69000.0,624000.0
2774,HDIP001454,SKU-SWE-1070,1,718000.0,15.0,108000.0,610000.0
2775,HDIP001454,SKU-TEE-1022,1,252000.0,5.0,13000.0,239000.0
2776,HDIP001455,SKU-THE-1075,1,503000.0,10.0,50000.0,453000.0
2777,HDIP001456,SKU-BAD-1097,1,438000.0,15.0,66000.0,372000.0
2778,HDIP001456,SKU-BAD-1058,1,430000.0,15.0,64000.0,366000.0
2779,HDIP001456,SKU-TSU-1072,1,352000.0,15.0,53000.0,299000.0
2780,HDIP001456,SKU-BAD-1090,1,475000.0,0.0,0.0,475000.0
2781,HDIP001457,SKU-TEE-1027,1,339000.0,0.0,0.0,339000.0
2782,HDIP001458,SKU-TEE-1005,1,133000.0,15.0,20000.0,113000.0
2783,HDIP001458,SKU-TEE-1016,1,220000.0,15.0,33000.0,187000.0
2784,HDIP001459,SKU-COO-1021,1,112000.0,0.0,0.0,112000.0
2785,HDIP001459,SKU-DKM-1061,1,205000.0,0.0,0.0,205000.0
2786,HDIP001459,SKU-TEE-1049,1,226000.0,5.0,11000.0,215000.0
2787,HDIP001460,SKU-DIR-1054,1,349000.0,0.0,0.0,349000.0
2788,HDIP001461,SKU-COO-1021,1,112000.0,10.0,11000.0,101000.0
2789,HDIP001461,SKU-TEE-1107,1,179000.0,5.0,9000.0,170000.0
2790,HDIP001461,SKU-SWE-1077,1,418000.0,10.0,42000.0,376000.0
2791,HDIP001462,SKU-SWE-1103,1,683000.0,0.0,0.0,683000.0
2792,HDIP001462,SKU-NOW-1099,1,356000.0,10.0,36000.0,320000.0
2793,HDIP001462,SKU-TEE-1107,1,179000.0,0.0,0.0,179000.0
2794,HDIP001462,SKU-TEE-1003,2,244000.0,0.0,0.0,488000.0
2795,HDIP001463,SKU-TEE-1051,1,201000.0,15.0,30000.0,171000.0
2796,HDIP001463,SKU-DIR-1117,1,397000.0,0.0,0.0,397000.0
2797,HDIP001464,SKU-TEE-1031,1,290000.0,10.0,29000.0,261000.0
2798,HDIP001464,SKU-DIR-1117,1,397000.0,0.0,0.0,397000.0
2799,HDIP001464,SKU-DIR-1007,1,631000.0,10.0,63000.0,568000.0
2800,HDIP001465,SKU-DKM-1043,1,592000.0,0.0,0.0,592000.0
2801,HDIP001466,SKU-THE-1029,1,475000.0,0.0,0.0,475000.0
2802,HDIP001466,SKU-BAD-1090,1,475000.0,0.0,0.0,475000.0
2803,HDIP001466,SKU-DIR-1082,1,382000.0,15.0,57000.0,325000.0
2804,HDIP001467,SKU-TEE-1036,3,296000.0,0.0,0.0,888000.0
2805,HDIP001468,SKU-NOW-1089,2,313000.0,0.0,0.0,626000.0
2806,HDIP001468,SKU-DIR-1004,1,419000.0,0.0,0.0,419000.0
2807,HDIP001468,SKU-BAD-1111,1,611000.0,15.0,92000.0,519000.0
2808,HDIP001469,SKU-DIR-1104,1,605000.0,10.0,60000.0,545000.0
2809,HDIP001469,SKU-THE-1013,1,387000.0,0.0,0.0,387000.0
2810,HDIP001470,SKU-COO-1041,2,371000.0,15.0,111000.0,631000.0
2811,HDIP001470,SKU-TEE-1049,1,226000.0,0.0,0.0,226000.0
2812,HDIP001470,SKU-BAD-1087,1,731000.0,0.0,0.0,731000.0
2813,HDIP001470,SKU-TSU-1015,1,292000.0,0.0,0.0,292000.0
2814,HDIP001470,SKU-DKM-1102,1,454000.0,10.0,45000.0,409000.0
2815,HDIP001471,SKU-DIR-1106,1,353000.0,10.0,35000.0,318000.0
2816,HDIP001472,SKU-COO-1056,1,275000.0,0.0,0.0,275000.0
2817,HDIP001473,SKU-TEE-1049,1,226000.0,0.0,0.0,226000.0
2818,HDIP001473,SKU-DKM-1045,1,524000.0,0.0,0.0,524000.0
2819,HDIP001473,SKU-DIR-1082,1,382000.0,5.0,19000.0,363000.0
2820,HDIP001474,SKU-DIR-1035,1,555000.0,0.0,0.0,555000.0
2821,HDIP001475,SKU-SWE-1101,1,757000.0,10.0,76000.0,681000.0
2822,HDIP001475,SKU-BAD-1074,1,487000.0,15.0,73000.0,414000.0
2823,HDIP001475,SKU-TEE-1049,1,226000.0,5.0,11000.0,215000.0
2824,HDIP001476,SKU-SWE-1101,1,757000.0,15.0,114000.0,643000.0
2825,HDIP001476,SKU-TEE-1003,3,244000.0,10.0,73000.0,659000.0
2826,HDIP001477,SKU-DIR-1119,1,693000.0,10.0,69000.0,624000.0
2827,HDIP001477,SKU-TEE-1016,1,220000.0,10.0,22000.0,198000.0
2828,HDIP001477,SKU-BAD-1111,2,611000.0,15.0,183000.0,1039000.0
2829,HDIP001478,SKU-DKM-1061,2,205000.0,0.0,0.0,410000.0
2830,HDIP001478,SKU-BAD-1064,1,515000.0,5.0,26000.0,489000.0
2831,HDIP001479,SKU-TEE-1020,1,190000.0,0.0,0.0,190000.0
2832,HDIP001480,SKU-COO-1083,1,284000.0,0.0,0.0,284000.0
2833,HDIP001480,SKU-COO-1086,1,365000.0,0.0,0.0,365000.0
2834,HDIP001481,SKU-DIR-1093,2,544000.0,5.0,54000.0,1034000.0
2835,HDIP001482,SKU-DIR-1006,1,416000.0,15.0,62000.0,354000.0
2836,HDIP001482,SKU-DIR-1106,1,353000.0,0.0,0.0,353000.0
2837,HDIP001483,SKU-TSU-1030,1,306000.0,0.0,0.0,306000.0
2838,HDIP001484,SKU-BAD-1111,2,611000.0,0.0,0.0,1222000.0
2839,HDIP001485,SKU-TEE-1036,2,296000.0,10.0,59000.0,533000.0
2840,HDIP001486,SKU-TSU-1048,1,485000.0,10.0,48000.0,437000.0
2841,HDIP001486,SKU-TEE-1031,1,290000.0,0.0,0.0,290000.0
2842,HDIP001487,SKU-DIR-1044,1,443000.0,15.0,66000.0,377000.0
2843,HDIP001487,SKU-TEE-1005,1,133000.0,0.0,0.0,133000.0
2844,HDIP001488,SKU-DIR-1106,1,353000.0,10.0,35000.0,318000.0
2845,HDIP001488,SKU-SWE-1046,1,566000.0,15.0,85000.0,481000.0
2846,HDIP001488,SKU-NOW-1025,1,438000.0,15.0,66000.0,372000.0
2847,HDIP001488,SKU-TEE-1107,1,179000.0,0.0,0.0,179000.0
2848,HDIP001489,SKU-DIR-1093,1,544000.0,10.0,54000.0,490000.0
2849,HDIP001489,SKU-DIR-1113,1,595000.0,0.0,0.0,595000.0
2850,HDIP001490,SKU-BAD-1018,1,494000.0,0.0,0.0,494000.0
2851,HDIP001490,SKU-NOW-1052,1,425000.0,5.0,21000.0,404000.0
2852,HDIP001491,SKU-SWE-1042,1,535000.0,10.0,54000.0,481000.0
2853,HDIP001491,SKU-NOW-1050,2,245000.0,10.0,49000.0,441000.0
2854,HDIP001491,SKU-THE-1013,1,387000.0,10.0,39000.0,348000.0
2855,HDIP001492,SKU-DIR-1104,1,605000.0,5.0,30000.0,575000.0
2856,HDIP001492,SKU-DIR-1004,1,419000.0,0.0,0.0,419000.0
2857,HDIP001492,SKU-THE-1076,2,352000.0,10.0,70000.0,634000.0
2858,HDIP001493,SKU-BAD-1090,1,475000.0,0.0,0.0,475000.0
2859,HDIP001493,SKU-BAD-1064,2,515000.0,10.0,103000.0,927000.0
2860,HDIP001494,SKU-TEE-1088,1,274000.0,0.0,0.0,274000.0
2861,HDIP001494,SKU-DIR-1028,1,536000.0,0.0,0.0,536000.0
2862,HDIP001494,SKU-TEE-1051,1,201000.0,10.0,20000.0,181000.0
2863,HDIP001495,SKU-DKM-1038,1,228000.0,5.0,11000.0,217000.0
2864,HDIP001496,SKU-THE-1053,2,675000.0,0.0,0.0,1350000.0
2865,HDIP001496,SKU-NOW-1025,2,438000.0,10.0,88000.0,788000.0
2866,HDIP001496,SKU-TEE-1022,1,252000.0,0.0,0.0,252000.0
2867,HDIP001497,SKU-TEE-1010,1,240000.0,0.0,0.0,240000.0
2868,HDIP001498,SKU-DIR-1006,1,416000.0,0.0,0.0,416000.0
2869,HDIP001498,SKU-TEE-1107,1,179000.0,5.0,9000.0,170000.0
2870,HDIP001498,SKU-DIR-1047,1,320000.0,15.0,48000.0,272000.0
2871,HDIP001498,SKU-NOW-1081,1,420000.0,15.0,63000.0,357000.0
2872,HDIP001499,SKU-TEE-1003,2,244000.0,0.0,0.0,488000.0
2873,HDIP001499,SKU-DIR-1006,1,416000.0,0.0,0.0,416000.0
2874,HDIP001499,SKU-NOW-1025,1,438000.0,5.0,22000.0,416000.0
2875,HDIP001500,SKU-TEE-1059,1,177000.0,15.0,27000.0,150000.0
